plato_id,nombre_plato,categoria_plato,precio,popularidad,rating,restaurante_id,nombre_restaurante,categoria_rest,latitud,longitud,year,month,day,weekday,es_favorito,lunes_apertura_min,lunes_cierre_min,martes_apertura_min,martes_cierre_min,miércoles_apertura_min,miércoles_cierre_min,jueves_apertura_min,jueves_cierre_min,viernes_apertura_min,viernes_cierre_min,sábado_apertura_min,sábado_cierre_min,domingo_apertura_min,domingo_cierre_min,telefono
complementary_plate_saludable_1,Wrap de Vegetales del Chef,Saludable,16000,81,4.1,rest_saludable_14,Green & Co,Saludable,5.6349816,-73.5082962,2024,6,12,2,0,480,1320,480,1320,480,1320,480,1320,480,1320,423,1325,451,1318,3282944626
complementary_plate_saludable_2,Sushi Saludable,Saludable,10500,81,4.1,rest_saludable_18,Vida Sana,Saludable,5.6580286,-73.503684,2024,4,12,4,1,480,1320,480,1320,480,1320,480,1320,480,1320,431,1317,449,1354,
complementary_plate_saludable_3,Wrap de Vegetales,Saludable,12000,69,3.9,rest_saludable_5,Organic Bowl,Saludable,5.6492798,-73.5022519,2025,4,28,0,0,720,1380,720,1380,720,1380,720,1380,720,1380,717,1425,695,1350,
complementary_plate_saludable_4,Bowl Poké del Chef,Saludable,8500,78,3.9,rest_saludable_15,Organic Bowl,Saludable,5.6439463,-73.5015946,2025,12,24,2,0,420,1380,420,1380,420,1380,420,1380,420,1380,373,1361,408,1362,3931941985
complementary_plate_saludable_5,Sushi Saludable Clásico,Saludable,13000,89,4.1,rest_saludable_3,Vida Sana,Saludable,5.6262407,-73.5191416,2024,2,16,4,0,600,120,600,120,600,120,600,120,600,120,550,160,577,170,3951739920
complementary_plate_saludable_6,Bowl de Quinoa,Saludable,19500,77,4.1,rest_saludable_12,Healthy Bites,Saludable,5.6262398,-73.5009077,2024,4,27,5,0,720,1380,720,1380,720,1380,720,1380,720,1380,758,1387,670,1379,3723654698
complementary_plate_saludable_7,Buddha Bowl Especial,Saludable,11500,78,4.7,rest_saludable_8,Vida Sana,Saludable,5.6223233,-73.5097076,2024,8,9,4,0,420,1380,420,1380,420,1380,420,1380,420,1380,405,1376,445,1384,3192168436
complementary_plate_saludable_8,Buddha Bowl,Saludable,14000,81,3.7,rest_saludable_8,Organic Bowl,Saludable,5.654647,-73.5335331,2025,12,11,3,0,600,120,600,120,600,120,600,120,600,120,588,124,658,171,
complementary_plate_saludable_9,Sushi Saludable Clásico,Saludable,16500,73,3.8,rest_saludable_16,Vida Sana,Saludable,5.6440446,-73.520924,2024,4,6,5,1,420,1380,420,1380,420,1380,420,1380,420,1380,411,1384,368,1377,
complementary_plate_saludable_10,Buddha Bowl,Saludable,8000,70,3.7,rest_saludable_14,Organic Bowl,Saludable,5.6483229,-73.5112668,2024,6,18,1,1,600,120,600,120,600,120,600,120,600,120,558,123,557,121,
complementary_plate_saludable_11,Bowl de Quinoa Especial,Saludable,13500,85,4.0,rest_saludable_6,Vida Sana,Saludable,5.6208234,-73.5301064,2024,5,5,6,1,420,1380,420,1380,420,1380,420,1380,420,1380,388,1367,425,1413,3794373516
complementary_plate_saludable_12,Carpaccio de Atún,Saludable,16000,84,4.2,rest_saludable_4,Green & Co,Saludable,5.6587964,-73.5143754,2024,3,12,1,0,480,1320,480,1320,480,1320,480,1320,480,1320,469,1338,496,1349,
complementary_plate_saludable_13,Plato Vegano,Saludable,11500,85,4.5,rest_saludable_6,Organic Bowl,Saludable,5.6532977,-73.513336,2024,9,12,3,0,420,1380,420,1380,420,1380,420,1380,420,1380,374,1387,415,1370,
complementary_plate_saludable_14,Smoothie Bowl,Saludable,16000,88,4.9,rest_saludable_17,Vida Sana,Saludable,5.6284936,-73.533492,2024,8,3,5,0,420,1380,420,1380,420,1380,420,1380,420,1380,467,1431,424,1427,3357697763
complementary_plate_saludable_15,Salmón a la Plancha,Saludable,15500,78,4.7,rest_saludable_3,Vida Sana,Saludable,5.627273,-73.5173966,2024,7,6,5,0,420,1380,420,1380,420,1380,420,1380,420,1380,422,1352,374,1396,3703937600
complementary_plate_saludable_16,Wrap de Vegetales,Saludable,20000,69,4.8,rest_saludable_6,Healthy Bites,Saludable,5.6273362,-73.5091349,2024,7,24,2,0,600,120,600,120,600,120,600,120,600,120,644,98,637,158,3994361002
complementary_plate_saludable_17,Smoothie Bowl de la Casa,Saludable,10500,85,4.2,rest_saludable_17,Organic Bowl,Saludable,5.6321697,-73.5200442,2024,11,15,4,1,600,120,600,120,600,120,600,120,600,120,567,159,636,178,3815543590
complementary_plate_saludable_18,Ensalada César,Saludable,11000,76,3.8,rest_saludable_8,Vida Sana,Saludable,5.6409903,-73.5395159,2024,6,14,4,0,480,1320,480,1320,480,1320,480,1320,480,1320,451,1318,428,1333,3234642256
complementary_plate_saludable_19,Bowl de Quinoa Clásico,Saludable,9500,77,4.1,rest_saludable_8,Green & Co,Saludable,5.6372778,-73.5396385,2024,8,29,3,0,480,1320,480,1320,480,1320,480,1320,480,1320,510,1370,427,1319,3798790074
complementary_plate_saludable_20,Sushi Saludable,Saludable,11000,80,4.4,rest_saludable_7,Healthy Bites,Saludable,5.6316492,-73.5257188,2024,12,17,1,0,600,120,600,120,600,120,600,120,600,120,567,159,556,163,3379539287
complementary_plate_saludable_21,Ensalada Gourmet,Saludable,11000,70,3.9,rest_saludable_4,Green & Co,Saludable,5.6444741,-73.5029522,2024,3,19,1,0,480,1320,480,1320,480,1320,480,1320,480,1320,504,1345,465,1344,
complementary_plate_saludable_22,Smoothie Bowl,Saludable,13500,78,3.7,rest_saludable_14,Healthy Bites,Saludable,5.6255798,-73.5308529,2025,9,16,1,0,600,120,600,120,600,120,600,120,600,120,633,133,642,103,3192886869
complementary_plate_saludable_23,Plato Vegano del Chef,Saludable,20000,59,4.3,rest_saludable_18,Green & Co,Saludable,5.6316858,-73.5146255,2025,12,17,2,0,420,1380,420,1380,420,1380,420,1380,420,1380,419,1381,471,1359,3551860572
complementary_plate_saludable_24,Plato Vegano,Saludable,9500,72,3.7,rest_saludable_6,Healthy Bites,Saludable,5.6346545,-73.531117,2025,12,8,0,1,480,1320,480,1320,480,1320,480,1320,480,1320,538,1320,441,1342,3542657835
complementary_plate_saludable_25,Salmón a la Plancha,Saludable,12500,82,4.1,rest_saludable_7,Healthy Bites,Saludable,5.6382428,-73.5271332,2025,9,1,0,0,480,1320,480,1320,480,1320,480,1320,480,1320,469,1323,538,1348,3151982472
complementary_plate_saludable_26,Ensalada César Especial,Saludable,15500,84,3.5,rest_saludable_16,Green & Co,Saludable,5.651407,-73.5060783,2024,6,18,1,0,720,1380,720,1380,720,1380,720,1380,720,1380,667,1424,754,1419,
complementary_plate_saludable_27,Bowl de Quinoa,Saludable,8000,88,4.2,rest_saludable_4,Vida Sana,Saludable,5.627987,-73.5108455,2024,12,20,4,0,480,1320,480,1320,480,1320,480,1320,480,1320,485,1300,528,1313,3138819913
complementary_plate_saludable_28,Sushi Saludable,Saludable,13500,78,4.4,rest_saludable_7,Organic Bowl,Saludable,5.6405694,-73.536184,2025,5,15,3,0,480,1320,480,1320,480,1320,480,1320,480,1320,499,1300,473,1374,3247836451
complementary_plate_saludable_29,Plato Orgánico,Saludable,15500,85,5.0,rest_saludable_1,Organic Bowl,Saludable,5.6436966,-73.5228519,2025,11,24,0,1,720,1380,720,1380,720,1380,720,1380,720,1380,693,1400,676,1435,3559687524
complementary_plate_saludable_30,Salmón a la Plancha,Saludable,11000,81,4.6,rest_saludable_8,Organic Bowl,Saludable,5.621858,-73.5388332,2025,11,28,4,0,480,1320,480,1320,480,1320,480,1320,480,1320,429,1358,447,1354,3645398747
complementary_plate_saludable_31,Buddha Bowl,Saludable,16500,95,5.0,rest_saludable_18,Green & Co,Saludable,5.6443018,-73.5207644,2024,3,25,0,0,420,1380,420,1380,420,1380,420,1380,420,1380,380,1406,466,1419,
complementary_plate_saludable_32,Bowl de Quinoa Premium,Saludable,20000,54,4.2,rest_saludable_20,Organic Bowl,Saludable,5.626821,-73.5135026,2025,4,24,3,0,480,1320,480,1320,480,1320,480,1320,480,1320,540,1307,453,1304,3323296667
complementary_plate_saludable_33,Carpaccio de Atún,Saludable,14000,88,4.0,rest_saludable_14,Green & Co,Saludable,5.6226021,-73.5352599,2025,11,4,1,0,420,1380,420,1380,420,1380,420,1380,420,1380,386,1437,441,1383,3335162878
complementary_plate_saludable_34,Plato Orgánico Premium,Saludable,13500,81,4.5,rest_saludable_14,Healthy Bites,Saludable,5.6579554,-73.5284446,2024,7,22,0,0,480,1320,480,1320,480,1320,480,1320,480,1320,420,1332,518,1306,
complementary_plate_saludable_35,Carpaccio de Atún,Saludable,11000,79,4.0,rest_saludable_18,Organic Bowl,Saludable,5.6586253,-73.5240865,2024,6,20,3,0,480,1320,480,1320,480,1320,480,1320,480,1320,429,1378,535,1309,
complementary_plate_saludable_36,Ensalada César Premium,Saludable,15000,95,4.9,rest_saludable_4,Vida Sana,Saludable,5.6523359,-73.5032188,2024,3,26,1,0,600,120,600,120,600,120,600,120,600,120,556,95,579,136,
complementary_plate_saludable_37,Wrap de Vegetales Premium,Saludable,9000,80,4.8,rest_saludable_6,Healthy Bites,Saludable,5.6321846,-73.5002698,2026,1,12,0,0,600,120,600,120,600,120,600,120,600,120,619,109,658,120,3407820283
complementary_plate_saludable_38,Salmón a la Plancha,Saludable,13000,77,4.7,rest_saludable_2,Green & Co,Saludable,5.6239069,-73.5382035,2025,1,11,5,1,600,120,600,120,600,120,600,120,600,120,642,175,650,121,3864023655
complementary_plate_saludable_39,Smoothie Bowl,Saludable,15500,85,3.8,rest_saludable_11,Vida Sana,Saludable,5.6473693,-73.5095597,2024,12,25,2,0,720,1380,720,1380,720,1380,720,1380,720,1380,685,1408,704,1389,
complementary_plate_saludable_40,Carpaccio de Atún,Saludable,19000,87,4.9,rest_saludable_4,Organic Bowl,Saludable,5.6376061,-73.525131,2026,1,9,4,0,480,1320,480,1320,480,1320,480,1320,480,1320,518,1325,464,1372,3163065654
complementary_plate_saludable_41,Sushi Saludable,Saludable,9500,79,4.2,rest_saludable_20,Organic Bowl,Saludable,5.6248815,-73.5243017,2024,11,17,6,0,720,1380,720,1380,720,1380,720,1380,720,1380,734,1383,664,1363,3350291119
complementary_plate_saludable_42,Ensalada César Especial,Saludable,11000,91,4.3,rest_saludable_14,Vida Sana,Saludable,5.6398071,-73.5098294,2025,1,30,3,0,600,120,600,120,600,120,600,120,600,120,655,163,564,122,3509736794
complementary_plate_saludable_43,Buddha Bowl del Chef,Saludable,15500,90,4.2,rest_saludable_14,Organic Bowl,Saludable,5.6213755,-73.5032629,2024,3,26,1,0,420,1380,420,1380,420,1380,420,1380,420,1380,439,1390,444,1365,3116411413
complementary_plate_saludable_44,Smoothie Bowl,Saludable,14000,93,4.9,rest_saludable_6,Healthy Bites,Saludable,5.6563728,-73.5019629,2024,3,15,4,0,600,120,600,120,600,120,600,120,600,120,629,127,610,106,
complementary_plate_saludable_45,Smoothie Bowl,Saludable,10500,79,4.7,rest_saludable_15,Organic Bowl,Saludable,5.6303512,-73.5169151,2024,10,18,4,1,600,120,600,120,600,120,600,120,600,120,610,90,578,126,3225283192
complementary_plate_saludable_46,Plato Orgánico,Saludable,14000,86,4.3,rest_saludable_8,Organic Bowl,Saludable,5.6465009,-73.5257152,2025,11,3,0,0,720,1380,720,1380,720,1380,720,1380,720,1380,725,1410,761,1371,
complementary_plate_saludable_47,Ensalada César,Saludable,16000,74,4.2,rest_saludable_3,Healthy Bites,Saludable,5.6324684,-73.508498,2024,5,22,2,1,720,1380,720,1380,720,1380,720,1380,720,1380,763,1375,678,1353,3721236075
complementary_plate_saludable_48,Buddha Bowl,Saludable,10500,69,3.9,rest_saludable_8,Healthy Bites,Saludable,5.6408027,-73.5299599,2024,12,24,1,0,600,120,600,120,600,120,600,120,600,120,653,170,613,114,3797648780
complementary_plate_saludable_49,Smoothie Bowl,Saludable,17500,74,4.2,rest_saludable_18,Healthy Bites,Saludable,5.6418684,-73.517437,2025,12,17,2,0,480,1320,480,1320,480,1320,480,1320,480,1320,534,1303,519,1344,3101901740
complementary_plate_saludable_50,Plato Orgánico,Saludable,14000,67,3.6,rest_saludable_20,Organic Bowl,Saludable,5.6273942,-73.5256569,2024,11,10,6,1,480,1320,480,1320,480,1320,480,1320,480,1320,478,1307,522,1349,3608964873
complementary_plate_saludable_51,Plato Vegano,Saludable,16000,74,3.8,rest_saludable_9,Vida Sana,Saludable,5.6587834,-73.5137348,2024,4,25,3,1,600,120,600,120,600,120,600,120,600,120,654,110,635,150,
complementary_plate_saludable_52,Smoothie Bowl,Saludable,15500,85,4.3,rest_saludable_3,Organic Bowl,Saludable,5.6510053,-73.530384,2024,8,2,4,0,720,1380,720,1380,720,1380,720,1380,720,1380,695,1406,669,1386,
complementary_plate_saludable_53,Buddha Bowl,Saludable,10000,81,4.4,rest_saludable_11,Healthy Bites,Saludable,5.65758,-73.5323363,2024,12,16,0,1,720,1380,720,1380,720,1380,720,1380,720,1380,689,1399,748,1369,
complementary_plate_saludable_54,Ensalada Gourmet del Chef,Saludable,12500,77,4.6,rest_saludable_13,Green & Co,Saludable,5.6557931,-73.5032704,2024,6,27,3,1,600,120,600,120,600,120,600,120,600,120,547,116,646,143,
complementary_plate_saludable_55,Ensalada Gourmet,Saludable,14000,85,3.9,rest_saludable_8,Vida Sana,Saludable,5.643916,-73.5359279,2024,9,25,2,0,480,1320,480,1320,480,1320,480,1320,480,1320,540,1335,458,1339,3828130202
complementary_plate_saludable_56,Plato Orgánico,Saludable,10500,70,4.0,rest_saludable_15,Healthy Bites,Saludable,5.656875,-73.5197617,2025,8,21,3,0,600,120,600,120,600,120,600,120,600,120,602,93,589,133,
complementary_plate_saludable_57,Plato Orgánico,Saludable,14000,80,4.5,rest_saludable_15,Healthy Bites,Saludable,5.6235397,-73.5311659,2025,9,21,6,0,480,1320,480,1320,480,1320,480,1320,480,1320,536,1340,495,1362,3292892575
complementary_plate_saludable_58,Plato Vegano,Saludable,20000,74,4.5,rest_saludable_14,Healthy Bites,Saludable,5.6278393,-73.5384428,2025,4,28,0,0,480,1320,480,1320,480,1320,480,1320,480,1320,453,1338,461,1317,3154633048
complementary_plate_saludable_59,Ensalada César Clásico,Saludable,9500,66,3.2,rest_saludable_3,Vida Sana,Saludable,5.6218091,-73.5385592,2024,4,12,4,0,480,1320,480,1320,480,1320,480,1320,480,1320,480,1292,515,1359,3147278684
complementary_plate_saludable_60,Sushi Saludable,Saludable,20000,49,3.9,rest_saludable_4,Vida Sana,Saludable,5.6330132,-73.5329911,2024,10,10,3,0,480,1320,480,1320,480,1320,480,1320,480,1320,451,1315,527,1292,3622800880
complementary_plate_saludable_61,Wrap de Vegetales,Saludable,15500,79,3.4,rest_saludable_10,Green & Co,Saludable,5.6355471,-73.5053292,2025,8,23,5,0,600,120,600,120,600,120,600,120,600,120,629,122,638,137,3681726018
complementary_plate_saludable_62,Ensalada Gourmet,Saludable,15000,84,5.0,rest_saludable_19,Vida Sana,Saludable,5.630854,-73.5287009,2025,11,21,4,0,480,1320,480,1320,480,1320,480,1320,480,1320,538,1329,493,1376,3711853267
complementary_plate_saludable_63,Sushi Saludable del Chef,Saludable,11000,70,3.6,rest_saludable_18,Green & Co,Saludable,5.6531495,-73.5019816,2025,2,16,6,1,480,1320,480,1320,480,1320,480,1320,480,1320,509,1328,528,1377,
complementary_plate_saludable_64,Ensalada César de la Casa,Saludable,17500,78,4.5,rest_saludable_12,Green & Co,Saludable,5.6342701,-73.5167351,2024,11,20,2,1,420,1380,420,1380,420,1380,420,1380,420,1380,368,1414,442,1393,3118317940
complementary_plate_saludable_65,Plato Orgánico,Saludable,20000,49,3.5,rest_saludable_14,Healthy Bites,Saludable,5.6312374,-73.5225354,2024,10,18,4,0,720,1380,720,1380,720,1380,720,1380,720,1380,715,1372,753,1416,3240093021
complementary_plate_saludable_66,Salmón a la Plancha Premium,Saludable,20000,64,4.2,rest_saludable_20,Healthy Bites,Saludable,5.6417078,-73.5167964,2024,7,3,2,1,420,1380,420,1380,420,1380,420,1380,420,1380,469,1381,466,1361,3823386018
complementary_plate_saludable_67,Wrap de Vegetales,Saludable,13000,91,4.2,rest_saludable_11,Organic Bowl,Saludable,5.625637,-73.5193321,2025,5,18,6,0,420,1380,420,1380,420,1380,420,1380,420,1380,363,1413,468,1391,3347832162
complementary_plate_saludable_68,Bowl de Quinoa,Saludable,11500,98,5.0,rest_saludable_18,Healthy Bites,Saludable,5.6520879,-73.5096489,2024,9,24,1,0,420,1380,420,1380,420,1380,420,1380,420,1380,431,1351,426,1374,
complementary_plate_saludable_69,Bowl de Quinoa,Saludable,16500,87,4.7,rest_saludable_8,Healthy Bites,Saludable,5.622982,-73.5287002,2024,2,29,3,0,600,120,600,120,600,120,600,120,600,120,622,152,597,92,3934792806
complementary_plate_saludable_70,Ensalada Gourmet del Chef,Saludable,15000,85,3.9,rest_saludable_15,Organic Bowl,Saludable,5.6594755,-73.525878,2025,2,11,1,0,420,1380,420,1380,420,1380,420,1380,420,1380,420,1420,427,1394,
complementary_plate_saludable_71,Bowl Poké,Saludable,10000,96,4.8,rest_saludable_7,Vida Sana,Saludable,5.6508898,-73.5042362,2025,7,25,4,1,420,1380,420,1380,420,1380,420,1380,420,1380,392,1379,375,1374,
complementary_plate_saludable_72,Sushi Saludable,Saludable,18500,82,4.9,rest_saludable_10,Green & Co,Saludable,5.6279486,-73.5021417,2025,7,23,2,0,420,1380,420,1380,420,1380,420,1380,420,1380,452,1425,457,1417,3560081869
complementary_plate_saludable_73,Carpaccio de Atún,Saludable,8000,81,4.9,rest_saludable_18,Green & Co,Saludable,5.6202209,-73.5042977,2025,12,13,5,0,420,1380,420,1380,420,1380,420,1380,420,1380,382,1388,361,1440,3624155920
complementary_plate_saludable_74,Sushi Saludable,Saludable,20000,53,3.9,rest_saludable_11,Healthy Bites,Saludable,5.6526185,-73.5232221,2024,11,12,1,0,720,1380,720,1380,720,1380,720,1380,720,1380,741,1412,673,1351,
complementary_plate_saludable_75,Ensalada Gourmet,Saludable,11000,92,4.6,rest_saludable_5,Green & Co,Saludable,5.6482743,-73.5087854,2025,9,4,3,0,480,1320,480,1320,480,1320,480,1320,480,1320,452,1351,434,1298,
complementary_plate_saludable_76,Sushi Saludable,Saludable,9000,86,3.8,rest_saludable_13,Vida Sana,Saludable,5.6491603,-73.5209466,2024,8,20,1,1,480,1320,480,1320,480,1320,480,1320,480,1320,451,1305,491,1343,
complementary_plate_saludable_77,Sushi Saludable,Saludable,15500,90,4.1,rest_saludable_7,Green & Co,Saludable,5.6508508,-73.5200984,2025,7,9,2,0,600,120,600,120,600,120,600,120,600,120,578,165,594,129,
complementary_plate_saludable_78,Bowl de Quinoa,Saludable,8000,89,4.0,rest_saludable_20,Healthy Bites,Saludable,5.6229618,-73.5318128,2024,11,2,5,1,480,1320,480,1320,480,1320,480,1320,480,1320,440,1320,442,1360,3417145780
complementary_plate_saludable_79,Salmón a la Plancha de la Casa,Saludable,17000,87,4.5,rest_saludable_8,Green & Co,Saludable,5.6343386,-73.5163548,2024,3,5,1,0,420,1380,420,1380,420,1380,420,1380,420,1380,364,1379,396,1440,3566340954
complementary_plate_saludable_80,Plato Orgánico,Saludable,15500,90,5.0,rest_saludable_3,Organic Bowl,Saludable,5.6246348,-73.5325546,2025,9,14,6,0,720,1380,720,1380,720,1380,720,1380,720,1380,714,1364,729,1378,3811263313
complementary_plate_saludable_81,Salmón a la Plancha,Saludable,17000,84,4.9,rest_saludable_10,Healthy Bites,Saludable,5.6545241,-73.5267374,2024,3,3,6,1,720,1380,720,1380,720,1380,720,1380,720,1380,761,1389,736,1422,
complementary_plate_saludable_82,Bowl de Quinoa,Saludable,12000,77,4.3,rest_saludable_20,Healthy Bites,Saludable,5.6449319,-73.5057988,2025,3,13,3,0,420,1380,420,1380,420,1380,420,1380,420,1380,424,1419,423,1406,
complementary_plate_saludable_83,Sushi Saludable Clásico,Saludable,15500,83,4.1,rest_saludable_16,Green & Co,Saludable,5.6332359,-73.531717,2025,8,11,0,1,480,1320,480,1320,480,1320,480,1320,480,1320,431,1319,506,1363,3753850368
complementary_plate_saludable_84,Plato Vegano de la Casa,Saludable,8000,98,5.0,rest_saludable_11,Organic Bowl,Saludable,5.6225423,-73.5371537,2024,12,15,6,0,420,1380,420,1380,420,1380,420,1380,420,1380,383,1424,415,1431,3922885433
complementary_plate_saludable_85,Buddha Bowl,Saludable,14000,90,4.1,rest_saludable_2,Healthy Bites,Saludable,5.6324393,-73.5372397,2024,7,23,1,1,480,1320,480,1320,480,1320,480,1320,480,1320,529,1310,462,1342,3646988185
complementary_plate_saludable_86,Ensalada Gourmet Especial,Saludable,20000,68,4.6,rest_saludable_2,Healthy Bites,Saludable,5.6330073,-73.5023686,2024,12,10,1,0,480,1320,480,1320,480,1320,480,1320,480,1320,460,1322,461,1304,3822581356
complementary_plate_saludable_87,Ensalada César,Saludable,11000,72,4.2,rest_saludable_15,Vida Sana,Saludable,5.6491842,-73.5197232,2025,4,18,4,1,420,1380,420,1380,420,1380,420,1380,420,1380,439,1413,440,1406,
complementary_plate_saludable_88,Buddha Bowl,Saludable,15000,76,4.2,rest_saludable_14,Green & Co,Saludable,5.6455023,-73.5236235,2024,7,21,6,0,480,1320,480,1320,480,1320,480,1320,480,1320,423,1370,497,1320,
complementary_plate_saludable_89,Plato Orgánico de la Casa,Saludable,11500,67,3.7,rest_saludable_9,Organic Bowl,Saludable,5.6554885,-73.5075649,2024,9,3,1,1,720,1380,720,1380,720,1380,720,1380,720,1380,767,1364,719,1365,
complementary_plate_saludable_90,Wrap de Vegetales,Saludable,13500,84,4.7,rest_saludable_9,Vida Sana,Saludable,5.6388886,-73.506567,2025,11,27,3,1,600,120,600,120,600,120,600,120,600,120,600,121,598,160,3485757498
complementary_plate_saludable_91,Salmón a la Plancha del Chef,Saludable,9500,73,3.9,rest_saludable_15,Healthy Bites,Saludable,5.6247838,-73.5267124,2025,9,7,6,1,420,1380,420,1380,420,1380,420,1380,420,1380,479,1414,394,1350,3107611432
complementary_plate_saludable_92,Ensalada Gourmet,Saludable,15500,80,5.0,rest_saludable_8,Organic Bowl,Saludable,5.6485298,-73.5122553,2025,7,28,0,1,420,1380,420,1380,420,1380,420,1380,420,1380,402,1420,457,1419,
complementary_plate_saludable_93,Buddha Bowl,Saludable,11500,72,4.0,rest_saludable_5,Healthy Bites,Saludable,5.6504314,-73.5091551,2025,1,7,1,1,720,1380,720,1380,720,1380,720,1380,720,1380,769,1402,665,1390,
complementary_plate_saludable_94,Bowl de Quinoa de la Casa,Saludable,17500,80,4.9,rest_saludable_15,Green & Co,Saludable,5.6424511,-73.513814,2024,8,17,5,0,480,1320,480,1320,480,1320,480,1320,480,1320,436,1354,495,1332,3986138048
complementary_plate_saludable_95,Plato Vegano Clásico,Saludable,9500,73,4.3,rest_saludable_13,Organic Bowl,Saludable,5.6508387,-73.5339362,2024,5,9,3,0,720,1380,720,1380,720,1380,720,1380,720,1380,712,1433,679,1359,
complementary_plate_saludable_96,Ensalada Gourmet de la Casa,Saludable,11500,95,4.9,rest_saludable_3,Green & Co,Saludable,5.6397518,-73.5049647,2024,5,15,2,0,420,1380,420,1380,420,1380,420,1380,420,1380,469,1436,469,1418,3736419349
complementary_plate_saludable_97,Plato Orgánico Especial,Saludable,8500,84,3.9,rest_saludable_10,Healthy Bites,Saludable,5.6409093,-73.5184362,2025,8,20,2,0,420,1380,420,1380,420,1380,420,1380,420,1380,389,1361,415,1362,3601524833
complementary_plate_saludable_98,Bowl Poké,Saludable,20000,55,4.3,rest_saludable_14,Vida Sana,Saludable,5.6371016,-73.5287011,2024,8,12,0,0,480,1320,480,1320,480,1320,480,1320,480,1320,461,1297,457,1335,3871161079
complementary_plate_saludable_99,Sushi Saludable,Saludable,12500,77,3.4,rest_saludable_5,Healthy Bites,Saludable,5.6210168,-73.5229909,2024,6,19,2,0,720,1380,720,1380,720,1380,720,1380,720,1380,682,1360,738,1398,3239495148
complementary_plate_saludable_100,Plato Orgánico,Saludable,15500,78,4.1,rest_saludable_18,Healthy Bites,Saludable,5.6243157,-73.5384972,2025,4,18,4,0,600,120,600,120,600,120,600,120,600,120,621,122,598,122,3960965596
complementary_plate_saludable_1,Plato Orgánico Clásico,Saludable,38500,49,3.8,rest_saludable_7,Healthy Bites,Saludable,5.6212572,-73.5348853,2025,4,3,3,1,480,1320,480,1320,480,1320,480,1320,480,1320,476,1334,495,1328,3879023939
complementary_plate_saludable_2,Bowl Poké,Saludable,46500,60,3.9,rest_saludable_13,Organic Bowl,Saludable,5.6454564,-73.5093781,2026,1,15,3,0,600,120,600,120,600,120,600,120,600,120,553,120,588,163,
complementary_plate_saludable_3,Sushi Saludable Clásico,Saludable,26000,65,4.1,rest_saludable_12,Vida Sana,Saludable,5.6325742,-73.5399995,2024,5,26,6,0,480,1320,480,1320,480,1320,480,1320,480,1320,492,1377,519,1296,3901501834
complementary_plate_saludable_4,Plato Orgánico Especial,Saludable,49500,61,4.5,rest_saludable_15,Green & Co,Saludable,5.6403428,-73.5233374,2025,3,27,3,0,720,1380,720,1380,720,1380,720,1380,720,1380,739,1382,746,1434,3371977271
complementary_plate_saludable_5,Bowl Poké Premium,Saludable,48000,57,3.3,rest_saludable_18,Vida Sana,Saludable,5.6563027,-73.5190996,2025,9,24,2,0,420,1380,420,1380,420,1380,420,1380,420,1380,453,1366,371,1387,
complementary_plate_saludable_6,Salmón a la Plancha Clásico,Saludable,37000,55,3.1,rest_saludable_3,Green & Co,Saludable,5.6299717,-73.5378146,2024,10,15,1,0,420,1380,420,1380,420,1380,420,1380,420,1380,466,1371,392,1411,3862364564
complementary_plate_saludable_7,Ensalada Gourmet del Chef,Saludable,21000,56,4.2,rest_saludable_13,Organic Bowl,Saludable,5.6364153,-73.5010769,2025,11,6,3,0,720,1380,720,1380,720,1380,720,1380,720,1380,770,1436,752,1436,3171719010
complementary_plate_saludable_8,Plato Orgánico Clásico,Saludable,49000,60,3.5,rest_saludable_12,Healthy Bites,Saludable,5.650222,-73.530955,2024,4,24,2,0,420,1380,420,1380,420,1380,420,1380,420,1380,428,1365,418,1397,
complementary_plate_saludable_9,Bowl Poké Premium,Saludable,50000,41,3.6,rest_saludable_15,Green & Co,Saludable,5.6291519,-73.5278321,2024,4,27,5,0,720,1380,720,1380,720,1380,720,1380,720,1380,720,1353,739,1421,3137693721
complementary_plate_saludable_10,Salmón a la Plancha Especial,Saludable,30000,49,3.7,rest_saludable_18,Green & Co,Saludable,5.6230792,-73.5278423,2025,6,11,2,0,600,120,600,120,600,120,600,120,600,120,554,107,545,94,3485085298
complementary_plate_saludable_11,Carpaccio de Atún,Saludable,36000,72,4.4,rest_saludable_4,Vida Sana,Saludable,5.6315901,-73.5307833,2024,12,9,0,1,600,120,600,120,600,120,600,120,600,120,598,137,625,179,3239569554
complementary_plate_saludable_12,Bowl Poké,Saludable,27500,54,3.9,rest_saludable_12,Healthy Bites,Saludable,5.6264489,-73.539941,2025,6,10,1,0,600,120,600,120,600,120,600,120,600,120,660,125,544,178,3717677932
complementary_plate_saludable_13,Ensalada Gourmet,Saludable,29500,59,3.6,rest_saludable_3,Green & Co,Saludable,5.6571879,-73.5108262,2024,10,29,1,0,420,1380,420,1380,420,1380,420,1380,420,1380,429,1432,405,1357,
complementary_plate_saludable_14,Sushi Saludable,Saludable,34500,61,3.7,rest_saludable_7,Vida Sana,Saludable,5.6523248,-73.5013262,2024,6,16,6,0,480,1320,480,1320,480,1320,480,1320,480,1320,426,1332,451,1306,
complementary_plate_saludable_15,Ensalada César,Saludable,37000,66,4.2,rest_saludable_18,Vida Sana,Saludable,5.6453362,-73.5310283,2025,9,26,4,0,420,1380,420,1380,420,1380,420,1380,420,1380,459,1368,460,1426,
complementary_plate_saludable_16,Wrap de Vegetales,Saludable,22000,60,4.9,rest_saludable_11,Vida Sana,Saludable,5.6548584,-73.5134781,2024,6,14,4,0,720,1380,720,1380,720,1380,720,1380,720,1380,674,1434,770,1353,
complementary_plate_saludable_17,Carpaccio de Atún,Saludable,45000,61,3.7,rest_saludable_15,Green & Co,Saludable,5.6521469,-73.5103241,2024,10,7,0,0,720,1380,720,1380,720,1380,720,1380,720,1380,693,1356,676,1403,
complementary_plate_saludable_18,Ensalada César del Chef,Saludable,24500,48,3.4,rest_saludable_1,Organic Bowl,Saludable,5.6274628,-73.506063,2024,10,25,4,0,480,1320,480,1320,480,1320,480,1320,480,1320,477,1354,448,1368,3511670681
complementary_plate_saludable_19,Bowl de Quinoa,Saludable,22000,65,4.3,rest_saludable_3,Healthy Bites,Saludable,5.6557024,-73.5230948,2025,11,23,6,0,600,120,600,120,600,120,600,120,600,120,648,141,594,177,
complementary_plate_saludable_20,Plato Orgánico,Saludable,35000,73,4.9,rest_saludable_20,Organic Bowl,Saludable,5.6415737,-73.5278828,2025,1,12,6,0,720,1380,720,1380,720,1380,720,1380,720,1380,668,1366,695,1429,3748289924
complementary_plate_saludable_21,Buddha Bowl,Saludable,50000,55,4.9,rest_saludable_15,Vida Sana,Saludable,5.6522976,-73.5269882,2024,11,23,5,0,600,120,600,120,600,120,600,120,600,120,604,167,595,102,
complementary_plate_saludable_22,Buddha Bowl,Saludable,50000,31,3.5,rest_saludable_9,Healthy Bites,Saludable,5.6558437,-73.5114951,2025,3,23,6,0,600,120,600,120,600,120,600,120,600,120,583,148,591,143,
complementary_plate_saludable_23,Bowl de Quinoa,Saludable,40500,56,4.1,rest_saludable_5,Green & Co,Saludable,5.6327201,-73.5073288,2025,1,21,1,0,720,1380,720,1380,720,1380,720,1380,720,1380,747,1410,668,1361,3230418819
complementary_plate_saludable_24,Plato Orgánico de la Casa,Saludable,44500,67,4.3,rest_saludable_20,Green & Co,Saludable,5.6244021,-73.5327354,2025,4,18,4,0,420,1380,420,1380,420,1380,420,1380,420,1380,445,1365,412,1395,3414223382
complementary_plate_saludable_25,Wrap de Vegetales,Saludable,40500,48,3.7,rest_saludable_12,Vida Sana,Saludable,5.6291174,-73.5251624,2025,10,19,6,0,420,1380,420,1380,420,1380,420,1380,420,1380,373,1423,424,1377,3696516947
complementary_plate_saludable_26,Ensalada Gourmet del Chef,Saludable,46500,53,3.8,rest_saludable_9,Green & Co,Saludable,5.6370843,-73.5039224,2024,5,24,4,0,480,1320,480,1320,480,1320,480,1320,480,1320,517,1325,493,1318,3291150833
complementary_plate_saludable_27,Bowl Poké,Saludable,42500,59,3.8,rest_saludable_19,Vida Sana,Saludable,5.6527206,-73.5077323,2025,9,13,5,1,720,1380,720,1380,720,1380,720,1380,720,1380,694,1439,757,1389,
complementary_plate_saludable_28,Buddha Bowl,Saludable,42500,54,3.4,rest_saludable_15,Healthy Bites,Saludable,5.6544292,-73.5006057,2024,12,4,2,0,480,1320,480,1320,480,1320,480,1320,480,1320,438,1371,423,1301,
complementary_plate_saludable_29,Sushi Saludable,Saludable,21000,67,4.8,rest_saludable_6,Green & Co,Saludable,5.6202781,-73.5098301,2025,8,31,6,0,720,1380,720,1380,720,1380,720,1380,720,1380,707,1389,752,1391,3491401692
complementary_plate_saludable_30,Plato Vegano,Saludable,42000,66,3.7,rest_saludable_7,Healthy Bites,Saludable,5.6404299,-73.5242722,2025,5,3,5,0,480,1320,480,1320,480,1320,480,1320,480,1320,454,1346,504,1344,3122802311
complementary_plate_saludable_31,Plato Orgánico,Saludable,41000,64,4.9,rest_saludable_8,Organic Bowl,Saludable,5.6366964,-73.5163745,2025,12,22,0,1,420,1380,420,1380,420,1380,420,1380,420,1380,415,1364,396,1436,3899447592
complementary_plate_saludable_32,Wrap de Vegetales Clásico,Saludable,37000,63,4.2,rest_saludable_1,Organic Bowl,Saludable,5.6288843,-73.5135594,2025,10,7,1,1,480,1320,480,1320,480,1320,480,1320,480,1320,420,1316,458,1317,3296257135
complementary_plate_saludable_33,Buddha Bowl,Saludable,41500,58,4.4,rest_saludable_13,Organic Bowl,Saludable,5.6247946,-73.5368618,2025,11,25,1,0,600,120,600,120,600,120,600,120,600,120,562,106,588,158,3450317714
complementary_plate_saludable_34,Bowl Poké,Saludable,39500,63,4.0,rest_saludable_14,Healthy Bites,Saludable,5.6335046,-73.5182201,2024,2,11,6,0,600,120,600,120,600,120,600,120,600,120,542,148,657,99,3502878575
complementary_plate_saludable_35,Sushi Saludable,Saludable,32500,64,4.7,rest_saludable_14,Organic Bowl,Saludable,5.6577164,-73.5116272,2025,11,8,5,0,480,1320,480,1320,480,1320,480,1320,480,1320,471,1292,461,1311,
complementary_plate_saludable_36,Bowl de Quinoa,Saludable,37500,56,4.6,rest_saludable_8,Organic Bowl,Saludable,5.6329281,-73.5333071,2025,2,24,0,0,720,1380,720,1380,720,1380,720,1380,720,1380,715,1425,711,1417,3240916269
complementary_plate_saludable_37,Carpaccio de Atún,Saludable,38500,52,4.1,rest_saludable_5,Organic Bowl,Saludable,5.6407516,-73.5087747,2025,2,12,2,0,720,1380,720,1380,720,1380,720,1380,720,1380,669,1415,741,1364,3989383835
complementary_plate_saludable_38,Sushi Saludable,Saludable,27000,58,4.3,rest_saludable_16,Green & Co,Saludable,5.6481208,-73.5166491,2025,8,9,5,1,480,1320,480,1320,480,1320,480,1320,480,1320,438,1322,445,1312,
complementary_plate_saludable_39,Sushi Saludable,Saludable,27000,69,4.5,rest_saludable_15,Organic Bowl,Saludable,5.6345452,-73.5019111,2025,9,5,4,0,600,120,600,120,600,120,600,120,600,120,627,162,622,171,3405622520
complementary_plate_saludable_40,Sushi Saludable,Saludable,37000,58,4.3,rest_saludable_15,Green & Co,Saludable,5.6588713,-73.5383031,2025,3,26,2,1,600,120,600,120,600,120,600,120,600,120,596,170,578,125,
complementary_plate_saludable_41,Bowl de Quinoa,Saludable,30000,57,4.4,rest_saludable_20,Green & Co,Saludable,5.6584979,-73.529387,2024,5,18,5,1,480,1320,480,1320,480,1320,480,1320,480,1320,427,1337,526,1326,
complementary_plate_saludable_42,Plato Vegano del Chef,Saludable,31500,61,4.6,rest_saludable_20,Vida Sana,Saludable,5.6300713,-73.5159378,2025,3,14,4,1,600,120,600,120,600,120,600,120,600,120,614,160,641,95,3294312057
complementary_plate_saludable_43,Buddha Bowl,Saludable,50000,46,3.7,rest_saludable_8,Vida Sana,Saludable,5.6398899,-73.5281376,2025,12,28,6,1,720,1380,720,1380,720,1380,720,1380,720,1380,667,1407,673,1393,3919413262
complementary_plate_saludable_44,Bowl Poké,Saludable,44000,48,3.7,rest_saludable_14,Organic Bowl,Saludable,5.6320351,-73.511423,2025,1,6,0,0,600,120,600,120,600,120,600,120,600,120,607,156,618,110,3656183522
complementary_plate_saludable_45,Bowl de Quinoa,Saludable,50000,44,4.5,rest_saludable_9,Healthy Bites,Saludable,5.6313936,-73.5096398,2025,4,22,1,0,480,1320,480,1320,480,1320,480,1320,480,1320,521,1370,502,1332,3129723044
complementary_plate_saludable_46,Bowl Poké,Saludable,24500,63,3.9,rest_saludable_20,Healthy Bites,Saludable,5.6214755,-73.5358994,2025,9,27,5,0,420,1380,420,1380,420,1380,420,1380,420,1380,370,1424,444,1368,3784669634
complementary_plate_saludable_47,Wrap de Vegetales,Saludable,32500,57,4.0,rest_saludable_14,Green & Co,Saludable,5.6443826,-73.5194458,2024,4,16,1,0,420,1380,420,1380,420,1380,420,1380,420,1380,431,1398,442,1392,
complementary_plate_saludable_48,Bowl Poké de la Casa,Saludable,50000,44,4.5,rest_saludable_5,Vida Sana,Saludable,5.6401072,-73.5196444,2025,6,20,4,0,480,1320,480,1320,480,1320,480,1320,480,1320,466,1329,443,1317,3361471511
complementary_plate_saludable_49,Buddha Bowl Especial,Saludable,50000,62,4.9,rest_saludable_5,Organic Bowl,Saludable,5.6220592,-73.5252288,2024,5,15,2,1,480,1320,480,1320,480,1320,480,1320,480,1320,457,1302,484,1359,3429624858
complementary_plate_saludable_50,Sushi Saludable Premium,Saludable,34000,69,4.6,rest_saludable_14,Healthy Bites,Saludable,5.6311459,-73.502683,2025,12,24,2,0,720,1380,720,1380,720,1380,720,1380,720,1380,680,1373,766,1438,3468619559
complementary_plate_saludable_51,Smoothie Bowl,Saludable,39500,50,4.0,rest_saludable_7,Organic Bowl,Saludable,5.6563306,-73.5068997,2024,10,14,0,0,720,1380,720,1380,720,1380,720,1380,720,1380,716,1428,696,1407,
complementary_plate_saludable_52,Carpaccio de Atún,Saludable,21000,68,5.0,rest_saludable_20,Vida Sana,Saludable,5.6295825,-73.5121116,2025,7,17,3,0,600,120,600,120,600,120,600,120,600,120,599,126,639,138,3453007804
complementary_plate_saludable_53,Carpaccio de Atún del Chef,Saludable,40500,61,4.9,rest_saludable_3,Green & Co,Saludable,5.6257958,-73.5114269,2025,4,21,0,0,420,1380,420,1380,420,1380,420,1380,420,1380,366,1432,421,1397,3931583201
complementary_plate_saludable_54,Bowl de Quinoa Premium,Saludable,32500,72,4.5,rest_saludable_1,Healthy Bites,Saludable,5.6395781,-73.5215314,2025,2,14,4,1,420,1380,420,1380,420,1380,420,1380,420,1380,417,1415,378,1405,3202676444
complementary_plate_saludable_55,Ensalada Gourmet Clásico,Saludable,30500,70,4.2,rest_saludable_11,Vida Sana,Saludable,5.659426,-73.5031602,2026,1,9,4,0,480,1320,480,1320,480,1320,480,1320,480,1320,470,1354,467,1320,
complementary_plate_saludable_56,Salmón a la Plancha de la Casa,Saludable,48000,59,3.9,rest_saludable_16,Vida Sana,Saludable,5.6296822,-73.5122162,2024,2,15,3,1,420,1380,420,1380,420,1380,420,1380,420,1380,461,1368,377,1354,3540674839
complementary_plate_saludable_57,Smoothie Bowl del Chef,Saludable,26000,74,4.5,rest_saludable_10,Healthy Bites,Saludable,5.6468854,-73.5108408,2025,10,16,3,0,480,1320,480,1320,480,1320,480,1320,480,1320,535,1300,422,1322,
complementary_plate_saludable_58,Plato Orgánico de la Casa,Saludable,36000,65,4.8,rest_saludable_16,Green & Co,Saludable,5.6504648,-73.5055324,2025,10,16,3,0,420,1380,420,1380,420,1380,420,1380,420,1380,375,1356,390,1403,
complementary_plate_saludable_59,Ensalada César,Saludable,35000,70,4.2,rest_saludable_14,Vida Sana,Saludable,5.6295055,-73.5290371,2024,7,2,1,0,720,1380,720,1380,720,1380,720,1380,720,1380,751,1368,697,1404,3751095874
complementary_plate_saludable_60,Carpaccio de Atún,Saludable,23000,74,4.9,rest_saludable_16,Green & Co,Saludable,5.6491287,-73.5077172,2025,1,3,4,0,480,1320,480,1320,480,1320,480,1320,480,1320,487,1336,428,1357,
complementary_plate_saludable_61,Bowl Poké Clásico,Saludable,32500,61,5.0,rest_saludable_4,Vida Sana,Saludable,5.6347113,-73.5321904,2024,4,5,4,0,600,120,600,120,600,120,600,120,600,120,587,122,635,92,3640663736
complementary_plate_saludable_62,Plato Orgánico,Saludable,50000,40,4.2,rest_saludable_16,Healthy Bites,Saludable,5.6452922,-73.5261863,2024,2,25,6,0,720,1380,720,1380,720,1380,720,1380,720,1380,665,1395,729,1393,
complementary_plate_saludable_63,Smoothie Bowl,Saludable,33500,64,4.5,rest_saludable_11,Vida Sana,Saludable,5.6453412,-73.5265756,2025,12,26,4,0,720,1380,720,1380,720,1380,720,1380,720,1380,668,1408,664,1387,
complementary_plate_saludable_64,Ensalada César Premium,Saludable,50000,28,3.1,rest_saludable_2,Organic Bowl,Saludable,5.641431,-73.500859,2025,2,6,3,0,600,120,600,120,600,120,600,120,600,120,644,159,600,122,3239468023
complementary_plate_saludable_65,Buddha Bowl,Saludable,30000,54,4.4,rest_saludable_6,Healthy Bites,Saludable,5.6236116,-73.5057385,2025,2,24,0,1,420,1380,420,1380,420,1380,420,1380,420,1380,375,1397,415,1401,3271924083
complementary_plate_saludable_66,Buddha Bowl,Saludable,50000,54,4.4,rest_saludable_6,Healthy Bites,Saludable,5.6534121,-73.5119532,2024,5,31,4,0,600,120,600,120,600,120,600,120,600,120,587,156,574,100,
complementary_plate_saludable_67,Salmón a la Plancha,Saludable,28500,62,3.7,rest_saludable_15,Healthy Bites,Saludable,5.6328312,-73.5109177,2025,8,20,2,0,420,1380,420,1380,420,1380,420,1380,420,1380,373,1360,401,1434,3877431916
complementary_plate_saludable_68,Salmón a la Plancha,Saludable,43000,69,4.4,rest_saludable_13,Green & Co,Saludable,5.6274607,-73.5175171,2025,11,22,5,0,600,120,600,120,600,120,600,120,600,120,545,135,618,145,3261366596
complementary_plate_saludable_69,Plato Orgánico Especial,Saludable,46000,65,4.1,rest_saludable_8,Vida Sana,Saludable,5.621631,-73.5021164,2025,11,30,6,0,720,1380,720,1380,720,1380,720,1380,720,1380,663,1368,768,1427,3709129310
complementary_plate_saludable_70,Wrap de Vegetales,Saludable,30500,68,4.7,rest_saludable_15,Organic Bowl,Saludable,5.6436357,-73.5201496,2025,1,22,2,0,420,1380,420,1380,420,1380,420,1380,420,1380,409,1422,364,1427,3649183741
complementary_plate_saludable_71,Plato Orgánico,Saludable,29000,69,4.8,rest_saludable_6,Green & Co,Saludable,5.6471026,-73.5247793,2026,1,11,6,1,720,1380,720,1380,720,1380,720,1380,720,1380,727,1396,710,1390,
complementary_plate_saludable_72,Salmón a la Plancha Premium,Saludable,31500,66,4.3,rest_saludable_16,Organic Bowl,Saludable,5.6206635,-73.5334786,2024,2,27,1,0,600,120,600,120,600,120,600,120,600,120,656,161,555,123,3166772797
complementary_plate_saludable_73,Buddha Bowl,Saludable,50000,31,2.8,rest_saludable_11,Green & Co,Saludable,5.6404837,-73.5085518,2024,3,10,6,0,480,1320,480,1320,480,1320,480,1320,480,1320,437,1299,477,1312,3237532072
complementary_plate_saludable_74,Wrap de Vegetales Premium,Saludable,29000,60,4.0,rest_saludable_8,Organic Bowl,Saludable,5.6290598,-73.5106222,2024,9,4,2,0,480,1320,480,1320,480,1320,480,1320,480,1320,490,1359,457,1328,3100049976
complementary_plate_saludable_75,Ensalada César,Saludable,38500,59,4.5,rest_saludable_18,Organic Bowl,Saludable,5.6458069,-73.5246258,2024,10,16,2,0,720,1380,720,1380,720,1380,720,1380,720,1380,761,1367,690,1413,
complementary_plate_saludable_76,Carpaccio de Atún,Saludable,37000,52,3.7,rest_saludable_3,Healthy Bites,Saludable,5.6269747,-73.5389923,2024,6,28,4,0,480,1320,480,1320,480,1320,480,1320,480,1320,428,1329,470,1351,3815394808
complementary_plate_saludable_77,Plato Orgánico,Saludable,50000,46,4.2,rest_saludable_19,Vida Sana,Saludable,5.6476375,-73.5064401,2024,7,22,0,0,420,1380,420,1380,420,1380,420,1380,420,1380,442,1359,417,1409,
complementary_plate_saludable_78,Bowl de Quinoa,Saludable,46000,48,3.7,rest_saludable_6,Organic Bowl,Saludable,5.6354694,-73.5395433,2025,8,22,4,0,720,1380,720,1380,720,1380,720,1380,720,1380,715,1414,776,1357,3196680501
complementary_plate_saludable_79,Bowl de Quinoa,Saludable,20000,59,3.6,rest_saludable_10,Organic Bowl,Saludable,5.6574692,-73.511852,2025,10,1,2,0,720,1380,720,1380,720,1380,720,1380,720,1380,704,1416,774,1386,
complementary_plate_saludable_80,Plato Orgánico,Saludable,31500,56,4.3,rest_saludable_2,Organic Bowl,Saludable,5.6255008,-73.5011897,2024,7,9,1,0,720,1380,720,1380,720,1380,720,1380,720,1380,735,1424,679,1371,3334653028
complementary_plate_saludable_81,Salmón a la Plancha,Saludable,32500,61,4.8,rest_saludable_1,Healthy Bites,Saludable,5.6336427,-73.5224935,2024,5,15,2,1,480,1320,480,1320,480,1320,480,1320,480,1320,425,1372,518,1363,3961399719
complementary_plate_saludable_82,Plato Orgánico,Saludable,26500,74,5.0,rest_saludable_2,Healthy Bites,Saludable,5.6245389,-73.5306011,2025,11,24,0,0,420,1380,420,1380,420,1380,420,1380,420,1380,442,1388,421,1381,3974362470
complementary_plate_saludable_83,Bowl Poké,Saludable,20500,65,4.1,rest_saludable_12,Organic Bowl,Saludable,5.6569877,-73.5118052,2025,3,17,0,1,600,120,600,120,600,120,600,120,600,120,593,151,599,116,
complementary_plate_saludable_84,Bowl de Quinoa,Saludable,35000,61,3.9,rest_saludable_9,Healthy Bites,Saludable,5.6550936,-73.5073149,2025,10,4,5,1,720,1380,720,1380,720,1380,720,1380,720,1380,757,1397,725,1421,
complementary_plate_saludable_85,Ensalada Gourmet de la Casa,Saludable,20000,57,4.0,rest_saludable_11,Vida Sana,Saludable,5.6303177,-73.5181428,2025,8,27,2,0,720,1380,720,1380,720,1380,720,1380,720,1380,678,1362,666,1387,3331681340
complementary_plate_saludable_86,Plato Vegano,Saludable,29000,66,5.0,rest_saludable_1,Organic Bowl,Saludable,5.6463994,-73.5013186,2024,9,15,6,0,720,1380,720,1380,720,1380,720,1380,720,1380,757,1370,723,1415,
complementary_plate_saludable_87,Sushi Saludable,Saludable,47000,65,3.9,rest_saludable_16,Green & Co,Saludable,5.6526889,-73.5379333,2025,4,24,3,1,600,120,600,120,600,120,600,120,600,120,604,148,570,117,
complementary_plate_saludable_88,Ensalada Gourmet,Saludable,23500,66,4.1,rest_saludable_13,Organic Bowl,Saludable,5.642208,-73.5198082,2025,1,28,1,0,420,1380,420,1380,420,1380,420,1380,420,1380,428,1351,468,1363,3106330034
complementary_plate_saludable_89,Smoothie Bowl,Saludable,41500,72,4.7,rest_saludable_13,Organic Bowl,Saludable,5.641186,-73.5112618,2025,11,23,6,1,480,1320,480,1320,480,1320,480,1320,480,1320,471,1296,492,1361,3322912853
complementary_plate_saludable_90,Bowl de Quinoa,Saludable,22000,60,4.2,rest_saludable_12,Green & Co,Saludable,5.6296741,-73.5054944,2024,12,30,0,0,420,1380,420,1380,420,1380,420,1380,420,1380,465,1429,447,1428,3920848579
complementary_plate_saludable_91,Carpaccio de Atún,Saludable,40000,59,4.3,rest_saludable_2,Green & Co,Saludable,5.6237241,-73.5328298,2025,12,22,0,0,420,1380,420,1380,420,1380,420,1380,420,1380,456,1368,385,1427,3358061131
complementary_plate_saludable_92,Wrap de Vegetales,Saludable,40000,68,4.1,rest_saludable_20,Vida Sana,Saludable,5.6558886,-73.5079999,2025,3,8,5,0,420,1380,420,1380,420,1380,420,1380,420,1380,462,1410,426,1408,
complementary_plate_saludable_93,Sushi Saludable,Saludable,50000,29,2.8,rest_saludable_19,Healthy Bites,Saludable,5.6560167,-73.5178917,2024,2,12,0,0,720,1380,720,1380,720,1380,720,1380,720,1380,710,1428,754,1388,
complementary_plate_saludable_94,Plato Orgánico,Saludable,30500,51,4.0,rest_saludable_10,Healthy Bites,Saludable,5.6453241,-73.5241379,2024,6,19,2,0,600,120,600,120,600,120,600,120,600,120,644,92,587,132,
complementary_plate_saludable_95,Sushi Saludable,Saludable,20000,52,3.6,rest_saludable_16,Green & Co,Saludable,5.6335612,-73.5347314,2024,6,19,2,0,600,120,600,120,600,120,600,120,600,120,573,173,640,164,3522733764
complementary_plate_saludable_96,Sushi Saludable Especial,Saludable,29000,74,4.7,rest_saludable_15,Vida Sana,Saludable,5.6339684,-73.5053882,2026,1,18,6,0,600,120,600,120,600,120,600,120,600,120,558,177,571,94,3138950796
complementary_plate_saludable_97,Ensalada Gourmet,Saludable,33000,59,4.7,rest_saludable_5,Healthy Bites,Saludable,5.6490382,-73.5337091,2025,12,5,4,0,600,120,600,120,600,120,600,120,600,120,559,142,628,116,
complementary_plate_saludable_98,Bowl Poké de la Casa,Saludable,36000,59,4.7,rest_saludable_12,Organic Bowl,Saludable,5.6558844,-73.5276085,2024,7,27,5,0,420,1380,420,1380,420,1380,420,1380,420,1380,444,1411,427,1398,
complementary_plate_saludable_99,Salmón a la Plancha,Saludable,34500,64,3.9,rest_saludable_7,Organic Bowl,Saludable,5.6554835,-73.5283982,2025,4,17,3,1,600,120,600,120,600,120,600,120,600,120,564,121,575,161,
complementary_plate_saludable_100,Salmón a la Plancha,Saludable,30500,65,4.9,rest_saludable_12,Healthy Bites,Saludable,5.651195,-73.5051434,2024,12,29,6,0,420,1380,420,1380,420,1380,420,1380,420,1380,421,1394,431,1385,
complementary_plate_saludable_101,Bowl Poké Clásico,Saludable,35000,68,4.1,rest_saludable_7,Healthy Bites,Saludable,5.6456813,-73.5130919,2025,7,2,2,0,420,1380,420,1380,420,1380,420,1380,420,1380,365,1386,451,1360,
complementary_plate_saludable_102,Smoothie Bowl,Saludable,34500,69,4.3,rest_saludable_8,Vida Sana,Saludable,5.6233656,-73.5081327,2024,4,24,2,0,420,1380,420,1380,420,1380,420,1380,420,1380,377,1363,438,1425,3392172644
complementary_plate_saludable_103,Bowl de Quinoa,Saludable,41500,50,3.4,rest_saludable_18,Vida Sana,Saludable,5.6264651,-73.5299813,2026,2,1,6,0,480,1320,480,1320,480,1320,480,1320,480,1320,472,1332,511,1350,3112084335
complementary_plate_saludable_104,Smoothie Bowl Clásico,Saludable,50000,40,3.9,rest_saludable_2,Organic Bowl,Saludable,5.6559422,-73.515005,2025,4,20,6,0,600,120,600,120,600,120,600,120,600,120,623,150,601,173,
complementary_plate_saludable_105,Ensalada Gourmet Premium,Saludable,37000,72,4.4,rest_saludable_16,Green & Co,Saludable,5.6442572,-73.5171302,2024,12,27,4,0,720,1380,720,1380,720,1380,720,1380,720,1380,728,1354,776,1372,
complementary_plate_saludable_106,Sushi Saludable,Saludable,30000,65,3.9,rest_saludable_15,Organic Bowl,Saludable,5.6203679,-73.5066868,2025,4,21,0,1,420,1380,420,1380,420,1380,420,1380,420,1380,472,1354,361,1388,3880026061
complementary_plate_saludable_107,Smoothie Bowl Clásico,Saludable,41000,74,4.8,rest_saludable_9,Vida Sana,Saludable,5.6240589,-73.5037565,2024,10,25,4,0,720,1380,720,1380,720,1380,720,1380,720,1380,768,1414,719,1384,3638401976
complementary_plate_saludable_108,Sushi Saludable,Saludable,21000,55,4.3,rest_saludable_20,Vida Sana,Saludable,5.6465401,-73.5395137,2025,8,11,0,1,480,1320,480,1320,480,1320,480,1320,480,1320,514,1333,521,1327,
complementary_plate_saludable_109,Plato Orgánico,Saludable,39000,55,4.0,rest_saludable_11,Vida Sana,Saludable,5.6202025,-73.5130392,2024,10,6,6,0,600,120,600,120,600,120,600,120,600,120,605,131,551,141,3473510639
complementary_plate_saludable_110,Salmón a la Plancha Clásico,Saludable,33500,60,4.8,rest_saludable_12,Green & Co,Saludable,5.6264323,-73.5379266,2025,5,15,3,0,480,1320,480,1320,480,1320,480,1320,480,1320,453,1339,450,1347,3752578170
complementary_plate_saludable_111,Wrap de Vegetales,Saludable,34500,55,4.1,rest_saludable_4,Organic Bowl,Saludable,5.6419494,-73.5180457,2024,3,2,5,0,480,1320,480,1320,480,1320,480,1320,480,1320,505,1305,479,1329,3343496821
complementary_plate_saludable_112,Plato Vegano,Saludable,32500,70,4.3,rest_saludable_18,Organic Bowl,Saludable,5.6476758,-73.5284947,2024,12,8,6,1,420,1380,420,1380,420,1380,420,1380,420,1380,438,1378,388,1367,
complementary_plate_saludable_113,Bowl de Quinoa,Saludable,30000,69,4.3,rest_saludable_19,Organic Bowl,Saludable,5.6460785,-73.5277289,2025,11,19,2,0,720,1380,720,1380,720,1380,720,1380,720,1380,757,1381,747,1426,
complementary_plate_saludable_114,Smoothie Bowl,Saludable,46000,54,4.2,rest_saludable_11,Vida Sana,Saludable,5.6289708,-73.5258817,2025,8,22,4,1,480,1320,480,1320,480,1320,480,1320,480,1320,526,1360,535,1354,3153613589
complementary_plate_saludable_115,Plato Vegano,Saludable,21500,59,4.4,rest_saludable_15,Healthy Bites,Saludable,5.6484872,-73.5151483,2025,12,12,4,0,480,1320,480,1320,480,1320,480,1320,480,1320,507,1316,511,1364,
complementary_plate_saludable_116,Plato Vegano,Saludable,29000,65,4.0,rest_saludable_13,Organic Bowl,Saludable,5.62949,-73.526638,2026,1,15,3,0,600,120,600,120,600,120,600,120,600,120,598,162,547,161,3282411573
complementary_plate_saludable_117,Ensalada César,Saludable,48000,63,4.8,rest_saludable_2,Green & Co,Saludable,5.633016,-73.510692,2024,8,1,3,0,480,1320,480,1320,480,1320,480,1320,480,1320,515,1317,494,1299,3489286548
complementary_plate_saludable_118,Wrap de Vegetales de la Casa,Saludable,34500,64,4.5,rest_saludable_15,Organic Bowl,Saludable,5.6498597,-73.5238189,2025,1,11,5,1,600,120,600,120,600,120,600,120,600,120,544,126,592,113,
complementary_plate_saludable_119,Wrap de Vegetales,Saludable,28500,57,4.4,rest_saludable_6,Organic Bowl,Saludable,5.6459853,-73.5372659,2025,10,8,2,1,600,120,600,120,600,120,600,120,600,120,550,177,624,159,
complementary_plate_saludable_120,Ensalada César de la Casa,Saludable,27500,61,3.9,rest_saludable_13,Healthy Bites,Saludable,5.6539689,-73.5086496,2024,8,11,6,0,720,1380,720,1380,720,1380,720,1380,720,1380,753,1378,766,1350,
complementary_plate_saludable_121,Smoothie Bowl Especial,Saludable,23500,68,4.6,rest_saludable_14,Green & Co,Saludable,5.6463045,-73.5285697,2024,4,1,0,0,720,1380,720,1380,720,1380,720,1380,720,1380,718,1394,679,1385,
complementary_plate_saludable_122,Ensalada César,Saludable,37500,61,5.0,rest_saludable_2,Green & Co,Saludable,5.6427323,-73.5226893,2025,6,1,6,1,720,1380,720,1380,720,1380,720,1380,720,1380,686,1358,672,1426,3806392054
complementary_plate_saludable_123,Wrap de Vegetales,Saludable,37000,71,4.4,rest_saludable_19,Organic Bowl,Saludable,5.623747,-73.5125822,2025,6,12,3,0,600,120,600,120,600,120,600,120,600,120,569,159,567,97,3291112990
complementary_plate_saludable_124,Plato Orgánico,Saludable,44000,57,4.7,rest_saludable_9,Healthy Bites,Saludable,5.6347086,-73.5267018,2025,4,5,5,0,420,1380,420,1380,420,1380,420,1380,420,1380,390,1388,472,1368,3116448425
complementary_plate_saludable_125,Plato Vegano,Saludable,29500,62,5.0,rest_saludable_13,Organic Bowl,Saludable,5.6306081,-73.5377366,2024,4,19,4,0,720,1380,720,1380,720,1380,720,1380,720,1380,740,1436,714,1421,3999026121
complementary_plate_saludable_126,Wrap de Vegetales de la Casa,Saludable,49000,60,4.0,rest_saludable_10,Vida Sana,Saludable,5.6297596,-73.5250432,2025,6,21,5,0,600,120,600,120,600,120,600,120,600,120,592,109,578,138,3188782879
complementary_plate_saludable_127,Ensalada Gourmet,Saludable,22500,47,3.1,rest_saludable_8,Vida Sana,Saludable,5.6589204,-73.5022221,2025,1,5,6,0,600,120,600,120,600,120,600,120,600,120,657,97,611,142,
complementary_plate_saludable_128,Bowl Poké,Saludable,45000,64,4.0,rest_saludable_9,Vida Sana,Saludable,5.6357239,-73.5143306,2025,12,16,1,1,720,1380,720,1380,720,1380,720,1380,720,1380,702,1432,670,1407,3181688737
complementary_plate_saludable_129,Buddha Bowl,Saludable,32500,60,3.6,rest_saludable_7,Vida Sana,Saludable,5.6556819,-73.5131408,2024,10,4,4,0,480,1320,480,1320,480,1320,480,1320,480,1320,531,1299,444,1365,
complementary_plate_saludable_130,Buddha Bowl,Saludable,22000,51,3.9,rest_saludable_20,Healthy Bites,Saludable,5.6452455,-73.5147087,2025,6,3,1,0,420,1380,420,1380,420,1380,420,1380,420,1380,476,1351,387,1374,
complementary_plate_saludable_131,Salmón a la Plancha,Saludable,46500,58,4.6,rest_saludable_9,Organic Bowl,Saludable,5.6517925,-73.5320403,2025,3,28,4,0,600,120,600,120,600,120,600,120,600,120,657,120,610,131,
complementary_plate_saludable_132,Bowl Poké Clásico,Saludable,46500,65,4.0,rest_saludable_2,Organic Bowl,Saludable,5.6401055,-73.5232666,2024,12,10,1,0,600,120,600,120,600,120,600,120,600,120,599,102,642,150,3180946128
complementary_plate_saludable_133,Sushi Saludable Clásico,Saludable,33500,63,3.6,rest_saludable_11,Vida Sana,Saludable,5.6430762,-73.5099624,2025,7,21,0,0,720,1380,720,1380,720,1380,720,1380,720,1380,662,1383,730,1424,3968535946
complementary_plate_saludable_134,Plato Orgánico Clásico,Saludable,37000,69,4.6,rest_saludable_16,Organic Bowl,Saludable,5.6397007,-73.5359451,2024,9,24,1,1,600,120,600,120,600,120,600,120,600,120,612,121,603,160,3651620063
complementary_plate_saludable_135,Buddha Bowl,Saludable,50000,64,5.0,rest_saludable_2,Vida Sana,Saludable,5.6278097,-73.5288859,2024,7,31,2,0,720,1380,720,1380,720,1380,720,1380,720,1380,753,1395,681,1367,3282202377
complementary_plate_saludable_136,Ensalada Gourmet,Saludable,28000,53,4.2,rest_saludable_5,Vida Sana,Saludable,5.6488981,-73.5289472,2025,11,29,5,0,480,1320,480,1320,480,1320,480,1320,480,1320,540,1375,426,1290,
complementary_plate_saludable_137,Sushi Saludable,Saludable,32000,69,4.2,rest_saludable_16,Healthy Bites,Saludable,5.6312309,-73.5227192,2024,4,2,1,0,720,1380,720,1380,720,1380,720,1380,720,1380,724,1408,707,1357,3579791888
complementary_plate_saludable_138,Ensalada César,Saludable,50000,46,4.6,rest_saludable_10,Organic Bowl,Saludable,5.6209726,-73.5007853,2024,8,7,2,0,480,1320,480,1320,480,1320,480,1320,480,1320,488,1360,472,1291,3536170563
complementary_plate_saludable_139,Carpaccio de Atún,Saludable,29000,65,4.4,rest_saludable_17,Vida Sana,Saludable,5.6458189,-73.5372999,2024,5,13,0,0,600,120,600,120,600,120,600,120,600,120,643,112,553,102,
complementary_plate_saludable_140,Ensalada Gourmet,Saludable,50000,56,4.2,rest_saludable_8,Vida Sana,Saludable,5.6270844,-73.519252,2024,2,24,5,0,420,1380,420,1380,420,1380,420,1380,420,1380,394,1400,370,1397,3299973299
complementary_plate_saludable_141,Bowl de Quinoa,Saludable,47500,52,4.2,rest_saludable_16,Healthy Bites,Saludable,5.6576183,-73.5328254,2024,7,21,6,0,480,1320,480,1320,480,1320,480,1320,480,1320,503,1373,517,1294,
complementary_plate_saludable_142,Ensalada Gourmet,Saludable,42500,61,3.7,rest_saludable_4,Organic Bowl,Saludable,5.6581571,-73.5011729,2024,7,7,6,0,480,1320,480,1320,480,1320,480,1320,480,1320,509,1311,430,1353,
complementary_plate_saludable_143,Plato Vegano,Saludable,38000,50,3.8,rest_saludable_9,Green & Co,Saludable,5.6565946,-73.5354679,2024,3,8,4,0,720,1380,720,1380,720,1380,720,1380,720,1380,687,1438,773,1422,
complementary_plate_saludable_144,Sushi Saludable,Saludable,50000,53,5.0,rest_saludable_10,Healthy Bites,Saludable,5.6348063,-73.523856,2025,11,20,3,0,720,1380,720,1380,720,1380,720,1380,720,1380,778,1390,662,1376,3358091876
complementary_plate_saludable_145,Bowl Poké,Saludable,46000,69,4.5,rest_saludable_3,Vida Sana,Saludable,5.6206183,-73.5104846,2024,3,3,6,0,720,1380,720,1380,720,1380,720,1380,720,1380,732,1399,746,1419,3540302693
complementary_plate_saludable_146,Bowl Poké,Saludable,36000,59,4.7,rest_saludable_1,Healthy Bites,Saludable,5.6571327,-73.5118178,2025,3,9,6,0,480,1320,480,1320,480,1320,480,1320,480,1320,432,1345,449,1299,
complementary_plate_saludable_147,Ensalada Gourmet,Saludable,50000,46,4.0,rest_saludable_20,Healthy Bites,Saludable,5.6371274,-73.5230909,2025,11,11,1,0,600,120,600,120,600,120,600,120,600,120,602,119,585,160,3159504448
complementary_plate_saludable_148,Wrap de Vegetales,Saludable,32000,67,4.4,rest_saludable_11,Vida Sana,Saludable,5.6586662,-73.526139,2025,1,4,5,0,720,1380,720,1380,720,1380,720,1380,720,1380,751,1359,670,1384,
complementary_plate_saludable_149,Plato Vegano,Saludable,42000,76,4.8,rest_saludable_5,Organic Bowl,Saludable,5.6585448,-73.5240955,2025,10,25,5,0,480,1320,480,1320,480,1320,480,1320,480,1320,431,1290,540,1329,
complementary_plate_saludable_150,Carpaccio de Atún,Saludable,23500,66,4.8,rest_saludable_12,Green & Co,Saludable,5.6541204,-73.5294289,2025,11,7,4,0,720,1380,720,1380,720,1380,720,1380,720,1380,715,1407,731,1421,
complementary_plate_saludable_1,Ensalada Gourmet,Saludable,50000,49,4.0,rest_saludable_8,Green & Co,Saludable,5.631778,-73.5317867,2024,7,14,6,0,420,1380,420,1380,420,1380,420,1380,420,1380,470,1399,361,1387,3612306979
complementary_plate_saludable_2,Salmón a la Plancha,Saludable,84500,59,4.5,rest_saludable_14,Green & Co,Saludable,5.6354039,-73.5206784,2025,8,19,1,0,600,120,600,120,600,120,600,120,600,120,561,107,574,128,3885656296
complementary_plate_saludable_3,Bowl Poké,Saludable,75500,62,5.0,rest_saludable_16,Vida Sana,Saludable,5.6540455,-73.5292586,2024,5,7,1,0,600,120,600,120,600,120,600,120,600,120,578,151,640,99,
complementary_plate_saludable_4,Ensalada Gourmet,Saludable,100000,38,4.0,rest_saludable_15,Healthy Bites,Saludable,5.6326769,-73.5285015,2025,3,6,3,0,600,120,600,120,600,120,600,120,600,120,553,107,578,90,3432887127
complementary_plate_saludable_5,Salmón a la Plancha,Saludable,50000,52,3.9,rest_saludable_11,Vida Sana,Saludable,5.6267797,-73.5137298,2024,10,4,4,0,600,120,600,120,600,120,600,120,600,120,644,173,616,107,3783007169
complementary_plate_saludable_6,Plato Orgánico,Saludable,61500,40,3.1,rest_saludable_13,Vida Sana,Saludable,5.6422721,-73.5012585,2025,3,10,0,0,600,120,600,120,600,120,600,120,600,120,580,127,634,178,3947007847
complementary_plate_saludable_7,Smoothie Bowl,Saludable,100000,38,3.4,rest_saludable_18,Vida Sana,Saludable,5.6574462,-73.5158545,2024,3,10,6,0,600,120,600,120,600,120,600,120,600,120,586,104,659,162,
complementary_plate_saludable_8,Salmón a la Plancha Especial,Saludable,82500,48,4.1,rest_saludable_16,Healthy Bites,Saludable,5.6478412,-73.5369208,2024,3,19,1,0,600,120,600,120,600,120,600,120,600,120,660,180,566,146,
complementary_plate_saludable_9,Buddha Bowl,Saludable,100000,35,3.4,rest_saludable_15,Healthy Bites,Saludable,5.6428024,-73.5369767,2025,11,23,6,1,420,1380,420,1380,420,1380,420,1380,420,1380,390,1382,444,1369,3329858501
complementary_plate_saludable_10,Ensalada Gourmet,Saludable,67500,32,3.6,rest_saludable_18,Organic Bowl,Saludable,5.6238871,-73.5019431,2024,2,19,0,0,600,120,600,120,600,120,600,120,600,120,608,154,658,178,3834415872
complementary_plate_saludable_11,Bowl Poké,Saludable,100000,48,5.0,rest_saludable_13,Green & Co,Saludable,5.6446003,-73.5281084,2024,7,10,2,0,480,1320,480,1320,480,1320,480,1320,480,1320,518,1321,504,1375,
complementary_plate_saludable_12,Smoothie Bowl,Saludable,76500,40,3.6,rest_saludable_12,Vida Sana,Saludable,5.6596022,-73.5363173,2024,11,7,3,1,600,120,600,120,600,120,600,120,600,120,553,91,552,123,
complementary_plate_saludable_13,Carpaccio de Atún,Saludable,100000,42,3.6,rest_saludable_4,Green & Co,Saludable,5.6256034,-73.5160382,2024,9,30,0,0,600,120,600,120,600,120,600,120,600,120,638,176,615,178,3637408889
complementary_plate_saludable_14,Bowl Poké,Saludable,96500,47,4.8,rest_saludable_17,Healthy Bites,Saludable,5.6407332,-73.515054,2025,7,10,3,1,600,120,600,120,600,120,600,120,600,120,657,100,554,108,3531522300
complementary_plate_saludable_15,Plato Vegano,Saludable,100000,41,4.1,rest_saludable_4,Organic Bowl,Saludable,5.6550949,-73.5140598,2025,12,23,1,0,420,1380,420,1380,420,1380,420,1380,420,1380,420,1362,416,1439,
complementary_plate_saludable_16,Buddha Bowl,Saludable,73500,41,4.2,rest_saludable_6,Vida Sana,Saludable,5.6496307,-73.5293039,2024,7,21,6,0,420,1380,420,1380,420,1380,420,1380,420,1380,442,1363,446,1371,
complementary_plate_saludable_17,Plato Orgánico,Saludable,72000,36,3.7,rest_saludable_1,Healthy Bites,Saludable,5.6478806,-73.5393956,2024,12,28,5,0,600,120,600,120,600,120,600,120,600,120,599,119,642,141,
complementary_plate_saludable_18,Buddha Bowl,Saludable,57500,62,5.0,rest_saludable_3,Organic Bowl,Saludable,5.6480994,-73.5013994,2024,2,17,5,0,600,120,600,120,600,120,600,120,600,120,615,144,589,90,
complementary_plate_saludable_19,Bowl de Quinoa,Saludable,78000,45,4.4,rest_saludable_11,Healthy Bites,Saludable,5.6343796,-73.5299643,2024,8,15,3,1,720,1380,720,1380,720,1380,720,1380,720,1380,706,1391,685,1408,3345117690
complementary_plate_saludable_20,Plato Vegano,Saludable,100000,55,4.1,rest_saludable_19,Organic Bowl,Saludable,5.6317437,-73.5129589,2024,5,18,5,0,600,120,600,120,600,120,600,120,600,120,615,104,584,135,3322888616
complementary_plate_saludable_21,Bowl de Quinoa,Saludable,60000,40,4.5,rest_saludable_13,Vida Sana,Saludable,5.6523744,-73.5117348,2024,9,1,6,1,720,1380,720,1380,720,1380,720,1380,720,1380,700,1365,690,1389,
complementary_plate_saludable_22,Plato Vegano,Saludable,95500,41,3.6,rest_saludable_6,Vida Sana,Saludable,5.6524045,-73.5155997,2024,7,18,3,1,720,1380,720,1380,720,1380,720,1380,720,1380,733,1399,714,1373,
complementary_plate_saludable_23,Sushi Saludable,Saludable,100000,46,4.4,rest_saludable_16,Organic Bowl,Saludable,5.6546829,-73.5274837,2026,1,28,2,0,420,1380,420,1380,420,1380,420,1380,420,1380,377,1373,400,1407,
complementary_plate_saludable_24,Plato Orgánico,Saludable,90500,51,4.3,rest_saludable_15,Healthy Bites,Saludable,5.6565296,-73.5291561,2024,12,8,6,1,720,1380,720,1380,720,1380,720,1380,720,1380,764,1399,731,1414,
complementary_plate_saludable_25,Salmón a la Plancha,Saludable,82000,50,3.8,rest_saludable_10,Vida Sana,Saludable,5.6404537,-73.5160933,2024,8,5,0,0,720,1380,720,1380,720,1380,720,1380,720,1380,670,1422,663,1378,3809297491
complementary_plate_saludable_26,Bowl de Quinoa,Saludable,68000,46,4.3,rest_saludable_12,Organic Bowl,Saludable,5.6400607,-73.5053562,2024,7,30,1,0,600,120,600,120,600,120,600,120,600,120,612,153,610,155,3775711220
complementary_plate_saludable_27,Buddha Bowl Premium,Saludable,98500,48,4.1,rest_saludable_15,Organic Bowl,Saludable,5.6519318,-73.5021307,2026,1,4,6,0,600,120,600,120,600,120,600,120,600,120,609,117,594,103,
complementary_plate_saludable_28,Smoothie Bowl,Saludable,71500,44,4.3,rest_saludable_20,Organic Bowl,Saludable,5.6459986,-73.5357638,2024,2,10,5,1,420,1380,420,1380,420,1380,420,1380,420,1380,470,1361,416,1365,
complementary_plate_saludable_29,Smoothie Bowl del Chef,Saludable,51000,47,3.4,rest_saludable_9,Organic Bowl,Saludable,5.6480787,-73.5338069,2024,8,10,5,0,720,1380,720,1380,720,1380,720,1380,720,1380,738,1367,760,1376,
complementary_plate_saludable_30,Salmón a la Plancha del Chef,Saludable,62000,41,3.5,rest_saludable_14,Green & Co,Saludable,5.6518317,-73.5022105,2025,9,21,6,0,420,1380,420,1380,420,1380,420,1380,420,1380,450,1387,397,1423,
complementary_plate_saludable_31,Wrap de Vegetales,Saludable,86000,33,3.7,rest_saludable_13,Organic Bowl,Saludable,5.6556002,-73.5105386,2025,5,29,3,1,420,1380,420,1380,420,1380,420,1380,420,1380,470,1433,376,1439,
complementary_plate_saludable_32,Ensalada Gourmet,Saludable,76500,48,4.8,rest_saludable_3,Green & Co,Saludable,5.6335198,-73.5046802,2024,4,29,0,1,720,1380,720,1380,720,1380,720,1380,720,1380,733,1430,694,1430,3366600622
complementary_plate_saludable_33,Bowl Poké,Saludable,50000,41,4.3,rest_saludable_12,Green & Co,Saludable,5.6350233,-73.5318947,2024,10,25,4,0,420,1380,420,1380,420,1380,420,1380,420,1380,448,1397,418,1412,3895961452
complementary_plate_saludable_34,Plato Vegano,Saludable,89500,51,4.6,rest_saludable_18,Organic Bowl,Saludable,5.6237593,-73.5164966,2025,2,26,2,0,600,120,600,120,600,120,600,120,600,120,567,144,645,117,3946497974
complementary_plate_saludable_35,Ensalada César,Saludable,69500,49,4.4,rest_saludable_4,Healthy Bites,Saludable,5.6431312,-73.5119544,2026,1,21,2,0,600,120,600,120,600,120,600,120,600,120,640,133,654,177,3311783871
complementary_plate_saludable_36,Buddha Bowl Clásico,Saludable,50000,50,4.2,rest_saludable_3,Vida Sana,Saludable,5.6214377,-73.5127955,2025,5,2,4,0,600,120,600,120,600,120,600,120,600,120,598,90,594,115,3366219344
complementary_plate_saludable_37,Wrap de Vegetales,Saludable,56000,45,3.6,rest_saludable_8,Organic Bowl,Saludable,5.6386239,-73.5236739,2024,2,21,2,1,420,1380,420,1380,420,1380,420,1380,420,1380,370,1397,445,1433,3660569282
complementary_plate_saludable_38,Plato Vegano,Saludable,81000,36,4.0,rest_saludable_15,Vida Sana,Saludable,5.6417058,-73.5393842,2024,8,24,5,0,480,1320,480,1320,480,1320,480,1320,480,1320,510,1302,420,1317,3800231438
complementary_plate_saludable_39,Ensalada Gourmet,Saludable,72000,47,4.1,rest_saludable_8,Healthy Bites,Saludable,5.6314617,-73.516683,2025,11,26,2,1,480,1320,480,1320,480,1320,480,1320,480,1320,509,1333,524,1305,3128658787
complementary_plate_saludable_40,Bowl Poké Premium,Saludable,62500,48,4.4,rest_saludable_5,Healthy Bites,Saludable,5.6436333,-73.5298759,2025,9,23,1,0,480,1320,480,1320,480,1320,480,1320,480,1320,513,1303,433,1330,3255502111
complementary_plate_saludable_41,Bowl Poké Premium,Saludable,58500,36,4.1,rest_saludable_15,Healthy Bites,Saludable,5.62122,-73.5219898,2024,5,17,4,0,480,1320,480,1320,480,1320,480,1320,480,1320,498,1373,441,1346,3689429599
complementary_plate_saludable_42,Sushi Saludable Clásico,Saludable,81000,53,5.0,rest_saludable_5,Healthy Bites,Saludable,5.6214939,-73.5016968,2025,3,21,4,0,480,1320,480,1320,480,1320,480,1320,480,1320,534,1302,437,1305,3772472515
complementary_plate_saludable_43,Sushi Saludable,Saludable,65500,41,3.7,rest_saludable_1,Organic Bowl,Saludable,5.652904,-73.5240386,2024,3,1,4,0,420,1380,420,1380,420,1380,420,1380,420,1380,442,1360,391,1420,
complementary_plate_saludable_44,Buddha Bowl,Saludable,94000,50,3.8,rest_saludable_16,Green & Co,Saludable,5.6344076,-73.5064079,2025,6,6,4,1,720,1380,720,1380,720,1380,720,1380,720,1380,726,1427,725,1374,3168985200
complementary_plate_saludable_45,Bowl de Quinoa,Saludable,100000,58,4.5,rest_saludable_11,Green & Co,Saludable,5.6250824,-73.5324584,2025,2,2,6,0,480,1320,480,1320,480,1320,480,1320,480,1320,450,1353,501,1366,3208204882
complementary_plate_saludable_46,Carpaccio de Atún,Saludable,52500,41,4.4,rest_saludable_1,Healthy Bites,Saludable,5.6408897,-73.5131016,2025,11,24,0,0,600,120,600,120,600,120,600,120,600,120,650,162,593,136,3238174506
complementary_plate_saludable_47,Ensalada Gourmet,Saludable,50500,42,4.3,rest_saludable_13,Healthy Bites,Saludable,5.6507997,-73.5009197,2024,11,30,5,0,480,1320,480,1320,480,1320,480,1320,480,1320,453,1317,425,1297,
complementary_plate_saludable_48,Carpaccio de Atún Premium,Saludable,50000,51,4.3,rest_saludable_19,Organic Bowl,Saludable,5.6286328,-73.5359243,2025,1,2,3,0,720,1380,720,1380,720,1380,720,1380,720,1380,695,1360,699,1360,3634220194
complementary_plate_saludable_49,Ensalada César,Saludable,66000,40,3.9,rest_saludable_15,Healthy Bites,Saludable,5.6449156,-73.5396672,2025,10,11,5,0,420,1380,420,1380,420,1380,420,1380,420,1380,449,1405,453,1380,
complementary_plate_saludable_50,Bowl de Quinoa,Saludable,100000,50,3.9,rest_saludable_1,Vida Sana,Saludable,5.6234139,-73.5226567,2024,2,19,0,0,420,1380,420,1380,420,1380,420,1380,420,1380,445,1434,454,1372,3304214349
complementary_plate_vegetariana_1,Pasta con Vegetales,Vegetariana,14000,80,4.5,rest_vegetariana_1,Sabor Verde,Vegetariana,5.6220673,-73.536295,2025,10,9,3,0,600,120,600,120,600,120,600,120,600,120,584,156,606,123,3974883897
complementary_plate_vegetariana_2,Tacos Vegetarianos,Vegetariana,9000,72,3.4,rest_vegetariana_17,Vegano,Vegetariana,5.6412542,-73.5100646,2024,10,28,0,0,600,120,600,120,600,120,600,120,600,120,574,157,548,123,3597837856
complementary_plate_vegetariana_3,Pasta con Vegetales,Vegetariana,14500,85,4.4,rest_vegetariana_4,Veggie Garden,Vegetariana,5.6416254,-73.5034181,2024,6,29,5,0,480,1320,480,1320,480,1320,480,1320,480,1320,483,1362,441,1337,3500626337
complementary_plate_vegetariana_4,Falafel,Vegetariana,14000,84,4.3,rest_vegetariana_2,Plant Power,Vegetariana,5.6454972,-73.5226392,2025,8,7,3,1,480,1320,480,1320,480,1320,480,1320,480,1320,425,1291,451,1295,
complementary_plate_vegetariana_5,Lasaña Vegetariana del Chef,Vegetariana,15500,81,5.0,rest_vegetariana_17,Sabor Verde,Vegetariana,5.6490437,-73.5296515,2025,10,7,1,0,720,1380,720,1380,720,1380,720,1380,720,1380,701,1381,713,1390,
complementary_plate_vegetariana_6,Pizza Vegetariana Clásico,Vegetariana,10000,73,3.9,rest_vegetariana_3,Sabor Verde,Vegetariana,5.6590341,-73.5226239,2025,3,8,5,1,720,1380,720,1380,720,1380,720,1380,720,1380,688,1416,665,1401,
complementary_plate_vegetariana_7,Lasaña Vegetariana Premium,Vegetariana,13000,75,3.0,rest_vegetariana_19,Vegano,Vegetariana,5.640652,-73.5110621,2025,1,25,5,1,480,1320,480,1320,480,1320,480,1320,480,1320,467,1315,457,1362,3979914298
complementary_plate_vegetariana_8,Pasta con Vegetales,Vegetariana,12500,82,4.0,rest_vegetariana_8,Vegano,Vegetariana,5.6329183,-73.5396378,2026,1,13,1,0,720,1380,720,1380,720,1380,720,1380,720,1380,753,1419,757,1381,3104672412
complementary_plate_vegetariana_9,Curry Vegetariano Clásico,Vegetariana,10000,92,4.3,rest_vegetariana_17,Veggie Garden,Vegetariana,5.6518074,-73.5164218,2025,7,11,4,0,480,1320,480,1320,480,1320,480,1320,480,1320,462,1290,517,1374,
complementary_plate_vegetariana_10,Pizza Vegetariana,Vegetariana,10500,85,4.0,rest_vegetariana_14,Plant Power,Vegetariana,5.6308333,-73.5154683,2024,8,23,4,0,600,120,600,120,600,120,600,120,600,120,602,97,558,125,3985592965
complementary_plate_vegetariana_11,Wrap Vegetal,Vegetariana,10000,69,3.1,rest_vegetariana_19,Vegano,Vegetariana,5.6375589,-73.5144925,2025,11,22,5,0,600,120,600,120,600,120,600,120,600,120,635,100,614,102,3299416696
complementary_plate_vegetariana_12,Lasaña Vegetariana de la Casa,Vegetariana,7000,90,4.1,rest_vegetariana_15,Sabor Verde,Vegetariana,5.6231383,-73.5303191,2025,3,18,1,0,600,120,600,120,600,120,600,120,600,120,624,106,570,127,3247276768
complementary_plate_vegetariana_13,Pizza Vegetariana,Vegetariana,14000,80,4.6,rest_vegetariana_15,Plant Power,Vegetariana,5.621014,-73.5114379,2024,11,3,6,0,720,1380,720,1380,720,1380,720,1380,720,1380,669,1375,677,1424,3274953639
complementary_plate_vegetariana_14,Falafel,Vegetariana,16500,67,2.5,rest_vegetariana_3,Sabor Verde,Vegetariana,5.6585059,-73.5363443,2025,10,7,1,0,600,120,600,120,600,120,600,120,600,120,555,158,585,116,
complementary_plate_vegetariana_15,Hamburguesa Vegetariana,Vegetariana,13500,85,4.0,rest_vegetariana_3,Sabor Verde,Vegetariana,5.6534392,-73.5320292,2025,9,8,0,0,420,1380,420,1380,420,1380,420,1380,420,1380,465,1440,449,1427,
complementary_plate_vegetariana_16,Lasaña Vegetariana,Vegetariana,11000,78,3.5,rest_vegetariana_13,Plant Power,Vegetariana,5.647839,-73.5049012,2026,1,6,1,1,420,1380,420,1380,420,1380,420,1380,420,1380,410,1415,366,1436,
complementary_plate_vegetariana_17,Pizza Vegetariana,Vegetariana,11500,69,3.9,rest_vegetariana_7,Plant Power,Vegetariana,5.6363581,-73.5104511,2025,9,26,4,1,720,1380,720,1380,720,1380,720,1380,720,1380,672,1409,673,1367,3352691908
complementary_plate_vegetariana_18,Pizza Vegetariana,Vegetariana,18000,90,4.1,rest_vegetariana_1,Sabor Verde,Vegetariana,5.6269318,-73.5394502,2025,11,22,5,0,420,1380,420,1380,420,1380,420,1380,420,1380,447,1430,480,1432,3583787141
complementary_plate_vegetariana_19,Pizza Vegetariana Clásico,Vegetariana,11000,69,3.2,rest_vegetariana_15,Veggie Garden,Vegetariana,5.6262575,-73.5300649,2025,12,25,3,0,720,1380,720,1380,720,1380,720,1380,720,1380,775,1432,716,1366,3608920807
complementary_plate_vegetariana_20,Falafel,Vegetariana,12000,79,3.8,rest_vegetariana_12,Vegano,Vegetariana,5.6300097,-73.5314237,2025,8,14,3,0,720,1380,720,1380,720,1380,720,1380,720,1380,778,1423,715,1400,3869896972
complementary_plate_vegetariana_21,Hamburguesa Vegetariana,Vegetariana,12500,73,2.6,rest_vegetariana_10,Plant Power,Vegetariana,5.6419691,-73.5291677,2024,4,15,0,1,720,1380,720,1380,720,1380,720,1380,720,1380,695,1385,717,1369,3314763327
complementary_plate_vegetariana_22,Pizza Vegetariana,Vegetariana,7500,94,4.6,rest_vegetariana_7,Plant Power,Vegetariana,5.6485838,-73.5300976,2024,12,4,2,0,600,120,600,120,600,120,600,120,600,120,652,160,601,97,
complementary_plate_vegetariana_23,Falafel,Vegetariana,12000,76,2.9,rest_vegetariana_9,Sabor Verde,Vegetariana,5.6464079,-73.5374989,2025,1,5,6,0,480,1320,480,1320,480,1320,480,1320,480,1320,468,1335,481,1359,
complementary_plate_vegetariana_24,Lasaña Vegetariana,Vegetariana,10500,81,3.6,rest_vegetariana_12,Vegano,Vegetariana,5.6311974,-73.5216424,2024,8,13,1,0,480,1320,480,1320,480,1320,480,1320,480,1320,460,1366,448,1293,3729443275
complementary_plate_vegetariana_25,Lasaña Vegetariana,Vegetariana,8500,76,4.2,rest_vegetariana_19,Veggie Garden,Vegetariana,5.6581946,-73.5106907,2025,6,27,4,1,720,1380,720,1380,720,1380,720,1380,720,1380,672,1381,744,1380,
complementary_plate_vegetariana_26,Tacos Vegetarianos,Vegetariana,14500,86,5.0,rest_vegetariana_1,Sabor Verde,Vegetariana,5.6495159,-73.5157307,2024,6,11,1,0,420,1380,420,1380,420,1380,420,1380,420,1380,479,1372,382,1380,
complementary_plate_vegetariana_27,Wrap Vegetal,Vegetariana,18000,64,3.2,rest_vegetariana_3,Vegano,Vegetariana,5.6421742,-73.5130851,2025,12,30,1,0,720,1380,720,1380,720,1380,720,1380,720,1380,732,1374,767,1413,3595191497
complementary_plate_vegetariana_28,Falafel,Vegetariana,14500,77,4.3,rest_vegetariana_11,Plant Power,Vegetariana,5.6444688,-73.536754,2025,9,26,4,0,720,1380,720,1380,720,1380,720,1380,720,1380,737,1378,662,1417,
complementary_plate_vegetariana_29,Pasta con Vegetales del Chef,Vegetariana,11000,82,3.8,rest_vegetariana_12,Sabor Verde,Vegetariana,5.636784,-73.5019404,2025,11,24,0,1,420,1380,420,1380,420,1380,420,1380,420,1380,367,1352,378,1425,3775483283
complementary_plate_vegetariana_30,Pasta con Vegetales de la Casa,Vegetariana,14500,73,3.1,rest_vegetariana_11,Vegano,Vegetariana,5.6299092,-73.5064603,2024,4,13,5,0,480,1320,480,1320,480,1320,480,1320,480,1320,463,1328,461,1307,3860863838
complementary_plate_vegetariana_31,Curry Vegetariano,Vegetariana,12500,73,4.1,rest_vegetariana_6,Sabor Verde,Vegetariana,5.6342389,-73.5077964,2025,9,29,0,0,420,1380,420,1380,420,1380,420,1380,420,1380,388,1435,435,1372,3356786883
complementary_plate_vegetariana_32,Tacos Vegetarianos,Vegetariana,7500,71,3.8,rest_vegetariana_19,Plant Power,Vegetariana,5.6503138,-73.5070806,2024,4,23,1,0,600,120,600,120,600,120,600,120,600,120,648,162,544,113,
complementary_plate_vegetariana_33,Arepa con Queso,Vegetariana,17500,90,4.1,rest_vegetariana_3,Sabor Verde,Vegetariana,5.6205757,-73.5026916,2025,8,19,1,0,600,120,600,120,600,120,600,120,600,120,558,132,635,99,3271994262
complementary_plate_vegetariana_34,Pizza Vegetariana,Vegetariana,13500,72,3.4,rest_vegetariana_2,Veggie Garden,Vegetariana,5.6246429,-73.5182298,2026,2,5,3,1,600,120,600,120,600,120,600,120,600,120,541,123,566,121,3385828609
complementary_plate_vegetariana_35,Falafel Clásico,Vegetariana,15500,72,3.5,rest_vegetariana_16,Vegano,Vegetariana,5.6218401,-73.5319887,2025,10,26,6,0,600,120,600,120,600,120,600,120,600,120,633,143,561,142,3621469303
complementary_plate_vegetariana_36,Lasaña Vegetariana,Vegetariana,15500,77,4.0,rest_vegetariana_3,Sabor Verde,Vegetariana,5.6216292,-73.5153287,2025,10,22,2,0,720,1380,720,1380,720,1380,720,1380,720,1380,717,1359,762,1354,3385232149
complementary_plate_vegetariana_37,Wrap Vegetal Especial,Vegetariana,17000,71,3.7,rest_vegetariana_20,Sabor Verde,Vegetariana,5.6542184,-73.5102847,2024,6,8,5,1,720,1380,720,1380,720,1380,720,1380,720,1380,773,1398,680,1359,
complementary_plate_vegetariana_38,Curry Vegetariano,Vegetariana,11500,79,3.9,rest_vegetariana_7,Veggie Garden,Vegetariana,5.6481463,-73.5104833,2025,3,4,1,0,480,1320,480,1320,480,1320,480,1320,480,1320,475,1373,441,1367,
complementary_plate_vegetariana_39,Lasaña Vegetariana,Vegetariana,7000,82,3.9,rest_vegetariana_4,Sabor Verde,Vegetariana,5.638967,-73.519142,2025,6,8,6,0,600,120,600,120,600,120,600,120,600,120,629,160,632,159,3300495076
complementary_plate_vegetariana_40,Pasta con Vegetales,Vegetariana,9000,61,2.7,rest_vegetariana_3,Veggie Garden,Vegetariana,5.6239134,-73.5372617,2024,11,26,1,0,600,120,600,120,600,120,600,120,600,120,613,160,647,152,3404476999
complementary_plate_vegetariana_41,Pasta con Vegetales,Vegetariana,17000,71,3.3,rest_vegetariana_4,Veggie Garden,Vegetariana,5.6396646,-73.5251555,2024,10,10,3,0,600,120,600,120,600,120,600,120,600,120,565,102,543,116,3102009606
complementary_plate_vegetariana_42,Lasaña Vegetariana,Vegetariana,13500,75,3.2,rest_vegetariana_12,Vegano,Vegetariana,5.6389389,-73.5031693,2025,8,1,4,1,600,120,600,120,600,120,600,120,600,120,600,152,654,174,3369995213
complementary_plate_vegetariana_43,Falafel,Vegetariana,16500,77,3.8,rest_vegetariana_19,Plant Power,Vegetariana,5.6269281,-73.516622,2025,5,7,2,0,420,1380,420,1380,420,1380,420,1380,420,1380,383,1407,365,1383,3636330167
complementary_plate_vegetariana_44,Pizza Vegetariana,Vegetariana,12500,85,4.0,rest_vegetariana_8,Vegano,Vegetariana,5.6373541,-73.5184667,2024,6,13,3,0,720,1380,720,1380,720,1380,720,1380,720,1380,756,1439,745,1362,3895844982
complementary_plate_vegetariana_45,Falafel,Vegetariana,11000,70,3.3,rest_vegetariana_10,Plant Power,Vegetariana,5.6359402,-73.5292459,2024,10,7,0,0,600,120,600,120,600,120,600,120,600,120,644,156,593,158,3408146626
complementary_plate_vegetariana_46,Wrap Vegetal del Chef,Vegetariana,16000,72,2.5,rest_vegetariana_15,Plant Power,Vegetariana,5.644634,-73.525262,2025,10,6,0,0,600,120,600,120,600,120,600,120,600,120,655,94,604,163,
complementary_plate_vegetariana_47,Curry Vegetariano,Vegetariana,11500,79,3.6,rest_vegetariana_5,Vegano,Vegetariana,5.6454037,-73.5041862,2025,7,15,1,0,720,1380,720,1380,720,1380,720,1380,720,1380,687,1374,676,1355,
complementary_plate_vegetariana_48,Wrap Vegetal,Vegetariana,8500,81,4.5,rest_vegetariana_17,Sabor Verde,Vegetariana,5.6218122,-73.5133415,2025,4,30,2,1,420,1380,420,1380,420,1380,420,1380,420,1380,476,1358,371,1399,3770388818
complementary_plate_vegetariana_49,Wrap Vegetal Especial,Vegetariana,16000,70,3.3,rest_vegetariana_5,Vegano,Vegetariana,5.6349845,-73.5085045,2025,9,6,5,0,480,1320,480,1320,480,1320,480,1320,480,1320,520,1379,499,1365,3649727410
complementary_plate_vegetariana_50,Wrap Vegetal de la Casa,Vegetariana,17500,75,3.3,rest_vegetariana_16,Sabor Verde,Vegetariana,5.6450344,-73.5218262,2025,1,10,4,1,480,1320,480,1320,480,1320,480,1320,480,1320,492,1302,520,1326,
complementary_plate_vegetariana_51,Tacos Vegetarianos,Vegetariana,16000,85,4.1,rest_vegetariana_13,Vegano,Vegetariana,5.6401255,-73.5147901,2025,12,29,0,0,480,1320,480,1320,480,1320,480,1320,480,1320,442,1325,471,1308,3847409871
complementary_plate_vegetariana_52,Risotto de Hongos,Vegetariana,13500,78,4.8,rest_vegetariana_9,Sabor Verde,Vegetariana,5.6542596,-73.5300647,2025,3,25,1,1,720,1380,720,1380,720,1380,720,1380,720,1380,666,1410,777,1384,
complementary_plate_vegetariana_53,Falafel Clásico,Vegetariana,18000,78,4.2,rest_vegetariana_20,Sabor Verde,Vegetariana,5.6463477,-73.5117816,2024,12,7,5,0,480,1320,480,1320,480,1320,480,1320,480,1320,531,1319,437,1328,
complementary_plate_vegetariana_54,Falafel Clásico,Vegetariana,8500,82,3.7,rest_vegetariana_6,Veggie Garden,Vegetariana,5.6265174,-73.5228959,2024,8,28,2,0,720,1380,720,1380,720,1380,720,1380,720,1380,716,1377,776,1402,3902791392
complementary_plate_vegetariana_55,Wrap Vegetal Especial,Vegetariana,11000,74,4.2,rest_vegetariana_7,Plant Power,Vegetariana,5.6228227,-73.5222982,2025,7,24,3,0,420,1380,420,1380,420,1380,420,1380,420,1380,450,1414,411,1367,3309846384
complementary_plate_vegetariana_56,Arepa con Queso,Vegetariana,13500,73,3.0,rest_vegetariana_13,Vegano,Vegetariana,5.6456968,-73.5140271,2024,9,7,5,0,720,1380,720,1380,720,1380,720,1380,720,1380,664,1408,666,1396,
complementary_plate_vegetariana_57,Falafel,Vegetariana,18000,83,3.4,rest_vegetariana_18,Vegano,Vegetariana,5.6210605,-73.5025488,2024,6,16,6,0,480,1320,480,1320,480,1320,480,1320,480,1320,450,1337,482,1366,3261631357
complementary_plate_vegetariana_58,Pizza Vegetariana,Vegetariana,13500,83,4.0,rest_vegetariana_6,Vegano,Vegetariana,5.643431,-73.5374397,2025,12,18,3,0,420,1380,420,1380,420,1380,420,1380,420,1380,380,1383,455,1438,3704225076
complementary_plate_vegetariana_59,Lasaña Vegetariana,Vegetariana,8000,79,3.1,rest_vegetariana_1,Veggie Garden,Vegetariana,5.6576092,-73.5070103,2024,3,10,6,1,720,1380,720,1380,720,1380,720,1380,720,1380,742,1378,746,1376,
complementary_plate_vegetariana_60,Arepa con Queso,Vegetariana,9000,82,3.8,rest_vegetariana_9,Sabor Verde,Vegetariana,5.643019,-73.5283047,2024,2,8,3,1,720,1380,720,1380,720,1380,720,1380,720,1380,742,1372,736,1351,3922175620
complementary_plate_vegetariana_61,Arepa con Queso,Vegetariana,13500,78,4.4,rest_vegetariana_4,Vegano,Vegetariana,5.6355268,-73.5222432,2024,6,18,1,0,600,120,600,120,600,120,600,120,600,120,649,134,598,122,3542203418
complementary_plate_vegetariana_62,Lasaña Vegetariana,Vegetariana,11000,78,3.6,rest_vegetariana_3,Veggie Garden,Vegetariana,5.6457315,-73.5391235,2024,10,1,1,0,420,1380,420,1380,420,1380,420,1380,420,1380,431,1432,436,1427,
complementary_plate_vegetariana_63,Lasaña Vegetariana,Vegetariana,18000,70,3.6,rest_vegetariana_5,Sabor Verde,Vegetariana,5.6383301,-73.5279582,2025,7,29,1,0,420,1380,420,1380,420,1380,420,1380,420,1380,441,1391,470,1385,3620947088
complementary_plate_vegetariana_64,Risotto de Hongos,Vegetariana,18000,76,4.5,rest_vegetariana_16,Veggie Garden,Vegetariana,5.6418247,-73.5198948,2024,4,6,5,0,480,1320,480,1320,480,1320,480,1320,480,1320,523,1366,471,1374,3894545029
complementary_plate_vegetariana_65,Hamburguesa Vegetariana,Vegetariana,9500,82,4.0,rest_vegetariana_8,Plant Power,Vegetariana,5.6576586,-73.537753,2025,2,20,3,1,420,1380,420,1380,420,1380,420,1380,420,1380,476,1403,411,1399,
complementary_plate_vegetariana_66,Wrap Vegetal,Vegetariana,15000,83,3.5,rest_vegetariana_5,Veggie Garden,Vegetariana,5.6354441,-73.5203562,2024,10,12,5,0,420,1380,420,1380,420,1380,420,1380,420,1380,424,1388,468,1371,3875414276
complementary_plate_vegetariana_67,Arepa con Queso,Vegetariana,10000,74,2.7,rest_vegetariana_11,Sabor Verde,Vegetariana,5.6584476,-73.5029156,2024,12,3,1,0,720,1380,720,1380,720,1380,720,1380,720,1380,747,1392,743,1361,
complementary_plate_vegetariana_68,Falafel,Vegetariana,15000,84,4.2,rest_vegetariana_7,Veggie Garden,Vegetariana,5.656214,-73.5357843,2024,10,11,4,0,420,1380,420,1380,420,1380,420,1380,420,1380,434,1387,419,1365,
complementary_plate_vegetariana_69,Pasta con Vegetales,Vegetariana,8500,82,3.8,rest_vegetariana_14,Plant Power,Vegetariana,5.6278316,-73.5094224,2025,2,21,4,1,600,120,600,120,600,120,600,120,600,120,607,128,592,96,3553139524
complementary_plate_vegetariana_70,Falafel,Vegetariana,18000,71,2.6,rest_vegetariana_2,Plant Power,Vegetariana,5.6227745,-73.5236132,2025,3,23,6,0,720,1380,720,1380,720,1380,720,1380,720,1380,700,1373,759,1360,3393574773
complementary_plate_vegetariana_71,Tacos Vegetarianos de la Casa,Vegetariana,15500,90,4.8,rest_vegetariana_20,Veggie Garden,Vegetariana,5.6240311,-73.5137931,2025,9,27,5,1,600,120,600,120,600,120,600,120,600,120,575,116,637,111,3244997434
complementary_plate_vegetariana_72,Hamburguesa Vegetariana,Vegetariana,11000,75,4.1,rest_vegetariana_1,Plant Power,Vegetariana,5.6207289,-73.5295905,2025,1,20,0,0,600,120,600,120,600,120,600,120,600,120,591,144,601,139,3554642720
complementary_plate_vegetariana_73,Arepa con Queso,Vegetariana,12000,80,4.6,rest_vegetariana_5,Sabor Verde,Vegetariana,5.6237777,-73.5336203,2025,3,24,0,0,720,1380,720,1380,720,1380,720,1380,720,1380,662,1436,660,1430,3253580861
complementary_plate_vegetariana_74,Pizza Vegetariana Clásico,Vegetariana,13000,72,3.9,rest_vegetariana_17,Sabor Verde,Vegetariana,5.6473203,-73.5335815,2024,10,28,0,0,600,120,600,120,600,120,600,120,600,120,604,165,579,111,
complementary_plate_vegetariana_75,Falafel,Vegetariana,9500,89,4.0,rest_vegetariana_13,Plant Power,Vegetariana,5.6228475,-73.5371803,2025,8,22,4,0,600,120,600,120,600,120,600,120,600,120,653,177,557,133,3884977775
complementary_plate_vegetariana_76,Tacos Vegetarianos,Vegetariana,9500,65,3.3,rest_vegetariana_2,Veggie Garden,Vegetariana,5.632759,-73.5325741,2025,1,27,0,1,720,1380,720,1380,720,1380,720,1380,720,1380,688,1366,687,1352,3458469096
complementary_plate_vegetariana_77,Tacos Vegetarianos Especial,Vegetariana,12500,78,3.9,rest_vegetariana_4,Veggie Garden,Vegetariana,5.653795,-73.5134312,2025,12,19,4,1,420,1380,420,1380,420,1380,420,1380,420,1380,458,1418,439,1356,
complementary_plate_vegetariana_78,Falafel Premium,Vegetariana,13000,77,3.7,rest_vegetariana_14,Veggie Garden,Vegetariana,5.6209309,-73.5047324,2025,4,4,4,0,600,120,600,120,600,120,600,120,600,120,588,105,610,122,3862532565
complementary_plate_vegetariana_79,Curry Vegetariano Especial,Vegetariana,13000,61,3.1,rest_vegetariana_4,Veggie Garden,Vegetariana,5.6525787,-73.507435,2025,4,23,2,0,420,1380,420,1380,420,1380,420,1380,420,1380,439,1427,449,1367,
complementary_plate_vegetariana_80,Wrap Vegetal Clásico,Vegetariana,16000,73,3.3,rest_vegetariana_6,Vegano,Vegetariana,5.6312742,-73.5125946,2025,4,10,3,0,600,120,600,120,600,120,600,120,600,120,565,167,565,123,3409714810
complementary_plate_vegetariana_81,Risotto de Hongos,Vegetariana,8000,69,3.5,rest_vegetariana_3,Veggie Garden,Vegetariana,5.6247266,-73.5355827,2024,3,21,3,0,600,120,600,120,600,120,600,120,600,120,656,116,628,151,3343033537
complementary_plate_vegetariana_82,Pizza Vegetariana Especial,Vegetariana,9000,87,4.1,rest_vegetariana_8,Sabor Verde,Vegetariana,5.6478695,-73.5284325,2024,4,18,3,1,600,120,600,120,600,120,600,120,600,120,559,101,639,155,
complementary_plate_vegetariana_83,Pasta con Vegetales Clásico,Vegetariana,7500,83,4.5,rest_vegetariana_11,Sabor Verde,Vegetariana,5.6451577,-73.5276077,2024,3,15,4,1,420,1380,420,1380,420,1380,420,1380,420,1380,393,1409,366,1362,
complementary_plate_vegetariana_84,Pasta con Vegetales,Vegetariana,10000,67,3.7,rest_vegetariana_9,Vegano,Vegetariana,5.6550989,-73.5300017,2024,5,11,5,0,480,1320,480,1320,480,1320,480,1320,480,1320,432,1295,421,1307,
complementary_plate_vegetariana_85,Curry Vegetariano,Vegetariana,14000,80,4.2,rest_vegetariana_13,Vegano,Vegetariana,5.6494028,-73.5193998,2025,5,4,6,1,420,1380,420,1380,420,1380,420,1380,420,1380,464,1393,383,1364,
complementary_plate_vegetariana_86,Hamburguesa Vegetariana Premium,Vegetariana,8500,72,4.1,rest_vegetariana_19,Veggie Garden,Vegetariana,5.6521392,-73.5185778,2024,12,7,5,1,600,120,600,120,600,120,600,120,600,120,623,111,554,106,
complementary_plate_vegetariana_87,Tacos Vegetarianos,Vegetariana,11000,95,5.0,rest_vegetariana_16,Plant Power,Vegetariana,5.6312814,-73.5257246,2024,9,30,0,0,600,120,600,120,600,120,600,120,600,120,563,168,588,135,3249730387
complementary_plate_vegetariana_88,Risotto de Hongos,Vegetariana,16500,69,3.4,rest_vegetariana_11,Plant Power,Vegetariana,5.6270976,-73.5258484,2024,3,23,5,0,600,120,600,120,600,120,600,120,600,120,596,95,548,123,3836497333
complementary_plate_vegetariana_89,Curry Vegetariano,Vegetariana,10500,82,3.3,rest_vegetariana_6,Veggie Garden,Vegetariana,5.6500246,-73.5068578,2026,1,26,0,1,600,120,600,120,600,120,600,120,600,120,624,121,601,134,
complementary_plate_vegetariana_90,Risotto de Hongos,Vegetariana,14000,82,3.3,rest_vegetariana_17,Sabor Verde,Vegetariana,5.6522734,-73.5084283,2025,12,17,2,0,600,120,600,120,600,120,600,120,600,120,651,111,549,152,
complementary_plate_vegetariana_91,Falafel de la Casa,Vegetariana,13500,84,3.8,rest_vegetariana_15,Veggie Garden,Vegetariana,5.6596202,-73.5276882,2024,9,14,5,0,600,120,600,120,600,120,600,120,600,120,591,120,550,148,
complementary_plate_vegetariana_92,Curry Vegetariano,Vegetariana,16500,68,3.8,rest_vegetariana_20,Veggie Garden,Vegetariana,5.6365047,-73.5034485,2025,11,5,2,0,480,1320,480,1320,480,1320,480,1320,480,1320,483,1373,422,1303,3233126358
complementary_plate_vegetariana_93,Risotto de Hongos Premium,Vegetariana,10000,72,2.5,rest_vegetariana_18,Vegano,Vegetariana,5.6348807,-73.5018874,2025,3,4,1,1,720,1380,720,1380,720,1380,720,1380,720,1380,743,1435,718,1393,3822988434
complementary_plate_vegetariana_94,Arepa con Queso,Vegetariana,10500,72,3.5,rest_vegetariana_10,Sabor Verde,Vegetariana,5.6510565,-73.5269303,2024,4,29,0,0,420,1380,420,1380,420,1380,420,1380,420,1380,451,1407,374,1362,
complementary_plate_vegetariana_95,Curry Vegetariano,Vegetariana,18000,82,4.4,rest_vegetariana_4,Plant Power,Vegetariana,5.6336321,-73.525823,2025,7,29,1,1,480,1320,480,1320,480,1320,480,1320,480,1320,425,1311,483,1307,3104036405
complementary_plate_vegetariana_96,Pizza Vegetariana Especial,Vegetariana,8500,88,3.9,rest_vegetariana_15,Veggie Garden,Vegetariana,5.6572303,-73.5197746,2024,11,2,5,0,720,1380,720,1380,720,1380,720,1380,720,1380,718,1374,751,1393,
complementary_plate_vegetariana_97,Wrap Vegetal del Chef,Vegetariana,8000,93,4.6,rest_vegetariana_6,Vegano,Vegetariana,5.6543365,-73.5023552,2024,9,4,2,0,600,120,600,120,600,120,600,120,600,120,540,157,634,96,
complementary_plate_vegetariana_98,Tacos Vegetarianos del Chef,Vegetariana,11000,76,3.9,rest_vegetariana_20,Vegano,Vegetariana,5.6371598,-73.5049472,2024,12,5,3,0,720,1380,720,1380,720,1380,720,1380,720,1380,673,1399,744,1426,3219626780
complementary_plate_vegetariana_99,Pasta con Vegetales,Vegetariana,12000,66,3.1,rest_vegetariana_18,Sabor Verde,Vegetariana,5.6500348,-73.5358973,2024,2,19,0,0,420,1380,420,1380,420,1380,420,1380,420,1380,410,1393,397,1407,
complementary_plate_vegetariana_100,Risotto de Hongos Premium,Vegetariana,14000,80,3.5,rest_vegetariana_18,Plant Power,Vegetariana,5.6501817,-73.5242908,2024,9,9,0,0,720,1380,720,1380,720,1380,720,1380,720,1380,685,1376,739,1387,
complementary_plate_vegetariana_101,Tacos Vegetarianos,Vegetariana,14000,65,3.4,rest_vegetariana_18,Vegano,Vegetariana,5.624125,-73.5178652,2024,3,18,0,0,480,1320,480,1320,480,1320,480,1320,480,1320,517,1335,491,1351,3921508926
complementary_plate_vegetariana_102,Hamburguesa Vegetariana,Vegetariana,8500,70,3.6,rest_vegetariana_2,Veggie Garden,Vegetariana,5.6561021,-73.5198747,2024,3,22,4,0,600,120,600,120,600,120,600,120,600,120,643,91,606,103,
complementary_plate_vegetariana_103,Lasaña Vegetariana,Vegetariana,15000,74,4.0,rest_vegetariana_10,Veggie Garden,Vegetariana,5.6402101,-73.5322455,2024,3,1,4,0,420,1380,420,1380,420,1380,420,1380,420,1380,456,1370,396,1437,3807514728
complementary_plate_vegetariana_104,Wrap Vegetal del Chef,Vegetariana,14500,72,3.7,rest_vegetariana_17,Vegano,Vegetariana,5.6530583,-73.5056473,2025,6,8,6,0,480,1320,480,1320,480,1320,480,1320,480,1320,465,1347,433,1368,
complementary_plate_vegetariana_105,Risotto de Hongos Especial,Vegetariana,18000,78,3.7,rest_vegetariana_7,Veggie Garden,Vegetariana,5.632802,-73.5129224,2025,5,25,6,1,480,1320,480,1320,480,1320,480,1320,480,1320,538,1338,469,1343,3389921241
complementary_plate_vegetariana_106,Risotto de Hongos del Chef,Vegetariana,13000,84,3.9,rest_vegetariana_10,Plant Power,Vegetariana,5.6558209,-73.5064837,2025,7,23,2,1,720,1380,720,1380,720,1380,720,1380,720,1380,776,1431,750,1440,
complementary_plate_vegetariana_107,Wrap Vegetal,Vegetariana,11500,85,3.6,rest_vegetariana_9,Veggie Garden,Vegetariana,5.6355681,-73.5056494,2024,11,25,0,0,720,1380,720,1380,720,1380,720,1380,720,1380,747,1359,683,1372,3180320156
complementary_plate_vegetariana_108,Hamburguesa Vegetariana,Vegetariana,14500,76,3.1,rest_vegetariana_5,Plant Power,Vegetariana,5.6204335,-73.5100658,2025,12,28,6,0,720,1380,720,1380,720,1380,720,1380,720,1380,680,1424,768,1382,3870365456
complementary_plate_vegetariana_109,Lasaña Vegetariana,Vegetariana,14000,72,4.0,rest_vegetariana_11,Sabor Verde,Vegetariana,5.6562153,-73.5224316,2025,11,24,0,0,480,1320,480,1320,480,1320,480,1320,480,1320,519,1370,498,1374,
complementary_plate_vegetariana_110,Pasta con Vegetales,Vegetariana,11500,78,3.4,rest_vegetariana_12,Vegano,Vegetariana,5.6236515,-73.5155781,2025,11,4,1,0,720,1380,720,1380,720,1380,720,1380,720,1380,726,1358,760,1414,3305233721
complementary_plate_vegetariana_111,Lasaña Vegetariana,Vegetariana,15000,67,3.5,rest_vegetariana_1,Vegano,Vegetariana,5.6327725,-73.5335854,2024,7,12,4,0,720,1380,720,1380,720,1380,720,1380,720,1380,744,1392,702,1396,3586634820
complementary_plate_vegetariana_112,Tacos Vegetarianos Premium,Vegetariana,9500,66,3.4,rest_vegetariana_11,Veggie Garden,Vegetariana,5.6580025,-73.5130542,2024,3,10,6,1,420,1380,420,1380,420,1380,420,1380,420,1380,417,1380,475,1432,
complementary_plate_vegetariana_113,Hamburguesa Vegetariana Clásico,Vegetariana,14000,85,3.9,rest_vegetariana_2,Vegano,Vegetariana,5.6580243,-73.5328299,2024,9,26,3,0,480,1320,480,1320,480,1320,480,1320,480,1320,469,1322,489,1326,
complementary_plate_vegetariana_114,Pasta con Vegetales del Chef,Vegetariana,8500,73,4.3,rest_vegetariana_3,Veggie Garden,Vegetariana,5.6429375,-73.512242,2024,5,6,0,0,720,1380,720,1380,720,1380,720,1380,720,1380,701,1415,670,1362,3915250513
complementary_plate_vegetariana_115,Arepa con Queso,Vegetariana,11000,74,3.1,rest_vegetariana_3,Vegano,Vegetariana,5.6452735,-73.5308161,2024,4,15,0,0,720,1380,720,1380,720,1380,720,1380,720,1380,770,1437,714,1363,
complementary_plate_vegetariana_116,Pizza Vegetariana,Vegetariana,7000,86,4.3,rest_vegetariana_3,Sabor Verde,Vegetariana,5.6379378,-73.5352979,2024,7,15,0,0,480,1320,480,1320,480,1320,480,1320,480,1320,478,1332,424,1301,3452974291
complementary_plate_vegetariana_117,Curry Vegetariano,Vegetariana,11000,73,3.8,rest_vegetariana_4,Veggie Garden,Vegetariana,5.6317284,-73.5333886,2025,1,4,5,0,420,1380,420,1380,420,1380,420,1380,420,1380,412,1399,417,1430,3841863848
complementary_plate_vegetariana_118,Pizza Vegetariana,Vegetariana,14500,75,3.6,rest_vegetariana_10,Veggie Garden,Vegetariana,5.6331466,-73.5399203,2025,4,16,2,0,480,1320,480,1320,480,1320,480,1320,480,1320,516,1364,425,1379,3978065584
complementary_plate_vegetariana_119,Hamburguesa Vegetariana,Vegetariana,12500,77,3.9,rest_vegetariana_13,Plant Power,Vegetariana,5.6469007,-73.5112504,2025,9,20,5,0,420,1380,420,1380,420,1380,420,1380,420,1380,457,1406,408,1400,
complementary_plate_vegetariana_120,Risotto de Hongos Especial,Vegetariana,15000,79,3.6,rest_vegetariana_2,Plant Power,Vegetariana,5.650095,-73.510704,2025,10,3,4,0,720,1380,720,1380,720,1380,720,1380,720,1380,698,1436,773,1432,
complementary_plate_vegetariana_1,Arepa con Queso Clásico,Vegetariana,30500,55,3.7,rest_vegetariana_17,Plant Power,Vegetariana,5.6516632,-73.5194027,2024,12,11,2,0,600,120,600,120,600,120,600,120,600,120,608,160,550,129,
complementary_plate_vegetariana_2,Arepa con Queso,Vegetariana,40000,40,2.8,rest_vegetariana_15,Veggie Garden,Vegetariana,5.6515847,-73.5335455,2024,7,24,2,0,720,1380,720,1380,720,1380,720,1380,720,1380,683,1378,738,1382,
complementary_plate_vegetariana_3,Arepa con Queso de la Casa,Vegetariana,26000,56,3.9,rest_vegetariana_5,Sabor Verde,Vegetariana,5.6236482,-73.5366578,2025,2,6,3,0,420,1380,420,1380,420,1380,420,1380,420,1380,445,1358,392,1362,3161316090
complementary_plate_vegetariana_4,Risotto de Hongos,Vegetariana,37500,76,5.0,rest_vegetariana_10,Sabor Verde,Vegetariana,5.6397768,-73.5392348,2024,5,16,3,0,480,1320,480,1320,480,1320,480,1320,480,1320,456,1369,428,1314,3553044610
complementary_plate_vegetariana_5,Hamburguesa Vegetariana,Vegetariana,40500,48,3.4,rest_vegetariana_14,Plant Power,Vegetariana,5.6223024,-73.5333701,2024,2,8,3,0,420,1380,420,1380,420,1380,420,1380,420,1380,463,1390,414,1371,3981898249
complementary_plate_vegetariana_6,Falafel,Vegetariana,45000,55,3.7,rest_vegetariana_16,Sabor Verde,Vegetariana,5.6419812,-73.5043658,2025,3,31,0,0,420,1380,420,1380,420,1380,420,1380,420,1380,377,1436,453,1392,3172112225
complementary_plate_vegetariana_7,Pasta con Vegetales Premium,Vegetariana,38500,74,5.0,rest_vegetariana_3,Sabor Verde,Vegetariana,5.6376612,-73.5303385,2024,5,6,0,0,720,1380,720,1380,720,1380,720,1380,720,1380,742,1427,670,1385,3179601871
complementary_plate_vegetariana_8,Tacos Vegetarianos,Vegetariana,22500,65,3.7,rest_vegetariana_18,Plant Power,Vegetariana,5.6555082,-73.5258291,2025,12,31,2,0,480,1320,480,1320,480,1320,480,1320,480,1320,528,1354,500,1293,
complementary_plate_vegetariana_9,Arepa con Queso del Chef,Vegetariana,45000,75,4.6,rest_vegetariana_15,Sabor Verde,Vegetariana,5.6340366,-73.5357862,2025,9,22,0,0,600,120,600,120,600,120,600,120,600,120,623,109,586,140,3260896635
complementary_plate_vegetariana_10,Arepa con Queso del Chef,Vegetariana,24500,53,4.0,rest_vegetariana_5,Plant Power,Vegetariana,5.6246827,-73.5311055,2024,8,29,3,1,600,120,600,120,600,120,600,120,600,120,586,154,541,174,3313057303
complementary_plate_vegetariana_11,Pasta con Vegetales de la Casa,Vegetariana,36000,50,3.9,rest_vegetariana_8,Sabor Verde,Vegetariana,5.6257197,-73.519231,2025,12,27,5,1,720,1380,720,1380,720,1380,720,1380,720,1380,682,1422,732,1434,3773262153
complementary_plate_vegetariana_12,Hamburguesa Vegetariana,Vegetariana,26000,56,2.9,rest_vegetariana_16,Sabor Verde,Vegetariana,5.6504604,-73.5156899,2025,1,5,6,1,720,1380,720,1380,720,1380,720,1380,720,1380,668,1383,707,1379,
complementary_plate_vegetariana_13,Wrap Vegetal,Vegetariana,29500,43,2.6,rest_vegetariana_19,Sabor Verde,Vegetariana,5.6447287,-73.5301859,2025,5,13,1,0,480,1320,480,1320,480,1320,480,1320,480,1320,425,1373,461,1303,
complementary_plate_vegetariana_14,Pizza Vegetariana,Vegetariana,45000,49,3.4,rest_vegetariana_17,Vegano,Vegetariana,5.6240449,-73.5376907,2025,6,23,0,1,600,120,600,120,600,120,600,120,600,120,623,138,586,165,3545118378
complementary_plate_vegetariana_15,Tacos Vegetarianos,Vegetariana,34500,50,4.0,rest_vegetariana_6,Plant Power,Vegetariana,5.6233643,-73.5243587,2024,11,13,2,0,420,1380,420,1380,420,1380,420,1380,420,1380,464,1394,422,1411,3509566646
complementary_plate_vegetariana_16,Pasta con Vegetales,Vegetariana,36500,70,5.0,rest_vegetariana_4,Sabor Verde,Vegetariana,5.6480388,-73.5306319,2024,5,31,4,0,480,1320,480,1320,480,1320,480,1320,480,1320,485,1372,455,1317,
complementary_plate_vegetariana_17,Falafel,Vegetariana,26500,69,4.3,rest_vegetariana_19,Vegano,Vegetariana,5.6229105,-73.5312178,2025,7,6,6,0,600,120,600,120,600,120,600,120,600,120,643,132,632,104,3839209434
complementary_plate_vegetariana_18,Tacos Vegetarianos,Vegetariana,43500,60,3.8,rest_vegetariana_17,Plant Power,Vegetariana,5.6528744,-73.5016055,2024,5,3,4,0,600,120,600,120,600,120,600,120,600,120,542,121,545,106,
complementary_plate_vegetariana_19,Wrap Vegetal del Chef,Vegetariana,39500,59,3.7,rest_vegetariana_10,Veggie Garden,Vegetariana,5.6482497,-73.515348,2024,3,31,6,0,720,1380,720,1380,720,1380,720,1380,720,1380,667,1371,693,1373,
complementary_plate_vegetariana_20,Pasta con Vegetales,Vegetariana,40500,59,3.7,rest_vegetariana_5,Vegano,Vegetariana,5.623254,-73.5177249,2024,6,1,5,0,720,1380,720,1380,720,1380,720,1380,720,1380,717,1427,720,1411,3965106149
complementary_plate_vegetariana_21,Tacos Vegetarianos,Vegetariana,27000,61,3.9,rest_vegetariana_13,Plant Power,Vegetariana,5.6233935,-73.523369,2025,1,15,2,0,420,1380,420,1380,420,1380,420,1380,420,1380,381,1437,403,1408,3393492755
complementary_plate_vegetariana_22,Curry Vegetariano del Chef,Vegetariana,28000,54,4.1,rest_vegetariana_16,Veggie Garden,Vegetariana,5.6594656,-73.5228422,2025,8,9,5,0,480,1320,480,1320,480,1320,480,1320,480,1320,422,1315,486,1354,
complementary_plate_vegetariana_23,Tacos Vegetarianos,Vegetariana,24000,53,3.6,rest_vegetariana_14,Veggie Garden,Vegetariana,5.6349708,-73.5183638,2024,3,14,3,1,480,1320,480,1320,480,1320,480,1320,480,1320,431,1351,504,1306,3874703656
complementary_plate_vegetariana_24,Curry Vegetariano,Vegetariana,29500,50,3.4,rest_vegetariana_12,Vegano,Vegetariana,5.6348257,-73.5121428,2025,1,12,6,0,420,1380,420,1380,420,1380,420,1380,420,1380,471,1355,449,1417,3495424693
complementary_plate_vegetariana_25,Pizza Vegetariana,Vegetariana,40000,62,4.0,rest_vegetariana_7,Vegano,Vegetariana,5.652512,-73.5119142,2025,5,19,0,0,600,120,600,120,600,120,600,120,600,120,557,122,601,119,
complementary_plate_vegetariana_26,Hamburguesa Vegetariana,Vegetariana,33500,55,4.3,rest_vegetariana_11,Plant Power,Vegetariana,5.6578899,-73.5331322,2024,3,4,0,1,480,1320,480,1320,480,1320,480,1320,480,1320,493,1356,435,1356,
complementary_plate_vegetariana_27,Tacos Vegetarianos,Vegetariana,22500,65,3.9,rest_vegetariana_12,Vegano,Vegetariana,5.65944,-73.5199955,2024,7,8,0,0,420,1380,420,1380,420,1380,420,1380,420,1380,373,1369,414,1433,
complementary_plate_vegetariana_28,Wrap Vegetal,Vegetariana,24500,61,3.7,rest_vegetariana_18,Sabor Verde,Vegetariana,5.6501351,-73.5235217,2024,7,14,6,1,600,120,600,120,600,120,600,120,600,120,636,116,592,160,
complementary_plate_vegetariana_29,Curry Vegetariano Especial,Vegetariana,18000,77,4.2,rest_vegetariana_6,Plant Power,Vegetariana,5.6350504,-73.5051789,2024,11,6,2,0,420,1380,420,1380,420,1380,420,1380,420,1380,399,1423,404,1440,3495546082
complementary_plate_vegetariana_30,Wrap Vegetal,Vegetariana,45000,52,3.4,rest_vegetariana_13,Veggie Garden,Vegetariana,5.62334,-73.5147432,2025,8,26,1,0,720,1380,720,1380,720,1380,720,1380,720,1380,725,1401,760,1393,3737823342
complementary_plate_vegetariana_31,Curry Vegetariano,Vegetariana,45000,48,3.6,rest_vegetariana_12,Sabor Verde,Vegetariana,5.6510859,-73.5186998,2025,6,24,1,0,480,1320,480,1320,480,1320,480,1320,480,1320,525,1308,480,1366,
complementary_plate_vegetariana_32,Tacos Vegetarianos,Vegetariana,28500,59,3.9,rest_vegetariana_20,Sabor Verde,Vegetariana,5.6423362,-73.5353842,2024,2,9,4,0,480,1320,480,1320,480,1320,480,1320,480,1320,512,1339,539,1341,3174741149
complementary_plate_vegetariana_33,Arepa con Queso del Chef,Vegetariana,45000,53,4.3,rest_vegetariana_2,Sabor Verde,Vegetariana,5.6369689,-73.5157745,2025,7,22,1,0,720,1380,720,1380,720,1380,720,1380,720,1380,741,1413,716,1351,3708304436
complementary_plate_vegetariana_34,Hamburguesa Vegetariana Especial,Vegetariana,36000,46,3.2,rest_vegetariana_12,Sabor Verde,Vegetariana,5.6562542,-73.5353118,2024,12,24,1,1,720,1380,720,1380,720,1380,720,1380,720,1380,746,1354,706,1380,
complementary_plate_vegetariana_35,Pizza Vegetariana del Chef,Vegetariana,45000,66,4.6,rest_vegetariana_19,Sabor Verde,Vegetariana,5.6244479,-73.5265117,2024,7,14,6,0,600,120,600,120,600,120,600,120,600,120,615,115,606,91,3975281301
complementary_plate_vegetariana_36,Arepa con Queso,Vegetariana,24500,53,3.9,rest_vegetariana_1,Vegano,Vegetariana,5.639705,-73.5342863,2024,6,28,4,0,420,1380,420,1380,420,1380,420,1380,420,1380,464,1385,388,1427,3629396869
complementary_plate_vegetariana_37,Pizza Vegetariana,Vegetariana,45000,63,5.0,rest_vegetariana_17,Sabor Verde,Vegetariana,5.6204541,-73.5123171,2025,10,10,4,0,720,1380,720,1380,720,1380,720,1380,720,1380,712,1414,673,1421,3103835598
complementary_plate_vegetariana_38,Falafel Clásico,Vegetariana,22500,62,3.9,rest_vegetariana_15,Vegano,Vegetariana,5.6387464,-73.5317499,2024,3,11,0,0,420,1380,420,1380,420,1380,420,1380,420,1380,448,1406,408,1422,3373417498
complementary_plate_vegetariana_39,Arepa con Queso,Vegetariana,29000,67,4.8,rest_vegetariana_14,Plant Power,Vegetariana,5.6222521,-73.5243256,2025,3,20,3,0,600,120,600,120,600,120,600,120,600,120,554,123,548,138,3856027145
complementary_plate_vegetariana_40,Pizza Vegetariana,Vegetariana,30500,54,3.9,rest_vegetariana_18,Sabor Verde,Vegetariana,5.6247527,-73.504173,2025,11,21,4,0,480,1320,480,1320,480,1320,480,1320,480,1320,509,1323,451,1326,3961941832
complementary_plate_vegetariana_41,Lasaña Vegetariana,Vegetariana,30500,63,4.1,rest_vegetariana_7,Plant Power,Vegetariana,5.624701,-73.5318273,2024,9,14,5,0,600,120,600,120,600,120,600,120,600,120,580,135,567,163,3987468512
complementary_plate_vegetariana_42,Arepa con Queso del Chef,Vegetariana,31500,62,4.0,rest_vegetariana_4,Sabor Verde,Vegetariana,5.6459684,-73.5196878,2025,8,31,6,0,720,1380,720,1380,720,1380,720,1380,720,1380,771,1383,686,1379,
complementary_plate_vegetariana_43,Hamburguesa Vegetariana del Chef,Vegetariana,29500,64,4.5,rest_vegetariana_12,Veggie Garden,Vegetariana,5.6498418,-73.5232291,2024,10,1,1,0,480,1320,480,1320,480,1320,480,1320,480,1320,506,1374,483,1368,
complementary_plate_vegetariana_44,Falafel,Vegetariana,32000,51,3.0,rest_vegetariana_8,Sabor Verde,Vegetariana,5.6433348,-73.539275,2024,12,26,3,0,600,120,600,120,600,120,600,120,600,120,654,163,651,125,3458874437
complementary_plate_vegetariana_45,Hamburguesa Vegetariana,Vegetariana,21500,51,3.9,rest_vegetariana_6,Vegano,Vegetariana,5.6584869,-73.5082897,2024,3,6,2,1,480,1320,480,1320,480,1320,480,1320,480,1320,487,1344,481,1359,
complementary_plate_vegetariana_46,Hamburguesa Vegetariana,Vegetariana,38000,46,3.4,rest_vegetariana_19,Plant Power,Vegetariana,5.6349948,-73.5372382,2025,1,14,1,0,480,1320,480,1320,480,1320,480,1320,480,1320,509,1356,478,1330,3210622138
complementary_plate_vegetariana_47,Pasta con Vegetales,Vegetariana,45000,59,4.5,rest_vegetariana_16,Plant Power,Vegetariana,5.6314285,-73.5210298,2025,5,7,2,0,420,1380,420,1380,420,1380,420,1380,420,1380,406,1428,470,1383,3190607715
complementary_plate_vegetariana_48,Curry Vegetariano Clásico,Vegetariana,36000,71,4.3,rest_vegetariana_9,Sabor Verde,Vegetariana,5.654744,-73.5175729,2024,12,23,0,1,420,1380,420,1380,420,1380,420,1380,420,1380,383,1413,414,1376,
complementary_plate_vegetariana_49,Arepa con Queso Clásico,Vegetariana,19000,89,4.5,rest_vegetariana_14,Plant Power,Vegetariana,5.6289438,-73.5148629,2024,7,18,3,1,720,1380,720,1380,720,1380,720,1380,720,1380,733,1366,733,1437,3108669441
complementary_plate_vegetariana_50,Pasta con Vegetales,Vegetariana,28500,66,4.0,rest_vegetariana_17,Plant Power,Vegetariana,5.6585289,-73.5124547,2024,5,2,3,0,720,1380,720,1380,720,1380,720,1380,720,1380,678,1369,720,1351,
complementary_plate_vegetariana_51,Hamburguesa Vegetariana,Vegetariana,31500,63,4.2,rest_vegetariana_7,Plant Power,Vegetariana,5.6204862,-73.5298691,2025,12,7,6,0,600,120,600,120,600,120,600,120,600,120,578,122,611,162,3847675075
complementary_plate_vegetariana_52,Risotto de Hongos,Vegetariana,18500,81,4.6,rest_vegetariana_18,Sabor Verde,Vegetariana,5.6587952,-73.5396008,2024,7,13,5,0,600,120,600,120,600,120,600,120,600,120,647,170,552,147,
complementary_plate_vegetariana_53,Tacos Vegetarianos,Vegetariana,45000,59,3.1,rest_vegetariana_12,Plant Power,Vegetariana,5.6217264,-73.5110623,2025,4,21,0,0,420,1380,420,1380,420,1380,420,1380,420,1380,362,1402,375,1394,3602794834
complementary_plate_vegetariana_54,Curry Vegetariano,Vegetariana,31000,68,4.0,rest_vegetariana_5,Vegano,Vegetariana,5.6556457,-73.5185737,2024,5,1,2,0,600,120,600,120,600,120,600,120,600,120,639,147,653,100,
complementary_plate_vegetariana_55,Curry Vegetariano Especial,Vegetariana,30500,64,4.6,rest_vegetariana_11,Veggie Garden,Vegetariana,5.641108,-73.5065553,2025,8,25,0,0,420,1380,420,1380,420,1380,420,1380,420,1380,413,1430,438,1423,3955062488
complementary_plate_vegetariana_56,Lasaña Vegetariana,Vegetariana,21000,61,4.4,rest_vegetariana_15,Vegano,Vegetariana,5.6597186,-73.5071445,2025,5,5,0,0,420,1380,420,1380,420,1380,420,1380,420,1380,400,1433,397,1440,
complementary_plate_vegetariana_57,Pasta con Vegetales Clásico,Vegetariana,37500,48,2.5,rest_vegetariana_6,Veggie Garden,Vegetariana,5.6229519,-73.506267,2025,7,6,6,1,600,120,600,120,600,120,600,120,600,120,592,111,563,92,3582145076
complementary_plate_vegetariana_58,Wrap Vegetal,Vegetariana,45000,66,4.1,rest_vegetariana_3,Vegano,Vegetariana,5.6421542,-73.5205962,2024,8,19,0,0,480,1320,480,1320,480,1320,480,1320,480,1320,432,1298,539,1350,3936385870
complementary_plate_vegetariana_59,Curry Vegetariano,Vegetariana,33500,72,4.8,rest_vegetariana_15,Plant Power,Vegetariana,5.6587721,-73.5266549,2025,4,22,1,0,420,1380,420,1380,420,1380,420,1380,420,1380,439,1369,370,1433,
complementary_plate_vegetariana_60,Risotto de Hongos Clásico,Vegetariana,45000,53,2.9,rest_vegetariana_18,Vegano,Vegetariana,5.6409239,-73.5083377,2024,10,16,2,0,720,1380,720,1380,720,1380,720,1380,720,1380,727,1371,663,1354,3671204143
complementary_plate_vegetariana_61,Tacos Vegetarianos,Vegetariana,39000,55,4.5,rest_vegetariana_18,Vegano,Vegetariana,5.6451759,-73.5219482,2024,8,19,0,0,600,120,600,120,600,120,600,120,600,120,557,179,609,112,
complementary_plate_vegetariana_62,Falafel,Vegetariana,31000,56,3.3,rest_vegetariana_5,Vegano,Vegetariana,5.6478299,-73.5326623,2025,5,16,4,0,420,1380,420,1380,420,1380,420,1380,420,1380,421,1419,389,1361,
complementary_plate_vegetariana_63,Risotto de Hongos,Vegetariana,45000,65,4.3,rest_vegetariana_16,Veggie Garden,Vegetariana,5.6381816,-73.505801,2024,3,4,0,1,480,1320,480,1320,480,1320,480,1320,480,1320,420,1356,524,1307,3195782135
complementary_plate_vegetariana_64,Tacos Vegetarianos,Vegetariana,32000,67,4.2,rest_vegetariana_12,Veggie Garden,Vegetariana,5.6451023,-73.5046976,2024,7,25,3,0,420,1380,420,1380,420,1380,420,1380,420,1380,361,1405,462,1387,
complementary_plate_vegetariana_65,Arepa con Queso,Vegetariana,27500,57,4.2,rest_vegetariana_8,Vegano,Vegetariana,5.6433726,-73.5213476,2025,1,15,2,0,600,120,600,120,600,120,600,120,600,120,652,161,595,140,3637750371
complementary_plate_vegetariana_66,Tacos Vegetarianos Clásico,Vegetariana,19500,64,3.3,rest_vegetariana_18,Sabor Verde,Vegetariana,5.6560463,-73.536972,2024,4,13,5,0,480,1320,480,1320,480,1320,480,1320,480,1320,474,1370,450,1356,
complementary_plate_vegetariana_67,Lasaña Vegetariana,Vegetariana,30000,58,4.2,rest_vegetariana_15,Vegano,Vegetariana,5.6218179,-73.524487,2024,5,15,2,0,600,120,600,120,600,120,600,120,600,120,564,98,563,107,3630663837
complementary_plate_vegetariana_68,Hamburguesa Vegetariana Especial,Vegetariana,32500,66,3.8,rest_vegetariana_10,Plant Power,Vegetariana,5.6312385,-73.5078585,2025,10,25,5,0,600,120,600,120,600,120,600,120,600,120,564,131,542,109,3873574680
complementary_plate_vegetariana_69,Arepa con Queso,Vegetariana,18000,78,3.9,rest_vegetariana_7,Veggie Garden,Vegetariana,5.6580165,-73.503929,2024,9,19,3,0,720,1380,720,1380,720,1380,720,1380,720,1380,751,1406,753,1351,
complementary_plate_vegetariana_70,Hamburguesa Vegetariana,Vegetariana,36000,77,5.0,rest_vegetariana_9,Plant Power,Vegetariana,5.6556106,-73.5318611,2025,12,11,3,1,600,120,600,120,600,120,600,120,600,120,579,153,587,149,
complementary_plate_vegetariana_71,Lasaña Vegetariana Especial,Vegetariana,34000,59,4.6,rest_vegetariana_13,Veggie Garden,Vegetariana,5.6382263,-73.5373211,2025,5,28,2,1,480,1320,480,1320,480,1320,480,1320,480,1320,489,1350,443,1314,3647550656
complementary_plate_vegetariana_72,Pizza Vegetariana,Vegetariana,31500,50,2.7,rest_vegetariana_13,Plant Power,Vegetariana,5.6448053,-73.504906,2024,10,10,3,0,720,1380,720,1380,720,1380,720,1380,720,1380,754,1354,685,1408,
complementary_plate_vegetariana_73,Wrap Vegetal,Vegetariana,23500,70,4.4,rest_vegetariana_10,Sabor Verde,Vegetariana,5.6310952,-73.5244238,2024,10,2,2,0,420,1380,420,1380,420,1380,420,1380,420,1380,380,1430,453,1355,3682455596
complementary_plate_vegetariana_74,Arepa con Queso Premium,Vegetariana,26000,53,3.8,rest_vegetariana_1,Vegano,Vegetariana,5.6275248,-73.5183296,2025,3,11,1,0,420,1380,420,1380,420,1380,420,1380,420,1380,473,1356,470,1435,3456164675
complementary_plate_vegetariana_75,Hamburguesa Vegetariana del Chef,Vegetariana,18000,76,3.5,rest_vegetariana_20,Vegano,Vegetariana,5.6385479,-73.5012774,2024,3,4,0,0,420,1380,420,1380,420,1380,420,1380,420,1380,434,1365,410,1381,3900011270
complementary_plate_vegetariana_76,Falafel,Vegetariana,29000,61,3.3,rest_vegetariana_2,Sabor Verde,Vegetariana,5.6341341,-73.5373374,2024,5,7,1,0,420,1380,420,1380,420,1380,420,1380,420,1380,458,1361,391,1370,3113321008
complementary_plate_vegetariana_77,Pizza Vegetariana,Vegetariana,41000,67,3.9,rest_vegetariana_18,Plant Power,Vegetariana,5.6433462,-73.5140673,2025,3,19,2,0,420,1380,420,1380,420,1380,420,1380,420,1380,442,1369,449,1418,3280345992
complementary_plate_vegetariana_78,Curry Vegetariano,Vegetariana,35500,51,3.7,rest_vegetariana_2,Plant Power,Vegetariana,5.6231094,-73.5370358,2025,5,26,0,1,600,120,600,120,600,120,600,120,600,120,633,114,542,178,3960085411
complementary_plate_vegetariana_79,Falafel,Vegetariana,39500,58,3.9,rest_vegetariana_12,Plant Power,Vegetariana,5.6589758,-73.5249812,2024,7,30,1,0,600,120,600,120,600,120,600,120,600,120,611,127,609,179,
complementary_plate_vegetariana_80,Pasta con Vegetales,Vegetariana,30000,60,3.9,rest_vegetariana_10,Plant Power,Vegetariana,5.6594484,-73.5078474,2024,11,3,6,0,600,120,600,120,600,120,600,120,600,120,575,166,657,160,
complementary_plate_vegetariana_81,Wrap Vegetal,Vegetariana,45000,50,3.6,rest_vegetariana_20,Plant Power,Vegetariana,5.6479265,-73.5226611,2026,1,18,6,0,420,1380,420,1380,420,1380,420,1380,420,1380,418,1350,459,1431,
complementary_plate_vegetariana_82,Curry Vegetariano,Vegetariana,31500,60,4.2,rest_vegetariana_5,Vegano,Vegetariana,5.6414439,-73.5001127,2024,7,22,0,0,720,1380,720,1380,720,1380,720,1380,720,1380,701,1358,744,1418,3485694956
complementary_plate_vegetariana_83,Pizza Vegetariana,Vegetariana,45000,60,4.2,rest_vegetariana_5,Veggie Garden,Vegetariana,5.6323811,-73.5176376,2025,12,24,2,0,420,1380,420,1380,420,1380,420,1380,420,1380,412,1432,401,1364,3603580717
complementary_plate_vegetariana_84,Pizza Vegetariana,Vegetariana,45000,47,3.6,rest_vegetariana_16,Vegano,Vegetariana,5.6525518,-73.5271535,2024,4,4,3,0,480,1320,480,1320,480,1320,480,1320,480,1320,445,1303,482,1314,
complementary_plate_vegetariana_85,Hamburguesa Vegetariana Premium,Vegetariana,43000,48,3.8,rest_vegetariana_15,Vegano,Vegetariana,5.6473892,-73.5311955,2025,11,17,0,0,480,1320,480,1320,480,1320,480,1320,480,1320,466,1318,497,1299,
complementary_plate_vegetariana_86,Hamburguesa Vegetariana Clásico,Vegetariana,30500,52,3.5,rest_vegetariana_10,Veggie Garden,Vegetariana,5.6265047,-73.5259792,2025,11,26,2,0,420,1380,420,1380,420,1380,420,1380,420,1380,431,1403,465,1397,3808646053
complementary_plate_vegetariana_87,Wrap Vegetal,Vegetariana,43500,47,3.0,rest_vegetariana_8,Plant Power,Vegetariana,5.6564371,-73.5250987,2024,8,17,5,0,720,1380,720,1380,720,1380,720,1380,720,1380,726,1362,672,1379,
complementary_plate_vegetariana_88,Tacos Vegetarianos,Vegetariana,42500,60,4.1,rest_vegetariana_14,Vegano,Vegetariana,5.6529015,-73.5372515,2024,2,18,6,0,600,120,600,120,600,120,600,120,600,120,635,103,638,171,
complementary_plate_vegetariana_89,Wrap Vegetal,Vegetariana,23000,58,4.3,rest_vegetariana_20,Plant Power,Vegetariana,5.657992,-73.525217,2024,8,9,4,1,720,1380,720,1380,720,1380,720,1380,720,1380,761,1373,730,1401,
complementary_plate_vegetariana_90,Risotto de Hongos,Vegetariana,29500,44,3.2,rest_vegetariana_20,Vegano,Vegetariana,5.6490288,-73.5214305,2025,3,12,2,0,420,1380,420,1380,420,1380,420,1380,420,1380,475,1390,430,1391,
complementary_plate_vegetariana_91,Risotto de Hongos de la Casa,Vegetariana,31000,58,3.8,rest_vegetariana_2,Vegano,Vegetariana,5.6445366,-73.5110905,2026,2,6,4,0,720,1380,720,1380,720,1380,720,1380,720,1380,708,1420,778,1382,
complementary_plate_vegetariana_92,Hamburguesa Vegetariana,Vegetariana,45000,60,3.5,rest_vegetariana_11,Plant Power,Vegetariana,5.6367297,-73.5137308,2025,7,2,2,0,480,1320,480,1320,480,1320,480,1320,480,1320,486,1307,533,1328,3701540339
complementary_plate_vegetariana_93,Tacos Vegetarianos Premium,Vegetariana,29500,54,3.9,rest_vegetariana_15,Veggie Garden,Vegetariana,5.6573091,-73.5116494,2025,12,30,1,0,420,1380,420,1380,420,1380,420,1380,420,1380,477,1420,425,1421,
complementary_plate_vegetariana_94,Arepa con Queso,Vegetariana,45000,49,3.3,rest_vegetariana_19,Sabor Verde,Vegetariana,5.6546426,-73.5396655,2025,11,4,1,1,720,1380,720,1380,720,1380,720,1380,720,1380,677,1383,706,1424,
complementary_plate_vegetariana_95,Falafel,Vegetariana,33000,62,3.8,rest_vegetariana_10,Veggie Garden,Vegetariana,5.6218087,-73.5312933,2024,6,7,4,0,720,1380,720,1380,720,1380,720,1380,720,1380,753,1359,752,1391,3345626264
complementary_plate_vegetariana_96,Risotto de Hongos de la Casa,Vegetariana,35000,62,4.5,rest_vegetariana_8,Vegano,Vegetariana,5.6210547,-73.5135326,2025,10,6,0,0,600,120,600,120,600,120,600,120,600,120,550,97,657,132,3890364059
complementary_plate_vegetariana_97,Risotto de Hongos,Vegetariana,34500,52,4.1,rest_vegetariana_17,Plant Power,Vegetariana,5.6350585,-73.5206404,2025,3,9,6,0,600,120,600,120,600,120,600,120,600,120,546,129,607,95,3578114158
complementary_plate_vegetariana_98,Falafel del Chef,Vegetariana,33000,48,3.5,rest_vegetariana_14,Veggie Garden,Vegetariana,5.6524221,-73.5397875,2025,6,24,1,0,720,1380,720,1380,720,1380,720,1380,720,1380,666,1436,753,1400,
complementary_plate_vegetariana_99,Falafel,Vegetariana,37000,56,3.8,rest_vegetariana_13,Veggie Garden,Vegetariana,5.659491,-73.5078202,2024,7,25,3,0,600,120,600,120,600,120,600,120,600,120,558,106,583,100,
complementary_plate_vegetariana_100,Pasta con Vegetales de la Casa,Vegetariana,40500,59,4.0,rest_vegetariana_13,Plant Power,Vegetariana,5.6260167,-73.5090876,2024,9,25,2,0,480,1320,480,1320,480,1320,480,1320,480,1320,471,1354,475,1379,3892006236
complementary_plate_vegetariana_1,Risotto de Hongos,Vegetariana,68000,38,4.0,rest_vegetariana_14,Veggie Garden,Vegetariana,5.6437652,-73.5180632,2025,10,14,1,1,720,1380,720,1380,720,1380,720,1380,720,1380,691,1359,694,1405,3154659450
complementary_plate_vegetariana_2,Tacos Vegetarianos,Vegetariana,53000,44,3.0,rest_vegetariana_12,Sabor Verde,Vegetariana,5.6352356,-73.5373415,2025,8,17,6,1,420,1380,420,1380,420,1380,420,1380,420,1380,404,1374,401,1394,3909107354
complementary_plate_vegetariana_3,Arepa con Queso,Vegetariana,54500,46,3.8,rest_vegetariana_4,Plant Power,Vegetariana,5.6587966,-73.5093394,2025,11,11,1,0,720,1380,720,1380,720,1380,720,1380,720,1380,716,1355,778,1379,
complementary_plate_vegetariana_4,Hamburguesa Vegetariana,Vegetariana,48500,64,3.7,rest_vegetariana_15,Veggie Garden,Vegetariana,5.6536848,-73.5166515,2025,3,31,0,1,720,1380,720,1380,720,1380,720,1380,720,1380,739,1368,771,1386,
complementary_plate_vegetariana_5,Arepa con Queso,Vegetariana,77500,45,3.7,rest_vegetariana_16,Sabor Verde,Vegetariana,5.6535331,-73.5087216,2024,7,25,3,0,480,1320,480,1320,480,1320,480,1320,480,1320,462,1316,514,1358,
complementary_plate_vegetariana_6,Wrap Vegetal,Vegetariana,64000,50,4.6,rest_vegetariana_10,Plant Power,Vegetariana,5.6387477,-73.5099301,2025,12,7,6,0,480,1320,480,1320,480,1320,480,1320,480,1320,468,1364,535,1374,3301330730
complementary_plate_vegetariana_7,Pizza Vegetariana,Vegetariana,90000,41,3.9,rest_vegetariana_12,Sabor Verde,Vegetariana,5.6365928,-73.5078799,2024,3,30,5,0,420,1380,420,1380,420,1380,420,1380,420,1380,366,1409,443,1351,3691366520
complementary_plate_vegetariana_8,Curry Vegetariano,Vegetariana,77000,46,4.0,rest_vegetariana_16,Veggie Garden,Vegetariana,5.6309363,-73.5192797,2025,3,20,3,0,480,1320,480,1320,480,1320,480,1320,480,1320,457,1373,469,1319,3833045800
complementary_plate_vegetariana_9,Hamburguesa Vegetariana,Vegetariana,45000,68,4.1,rest_vegetariana_16,Sabor Verde,Vegetariana,5.622255,-73.534387,2025,3,2,6,1,720,1380,720,1380,720,1380,720,1380,720,1380,685,1414,718,1421,3962719921
complementary_plate_vegetariana_10,Risotto de Hongos,Vegetariana,71000,36,3.8,rest_vegetariana_9,Plant Power,Vegetariana,5.6545889,-73.5131537,2024,9,11,2,0,720,1380,720,1380,720,1380,720,1380,720,1380,662,1394,747,1395,
complementary_plate_vegetariana_11,Wrap Vegetal Premium,Vegetariana,90000,37,3.2,rest_vegetariana_13,Plant Power,Vegetariana,5.652516,-73.515181,2025,2,22,5,0,420,1380,420,1380,420,1380,420,1380,420,1380,472,1399,473,1353,
complementary_plate_vegetariana_12,Tacos Vegetarianos Premium,Vegetariana,55500,43,4.1,rest_vegetariana_19,Vegano,Vegetariana,5.6599887,-73.5103099,2025,6,5,3,0,480,1320,480,1320,480,1320,480,1320,480,1320,513,1338,486,1376,
complementary_plate_vegetariana_13,Wrap Vegetal,Vegetariana,63000,40,2.9,rest_vegetariana_18,Plant Power,Vegetariana,5.6598655,-73.5332048,2024,6,22,5,0,600,120,600,120,600,120,600,120,600,120,579,167,582,147,
complementary_plate_vegetariana_14,Pasta con Vegetales,Vegetariana,67500,50,4.7,rest_vegetariana_19,Plant Power,Vegetariana,5.6422173,-73.532201,2024,4,6,5,0,720,1380,720,1380,720,1380,720,1380,720,1380,699,1438,750,1417,3393645044
complementary_plate_vegetariana_15,Pasta con Vegetales,Vegetariana,88500,30,2.5,rest_vegetariana_11,Plant Power,Vegetariana,5.6507595,-73.5043836,2026,1,7,2,1,420,1380,420,1380,420,1380,420,1380,420,1380,368,1421,428,1365,
complementary_plate_vegetariana_16,Lasaña Vegetariana,Vegetariana,68500,40,3.0,rest_vegetariana_5,Plant Power,Vegetariana,5.6577906,-73.5100009,2025,10,20,0,0,600,120,600,120,600,120,600,120,600,120,578,146,635,171,
complementary_plate_vegetariana_17,Tacos Vegetarianos,Vegetariana,67000,42,3.5,rest_vegetariana_8,Plant Power,Vegetariana,5.6539859,-73.5036709,2024,6,6,3,0,480,1320,480,1320,480,1320,480,1320,480,1320,517,1368,498,1324,
complementary_plate_vegetariana_18,Pasta con Vegetales,Vegetariana,67500,43,4.2,rest_vegetariana_12,Vegano,Vegetariana,5.6298939,-73.5096514,2024,2,8,3,0,480,1320,480,1320,480,1320,480,1320,480,1320,465,1300,508,1351,3159036718
complementary_plate_vegetariana_19,Arepa con Queso,Vegetariana,72500,50,3.9,rest_vegetariana_9,Vegano,Vegetariana,5.6380218,-73.5161138,2026,1,22,3,1,600,120,600,120,600,120,600,120,600,120,602,150,557,110,3226718975
complementary_plate_vegetariana_20,Pizza Vegetariana,Vegetariana,90000,39,2.7,rest_vegetariana_16,Vegano,Vegetariana,5.6251664,-73.5138347,2024,5,16,3,0,720,1380,720,1380,720,1380,720,1380,720,1380,755,1435,685,1376,3555142112
complementary_plate_vegetariana_21,Hamburguesa Vegetariana,Vegetariana,68000,37,3.2,rest_vegetariana_13,Vegano,Vegetariana,5.658162,-73.5044349,2025,3,23,6,0,600,120,600,120,600,120,600,120,600,120,653,121,594,141,
complementary_plate_vegetariana_22,Arepa con Queso,Vegetariana,48500,55,4.2,rest_vegetariana_18,Vegano,Vegetariana,5.644247,-73.5168477,2025,12,28,6,1,480,1320,480,1320,480,1320,480,1320,480,1320,477,1348,525,1295,
complementary_plate_vegetariana_23,Lasaña Vegetariana Clásico,Vegetariana,79500,63,5.0,rest_vegetariana_14,Vegano,Vegetariana,5.6291457,-73.5147043,2025,8,20,2,0,480,1320,480,1320,480,1320,480,1320,480,1320,444,1327,476,1340,3431335978
complementary_plate_vegetariana_24,Falafel de la Casa,Vegetariana,64000,42,4.4,rest_vegetariana_4,Veggie Garden,Vegetariana,5.646868,-73.5337409,2024,9,12,3,0,480,1320,480,1320,480,1320,480,1320,480,1320,508,1356,535,1308,
complementary_plate_vegetariana_25,Hamburguesa Vegetariana,Vegetariana,45000,56,3.9,rest_vegetariana_3,Plant Power,Vegetariana,5.6447251,-73.5210432,2024,10,29,1,0,720,1380,720,1380,720,1380,720,1380,720,1380,710,1402,701,1407,
complementary_plate_vegetariana_26,Pizza Vegetariana,Vegetariana,60500,39,4.1,rest_vegetariana_12,Vegano,Vegetariana,5.6343265,-73.5113441,2024,4,28,6,0,420,1380,420,1380,420,1380,420,1380,420,1380,448,1433,476,1370,3550373834
complementary_plate_vegetariana_27,Curry Vegetariano,Vegetariana,51500,39,3.7,rest_vegetariana_11,Veggie Garden,Vegetariana,5.6245423,-73.5291623,2025,8,16,5,0,600,120,600,120,600,120,600,120,600,120,633,155,618,110,3997392700
complementary_plate_vegetariana_28,Curry Vegetariano,Vegetariana,55500,43,4.5,rest_vegetariana_6,Vegano,Vegetariana,5.6468629,-73.5319098,2025,4,17,3,0,720,1380,720,1380,720,1380,720,1380,720,1380,771,1368,682,1356,
complementary_plate_vegetariana_29,Hamburguesa Vegetariana,Vegetariana,45000,62,4.0,rest_vegetariana_1,Vegano,Vegetariana,5.6408123,-73.5274469,2024,7,30,1,1,720,1380,720,1380,720,1380,720,1380,720,1380,685,1350,739,1382,3558409273
complementary_plate_vegetariana_30,Falafel,Vegetariana,83000,24,2.5,rest_vegetariana_20,Veggie Garden,Vegetariana,5.6508927,-73.53034,2024,6,1,5,0,720,1380,720,1380,720,1380,720,1380,720,1380,687,1425,744,1410,
complementary_plate_parrilla_1,T-Bone,Parrilla,25000,61,3.7,rest_parrilla_6,Carbón y Leña,Parrilla,5.6408065,-73.5314035,2025,12,18,3,0,720,1380,720,1380,720,1380,720,1380,720,1380,772,1420,695,1429,3842478154
complementary_plate_parrilla_2,Churrasco,Parrilla,23500,64,4.6,rest_parrilla_3,Parrilla Argentina,Parrilla,5.6540873,-73.523006,2025,3,4,1,0,480,1320,480,1320,480,1320,480,1320,480,1320,503,1334,424,1308,
complementary_plate_parrilla_3,Asado de Tira,Parrilla,13500,76,3.1,rest_parrilla_19,Carbón y Leña,Parrilla,5.6420763,-73.5036865,2024,10,28,0,0,480,1320,480,1320,480,1320,480,1320,480,1320,473,1312,440,1376,3448533073
complementary_plate_parrilla_4,Baby Beef de la Casa,Parrilla,23500,49,3.6,rest_parrilla_16,El Asador,Parrilla,5.6424375,-73.5197176,2025,4,13,6,0,480,1320,480,1320,480,1320,480,1320,480,1320,431,1328,461,1337,3624846685
complementary_plate_parrilla_5,Baby Beef,Parrilla,25000,54,2.8,rest_parrilla_2,Carbón y Leña,Parrilla,5.6550661,-73.5324832,2024,5,21,1,0,480,1320,480,1320,480,1320,480,1320,480,1320,508,1325,462,1357,
complementary_plate_parrilla_6,Asado de Tira,Parrilla,19500,74,2.8,rest_parrilla_17,Parrilla Argentina,Parrilla,5.6361393,-73.5369211,2025,5,17,5,0,480,1320,480,1320,480,1320,480,1320,480,1320,481,1378,497,1380,3456632054
complementary_plate_parrilla_7,Chorizo Criollo,Parrilla,22500,58,2.9,rest_parrilla_20,La Brasa,Parrilla,5.6253606,-73.5121538,2025,8,6,2,0,720,1380,720,1380,720,1380,720,1380,720,1380,738,1422,723,1416,3480069513
complementary_plate_parrilla_8,Entraña,Parrilla,25000,68,4.0,rest_parrilla_20,El Asador,Parrilla,5.6211513,-73.524688,2025,7,9,2,1,420,1380,420,1380,420,1380,420,1380,420,1380,384,1350,375,1353,3679667281
complementary_plate_parrilla_9,T-Bone,Parrilla,21500,59,4.3,rest_parrilla_10,Carbón y Leña,Parrilla,5.6502055,-73.5071268,2024,3,2,5,0,600,120,600,120,600,120,600,120,600,120,545,132,584,161,
complementary_plate_parrilla_10,Punta de Anca Especial,Parrilla,25000,70,4.4,rest_parrilla_13,Parrilla Argentina,Parrilla,5.6448124,-73.5136196,2025,2,22,5,0,480,1320,480,1320,480,1320,480,1320,480,1320,459,1328,484,1360,
complementary_plate_parrilla_11,T-Bone,Parrilla,16500,84,3.5,rest_parrilla_5,La Brasa,Parrilla,5.6481632,-73.5081503,2026,1,1,3,1,720,1380,720,1380,720,1380,720,1380,720,1380,684,1392,766,1393,
complementary_plate_parrilla_12,Punta de Anca,Parrilla,25000,68,4.4,rest_parrilla_17,La Brasa,Parrilla,5.6285186,-73.5291222,2025,12,11,3,0,720,1380,720,1380,720,1380,720,1380,720,1380,740,1408,774,1418,3884735674
complementary_plate_parrilla_13,Ribeye,Parrilla,17500,59,2.6,rest_parrilla_5,Parrilla Argentina,Parrilla,5.6254549,-73.5123056,2025,12,1,0,0,420,1380,420,1380,420,1380,420,1380,420,1380,431,1418,362,1376,3243042878
complementary_plate_parrilla_14,Costillas BBQ,Parrilla,17000,87,3.8,rest_parrilla_20,La Brasa,Parrilla,5.6205818,-73.5294375,2025,7,30,2,0,480,1320,480,1320,480,1320,480,1320,480,1320,463,1338,500,1358,3290069324
complementary_plate_parrilla_15,Asado de Tira,Parrilla,25000,53,4.0,rest_parrilla_12,La Brasa,Parrilla,5.6340235,-73.5024373,2025,6,8,6,1,420,1380,420,1380,420,1380,420,1380,420,1380,450,1390,450,1354,3257923831
complementary_plate_parrilla_16,Picada Mixta,Parrilla,20500,66,4.9,rest_parrilla_3,El Asador,Parrilla,5.6435967,-73.514545,2025,7,15,1,1,420,1380,420,1380,420,1380,420,1380,420,1380,387,1417,398,1372,3960204717
complementary_plate_parrilla_17,Costillas BBQ,Parrilla,23000,63,4.1,rest_parrilla_10,La Brasa,Parrilla,5.6356898,-73.5270195,2024,8,19,0,0,480,1320,480,1320,480,1320,480,1320,480,1320,522,1351,535,1354,3733284994
complementary_plate_parrilla_18,T-Bone Premium,Parrilla,19500,72,3.9,rest_parrilla_13,El Asador,Parrilla,5.637499,-73.5292195,2024,10,24,3,0,720,1380,720,1380,720,1380,720,1380,720,1380,758,1362,765,1416,3601581769
complementary_plate_parrilla_19,Picada Mixta,Parrilla,18500,83,4.6,rest_parrilla_17,El Asador,Parrilla,5.6561663,-73.5323629,2025,10,24,4,0,480,1320,480,1320,480,1320,480,1320,480,1320,459,1295,507,1366,
complementary_plate_parrilla_20,Punta de Anca,Parrilla,25000,68,4.0,rest_parrilla_18,Parrilla Argentina,Parrilla,5.6339302,-73.5122144,2025,4,29,1,0,480,1320,480,1320,480,1320,480,1320,480,1320,493,1329,501,1316,3114418934
complementary_plate_parrilla_21,Costillas BBQ,Parrilla,16500,76,3.5,rest_parrilla_18,El Asador,Parrilla,5.6405596,-73.5312514,2024,5,10,4,0,600,120,600,120,600,120,600,120,600,120,625,105,574,109,3192122861
complementary_plate_parrilla_22,Asado de Tira,Parrilla,25000,39,2.9,rest_parrilla_8,Parrilla Argentina,Parrilla,5.6513461,-73.5161879,2024,6,29,5,0,720,1380,720,1380,720,1380,720,1380,720,1380,729,1394,730,1390,
complementary_plate_parrilla_23,Parrillada Completa,Parrilla,12000,72,4.2,rest_parrilla_16,Carbón y Leña,Parrilla,5.6358617,-73.5294146,2026,1,8,3,0,480,1320,480,1320,480,1320,480,1320,480,1320,459,1368,534,1333,3394027954
complementary_plate_parrilla_24,Baby Beef,Parrilla,13000,76,4.5,rest_parrilla_12,La Brasa,Parrilla,5.6448835,-73.5135212,2024,5,16,3,0,480,1320,480,1320,480,1320,480,1320,480,1320,469,1296,431,1344,
complementary_plate_parrilla_25,Parrillada Completa,Parrilla,15500,88,4.0,rest_parrilla_5,La Brasa,Parrilla,5.6544945,-73.5074024,2024,7,5,4,0,420,1380,420,1380,420,1380,420,1380,420,1380,464,1375,451,1435,
complementary_plate_parrilla_26,T-Bone de la Casa,Parrilla,18500,75,3.6,rest_parrilla_8,La Brasa,Parrilla,5.6579808,-73.508879,2025,6,14,5,0,600,120,600,120,600,120,600,120,600,120,552,148,579,177,
complementary_plate_parrilla_27,Chorizo Criollo Clásico,Parrilla,17500,66,3.2,rest_parrilla_16,Parrilla Argentina,Parrilla,5.6258829,-73.5095659,2024,10,30,2,0,420,1380,420,1380,420,1380,420,1380,420,1380,476,1396,410,1373,3833437000
complementary_plate_parrilla_28,Entraña Clásico,Parrilla,19000,65,2.9,rest_parrilla_19,Parrilla Argentina,Parrilla,5.6570635,-73.5324911,2024,5,29,2,0,480,1320,480,1320,480,1320,480,1320,480,1320,480,1304,464,1351,
complementary_plate_parrilla_29,T-Bone,Parrilla,12000,76,3.7,rest_parrilla_15,Parrilla Argentina,Parrilla,5.6396847,-73.5364646,2024,8,10,5,1,480,1320,480,1320,480,1320,480,1320,480,1320,471,1303,461,1361,3462705285
complementary_plate_parrilla_30,Costillas BBQ de la Casa,Parrilla,13000,84,4.0,rest_parrilla_7,El Asador,Parrilla,5.6303298,-73.512042,2025,2,23,6,1,600,120,600,120,600,120,600,120,600,120,570,169,571,160,3313540458
complementary_plate_parrilla_31,Lomo de Res,Parrilla,19500,82,3.3,rest_parrilla_19,El Asador,Parrilla,5.6383654,-73.5252661,2024,2,9,4,1,600,120,600,120,600,120,600,120,600,120,612,133,609,178,3264634456
complementary_plate_parrilla_32,Parrillada Completa,Parrilla,25000,59,4.4,rest_parrilla_10,La Brasa,Parrilla,5.6592013,-73.5227062,2025,8,10,6,1,480,1320,480,1320,480,1320,480,1320,480,1320,495,1366,479,1331,
complementary_plate_parrilla_33,Baby Beef,Parrilla,23500,65,4.7,rest_parrilla_7,El Asador,Parrilla,5.6397047,-73.538754,2025,11,6,3,0,480,1320,480,1320,480,1320,480,1320,480,1320,496,1303,507,1366,3180975216
complementary_plate_parrilla_34,Entraña,Parrilla,18000,76,3.2,rest_parrilla_19,La Brasa,Parrilla,5.6331501,-73.5296169,2024,5,17,4,1,480,1320,480,1320,480,1320,480,1320,480,1320,516,1308,504,1309,3594751675
complementary_plate_parrilla_35,Asado de Tira,Parrilla,12000,89,4.7,rest_parrilla_12,Parrilla Argentina,Parrilla,5.645336,-73.5386529,2024,11,18,0,0,720,1380,720,1380,720,1380,720,1380,720,1380,686,1437,772,1390,
complementary_plate_parrilla_36,Asado de Tira,Parrilla,12000,74,4.1,rest_parrilla_18,El Asador,Parrilla,5.6296058,-73.5048326,2026,2,6,4,0,480,1320,480,1320,480,1320,480,1320,480,1320,498,1355,471,1306,3809774176
complementary_plate_parrilla_37,Lomo de Res,Parrilla,23000,62,4.7,rest_parrilla_11,La Brasa,Parrilla,5.6230345,-73.5302641,2024,5,7,1,1,480,1320,480,1320,480,1320,480,1320,480,1320,530,1326,530,1293,3724256693
complementary_plate_parrilla_38,T-Bone,Parrilla,18500,69,3.7,rest_parrilla_18,Carbón y Leña,Parrilla,5.6251552,-73.5177065,2025,7,29,1,1,600,120,600,120,600,120,600,120,600,120,588,145,609,117,3571689764
complementary_plate_parrilla_39,T-Bone,Parrilla,20500,53,4.0,rest_parrilla_1,El Asador,Parrilla,5.6251218,-73.5384408,2025,11,25,1,0,420,1380,420,1380,420,1380,420,1380,420,1380,467,1403,379,1386,3814953352
complementary_plate_parrilla_40,Costillas BBQ,Parrilla,18500,83,3.7,rest_parrilla_20,La Brasa,Parrilla,5.6260761,-73.5133261,2024,10,28,0,1,600,120,600,120,600,120,600,120,600,120,624,145,557,100,3250357841
complementary_plate_parrilla_41,Entraña,Parrilla,14000,78,4.2,rest_parrilla_14,Carbón y Leña,Parrilla,5.6255531,-73.5270789,2025,7,31,3,0,720,1380,720,1380,720,1380,720,1380,720,1380,718,1415,714,1420,3260576055
complementary_plate_parrilla_42,Asado de Tira,Parrilla,14500,68,3.4,rest_parrilla_2,Parrilla Argentina,Parrilla,5.645635,-73.5040832,2026,1,3,5,1,600,120,600,120,600,120,600,120,600,120,648,120,631,154,
complementary_plate_parrilla_43,Picada Mixta,Parrilla,14000,57,2.7,rest_parrilla_17,Parrilla Argentina,Parrilla,5.6272752,-73.5044753,2024,10,18,4,0,420,1380,420,1380,420,1380,420,1380,420,1380,374,1424,421,1438,3977656916
complementary_plate_parrilla_44,T-Bone,Parrilla,21500,63,4.1,rest_parrilla_2,Parrilla Argentina,Parrilla,5.6338267,-73.5269884,2024,5,20,0,0,480,1320,480,1320,480,1320,480,1320,480,1320,451,1350,500,1374,3792947713
complementary_plate_parrilla_45,Ribeye de la Casa,Parrilla,12000,82,3.9,rest_parrilla_10,Parrilla Argentina,Parrilla,5.6558715,-73.5039616,2025,4,11,4,0,480,1320,480,1320,480,1320,480,1320,480,1320,480,1348,485,1350,
complementary_plate_parrilla_46,Chorizo Criollo Clásico,Parrilla,12000,76,3.6,rest_parrilla_16,El Asador,Parrilla,5.6389585,-73.5001537,2024,5,3,4,0,480,1320,480,1320,480,1320,480,1320,480,1320,508,1366,515,1328,3631385913
complementary_plate_parrilla_47,Churrasco,Parrilla,23500,54,3.6,rest_parrilla_17,El Asador,Parrilla,5.6467023,-73.5069834,2025,9,30,1,0,480,1320,480,1320,480,1320,480,1320,480,1320,504,1327,523,1369,
complementary_plate_parrilla_48,Asado de Tira Especial,Parrilla,25000,52,3.7,rest_parrilla_6,El Asador,Parrilla,5.6268928,-73.5062051,2024,5,29,2,0,420,1380,420,1380,420,1380,420,1380,420,1380,392,1366,438,1385,3982447547
complementary_plate_parrilla_49,Lomo de Res,Parrilla,21500,66,3.9,rest_parrilla_3,El Asador,Parrilla,5.6276916,-73.5300397,2025,2,20,3,0,600,120,600,120,600,120,600,120,600,120,587,112,573,179,3459244517
complementary_plate_parrilla_50,Baby Beef,Parrilla,16500,71,3.8,rest_parrilla_6,La Brasa,Parrilla,5.6216347,-73.5169319,2024,4,25,3,0,720,1380,720,1380,720,1380,720,1380,720,1380,767,1413,756,1402,3862791929
complementary_plate_parrilla_51,Churrasco,Parrilla,16000,82,3.8,rest_parrilla_10,La Brasa,Parrilla,5.6267574,-73.5373098,2024,10,7,0,1,420,1380,420,1380,420,1380,420,1380,420,1380,366,1432,393,1364,3926976675
complementary_plate_parrilla_52,Entraña,Parrilla,18500,72,3.7,rest_parrilla_10,La Brasa,Parrilla,5.6311436,-73.5362033,2026,1,25,6,1,720,1380,720,1380,720,1380,720,1380,720,1380,708,1437,750,1399,3250433393
complementary_plate_parrilla_53,Churrasco,Parrilla,23500,62,4.0,rest_parrilla_20,Parrilla Argentina,Parrilla,5.6270804,-73.5000443,2024,11,21,3,0,600,120,600,120,600,120,600,120,600,120,626,130,607,177,3741334523
complementary_plate_parrilla_54,Asado de Tira,Parrilla,18000,82,4.3,rest_parrilla_8,La Brasa,Parrilla,5.6235481,-73.5269344,2024,10,22,1,0,420,1380,420,1380,420,1380,420,1380,420,1380,394,1384,462,1362,3720140138
complementary_plate_parrilla_55,Parrillada Completa,Parrilla,25000,57,3.5,rest_parrilla_1,El Asador,Parrilla,5.6248254,-73.5100726,2025,11,29,5,1,420,1380,420,1380,420,1380,420,1380,420,1380,446,1438,383,1390,3900069156
complementary_plate_parrilla_56,Punta de Anca,Parrilla,18000,79,4.0,rest_parrilla_7,Parrilla Argentina,Parrilla,5.6384312,-73.5077334,2025,5,25,6,0,480,1320,480,1320,480,1320,480,1320,480,1320,487,1303,507,1347,3245974606
complementary_plate_parrilla_57,T-Bone Premium,Parrilla,15000,69,3.1,rest_parrilla_4,El Asador,Parrilla,5.6282533,-73.5056791,2024,2,12,0,0,480,1320,480,1320,480,1320,480,1320,480,1320,499,1301,427,1366,3374905179
complementary_plate_parrilla_58,Ribeye Premium,Parrilla,20500,39,2.5,rest_parrilla_6,El Asador,Parrilla,5.6345708,-73.5000949,2024,2,25,6,0,720,1380,720,1380,720,1380,720,1380,720,1380,708,1434,757,1432,3827522833
complementary_plate_parrilla_59,T-Bone,Parrilla,21000,60,4.2,rest_parrilla_11,Parrilla Argentina,Parrilla,5.6401367,-73.5303401,2024,11,26,1,0,420,1380,420,1380,420,1380,420,1380,420,1380,419,1434,479,1359,3421019745
complementary_plate_parrilla_60,Baby Beef,Parrilla,22000,56,3.2,rest_parrilla_9,El Asador,Parrilla,5.6476158,-73.538386,2025,5,18,6,0,720,1380,720,1380,720,1380,720,1380,720,1380,759,1359,695,1357,
complementary_plate_parrilla_61,Ribeye,Parrilla,22500,54,4.0,rest_parrilla_5,La Brasa,Parrilla,5.6215725,-73.5235523,2025,10,18,5,1,600,120,600,120,600,120,600,120,600,120,548,152,658,115,3282034069
complementary_plate_parrilla_62,Chorizo Criollo,Parrilla,17000,80,4.1,rest_parrilla_3,El Asador,Parrilla,5.6519764,-73.5347968,2025,11,24,0,0,720,1380,720,1380,720,1380,720,1380,720,1380,738,1432,673,1406,
complementary_plate_parrilla_63,T-Bone,Parrilla,17000,76,3.6,rest_parrilla_13,El Asador,Parrilla,5.645116,-73.539103,2024,3,28,3,0,600,120,600,120,600,120,600,120,600,120,542,153,559,173,
complementary_plate_parrilla_64,Ribeye,Parrilla,12000,79,3.5,rest_parrilla_14,La Brasa,Parrilla,5.6232704,-73.5255829,2024,10,5,5,1,720,1380,720,1380,720,1380,720,1380,720,1380,749,1392,775,1400,3524537785
complementary_plate_parrilla_65,Chorizo Criollo de la Casa,Parrilla,18500,69,3.9,rest_parrilla_18,El Asador,Parrilla,5.6549431,-73.5086505,2024,7,6,5,0,480,1320,480,1320,480,1320,480,1320,480,1320,489,1318,420,1339,
complementary_plate_parrilla_66,T-Bone Especial,Parrilla,25000,54,4.4,rest_parrilla_11,Parrilla Argentina,Parrilla,5.6568349,-73.5173528,2024,8,8,3,0,420,1380,420,1380,420,1380,420,1380,420,1380,447,1388,411,1357,
complementary_plate_parrilla_67,Costillas BBQ,Parrilla,25000,71,4.6,rest_parrilla_7,La Brasa,Parrilla,5.6224431,-73.5274889,2024,4,1,0,0,600,120,600,120,600,120,600,120,600,120,637,127,622,115,3319241219
complementary_plate_parrilla_68,Punta de Anca,Parrilla,23000,54,3.8,rest_parrilla_5,La Brasa,Parrilla,5.6310751,-73.5138263,2025,7,27,6,0,600,120,600,120,600,120,600,120,600,120,654,103,620,178,3487546325
complementary_plate_parrilla_69,Baby Beef,Parrilla,16000,76,3.0,rest_parrilla_18,Parrilla Argentina,Parrilla,5.6522481,-73.5307193,2024,9,13,4,1,720,1380,720,1380,720,1380,720,1380,720,1380,663,1425,690,1412,
complementary_plate_parrilla_70,Chorizo Criollo,Parrilla,25000,52,4.0,rest_parrilla_17,El Asador,Parrilla,5.6499304,-73.5394247,2025,7,5,5,1,480,1320,480,1320,480,1320,480,1320,480,1320,424,1333,427,1333,
complementary_plate_parrilla_71,Churrasco de la Casa,Parrilla,13500,81,4.3,rest_parrilla_20,El Asador,Parrilla,5.6273808,-73.5094259,2024,10,12,5,0,720,1380,720,1380,720,1380,720,1380,720,1380,754,1424,689,1359,3341274428
complementary_plate_parrilla_72,Costillas BBQ,Parrilla,20500,68,4.0,rest_parrilla_15,Parrilla Argentina,Parrilla,5.628374,-73.5150503,2025,10,30,3,0,720,1380,720,1380,720,1380,720,1380,720,1380,749,1433,676,1351,3221595991
complementary_plate_parrilla_73,Ribeye Premium,Parrilla,25000,78,5.0,rest_parrilla_14,El Asador,Parrilla,5.6348189,-73.5095079,2025,7,14,0,0,480,1320,480,1320,480,1320,480,1320,480,1320,524,1303,434,1353,3860684355
complementary_plate_parrilla_74,Parrillada Completa,Parrilla,14500,75,3.8,rest_parrilla_19,Carbón y Leña,Parrilla,5.6393809,-73.5384425,2025,12,22,0,0,600,120,600,120,600,120,600,120,600,120,581,105,627,163,3552660430
complementary_plate_parrilla_75,Baby Beef,Parrilla,12500,74,3.7,rest_parrilla_6,Parrilla Argentina,Parrilla,5.6447302,-73.5065152,2024,7,20,5,1,420,1380,420,1380,420,1380,420,1380,420,1380,368,1365,395,1368,
complementary_plate_parrilla_76,Picada Mixta del Chef,Parrilla,15500,70,3.9,rest_parrilla_1,La Brasa,Parrilla,5.6347565,-73.515219,2025,8,29,4,1,720,1380,720,1380,720,1380,720,1380,720,1380,778,1424,665,1367,3162022454
complementary_plate_parrilla_77,Chorizo Criollo,Parrilla,18000,67,3.5,rest_parrilla_16,Parrilla Argentina,Parrilla,5.6385014,-73.5174642,2024,12,7,5,0,480,1320,480,1320,480,1320,480,1320,480,1320,420,1290,442,1301,3785781965
complementary_plate_parrilla_78,Entraña,Parrilla,17500,83,3.4,rest_parrilla_2,Carbón y Leña,Parrilla,5.6498988,-73.5150154,2024,5,22,2,0,720,1380,720,1380,720,1380,720,1380,720,1380,678,1431,694,1416,
complementary_plate_parrilla_79,Punta de Anca,Parrilla,17500,73,4.2,rest_parrilla_4,Carbón y Leña,Parrilla,5.6214673,-73.5054227,2025,7,25,4,0,600,120,600,120,600,120,600,120,600,120,618,101,620,128,3766466033
complementary_plate_parrilla_80,Entraña Premium,Parrilla,20000,60,4.7,rest_parrilla_7,Parrilla Argentina,Parrilla,5.6300975,-73.5165225,2025,12,14,6,0,420,1380,420,1380,420,1380,420,1380,420,1380,470,1419,424,1378,3781943160
complementary_plate_parrilla_1,Costillas BBQ,Parrilla,52500,44,4.3,rest_parrilla_12,El Asador,Parrilla,5.648534,-73.516762,2025,12,13,5,0,720,1380,720,1380,720,1380,720,1380,720,1380,747,1410,723,1372,
complementary_plate_parrilla_2,Entraña,Parrilla,33500,65,4.7,rest_parrilla_6,El Asador,Parrilla,5.6558083,-73.5003728,2024,8,5,0,0,720,1380,720,1380,720,1380,720,1380,720,1380,715,1382,702,1428,
complementary_plate_parrilla_3,Lomo de Res del Chef,Parrilla,36500,46,3.4,rest_parrilla_7,Parrilla Argentina,Parrilla,5.6404671,-73.5097308,2024,12,4,2,0,480,1320,480,1320,480,1320,480,1320,480,1320,482,1355,434,1299,3785014053
complementary_plate_parrilla_4,Picada Mixta,Parrilla,44500,64,4.5,rest_parrilla_13,La Brasa,Parrilla,5.6412845,-73.5223082,2025,7,17,3,0,720,1380,720,1380,720,1380,720,1380,720,1380,759,1364,701,1379,3580523604
complementary_plate_parrilla_5,Baby Beef,Parrilla,33500,64,4.7,rest_parrilla_13,La Brasa,Parrilla,5.6242869,-73.5117041,2025,8,8,4,0,480,1320,480,1320,480,1320,480,1320,480,1320,480,1364,482,1296,3789181679
complementary_plate_parrilla_6,Asado de Tira,Parrilla,38000,51,3.0,rest_parrilla_19,Carbón y Leña,Parrilla,5.6378965,-73.5244308,2026,1,5,0,0,720,1380,720,1380,720,1380,720,1380,720,1380,718,1374,740,1395,3170542236
complementary_plate_parrilla_7,Entraña,Parrilla,60000,59,4.7,rest_parrilla_10,Parrilla Argentina,Parrilla,5.6413047,-73.530845,2025,6,26,3,0,420,1380,420,1380,420,1380,420,1380,420,1380,377,1364,469,1409,3402760580
complementary_plate_parrilla_8,Picada Mixta,Parrilla,59500,42,4.2,rest_parrilla_19,La Brasa,Parrilla,5.6296988,-73.5161259,2025,6,30,0,1,720,1380,720,1380,720,1380,720,1380,720,1380,733,1420,769,1379,3256862448
complementary_plate_parrilla_9,Chorizo Criollo Premium,Parrilla,33500,64,4.2,rest_parrilla_19,Parrilla Argentina,Parrilla,5.6307697,-73.5028727,2024,11,19,1,0,600,120,600,120,600,120,600,120,600,120,575,91,633,144,3897346505
complementary_plate_parrilla_10,Baby Beef Especial,Parrilla,55500,31,3.0,rest_parrilla_2,La Brasa,Parrilla,5.6350914,-73.5028344,2024,9,8,6,1,720,1380,720,1380,720,1380,720,1380,720,1380,776,1423,774,1350,3926915675
complementary_plate_parrilla_11,Entraña,Parrilla,50000,42,4.2,rest_parrilla_1,El Asador,Parrilla,5.6208028,-73.5263238,2024,7,15,0,1,600,120,600,120,600,120,600,120,600,120,601,179,645,102,3805316884
complementary_plate_parrilla_12,T-Bone Especial,Parrilla,35000,58,4.1,rest_parrilla_10,La Brasa,Parrilla,5.6328832,-73.5188929,2024,3,23,5,0,720,1380,720,1380,720,1380,720,1380,720,1380,676,1395,697,1380,3665606854
complementary_plate_parrilla_13,Churrasco de la Casa,Parrilla,47000,52,2.9,rest_parrilla_13,Carbón y Leña,Parrilla,5.6284579,-73.5315346,2024,2,17,5,0,600,120,600,120,600,120,600,120,600,120,649,163,635,164,3375417708
complementary_plate_parrilla_14,Churrasco Especial,Parrilla,52000,38,3.6,rest_parrilla_11,La Brasa,Parrilla,5.6330999,-73.5001748,2024,3,1,4,0,420,1380,420,1380,420,1380,420,1380,420,1380,440,1409,450,1431,3428513838
complementary_plate_parrilla_15,Parrillada Completa,Parrilla,53000,42,4.2,rest_parrilla_3,Carbón y Leña,Parrilla,5.6247905,-73.5007553,2024,3,7,3,0,420,1380,420,1380,420,1380,420,1380,420,1380,414,1384,449,1428,3895145811
complementary_plate_parrilla_16,Picada Mixta,Parrilla,60000,37,3.3,rest_parrilla_2,La Brasa,Parrilla,5.6556211,-73.5140196,2024,5,14,1,0,480,1320,480,1320,480,1320,480,1320,480,1320,485,1376,466,1296,
complementary_plate_parrilla_17,Picada Mixta,Parrilla,25000,64,4.2,rest_parrilla_11,Carbón y Leña,Parrilla,5.6437437,-73.5078234,2025,9,18,3,0,420,1380,420,1380,420,1380,420,1380,420,1380,382,1432,431,1440,3574301218
complementary_plate_parrilla_18,Chorizo Criollo,Parrilla,60000,39,3.4,rest_parrilla_12,Carbón y Leña,Parrilla,5.6471641,-73.511396,2025,3,15,5,0,480,1320,480,1320,480,1320,480,1320,480,1320,503,1351,514,1364,
complementary_plate_parrilla_19,Punta de Anca,Parrilla,31000,69,4.5,rest_parrilla_18,El Asador,Parrilla,5.6515668,-73.5162737,2024,10,13,6,0,600,120,600,120,600,120,600,120,600,120,575,96,548,137,
complementary_plate_parrilla_20,Chorizo Criollo Especial,Parrilla,41000,61,4.2,rest_parrilla_3,Carbón y Leña,Parrilla,5.6399377,-73.5378661,2024,10,26,5,0,600,120,600,120,600,120,600,120,600,120,619,137,642,176,3134206848
complementary_plate_parrilla_21,Picada Mixta,Parrilla,60000,39,4.3,rest_parrilla_5,El Asador,Parrilla,5.6234768,-73.5218094,2024,2,24,5,1,600,120,600,120,600,120,600,120,600,120,654,112,576,99,3356868547
complementary_plate_parrilla_22,Churrasco,Parrilla,49500,50,3.0,rest_parrilla_12,Carbón y Leña,Parrilla,5.6414843,-73.5130085,2024,10,9,2,1,720,1380,720,1380,720,1380,720,1380,720,1380,771,1376,726,1430,3849734027
complementary_plate_parrilla_23,Lomo de Res,Parrilla,27500,67,3.9,rest_parrilla_11,Carbón y Leña,Parrilla,5.6434736,-73.5128987,2024,8,23,4,1,600,120,600,120,600,120,600,120,600,120,634,172,542,127,3930245146
complementary_plate_parrilla_24,Entraña,Parrilla,41000,60,4.5,rest_parrilla_10,La Brasa,Parrilla,5.6498176,-73.5250751,2024,10,26,5,0,420,1380,420,1380,420,1380,420,1380,420,1380,443,1432,460,1391,
complementary_plate_parrilla_25,Punta de Anca Especial,Parrilla,60000,47,3.5,rest_parrilla_10,Carbón y Leña,Parrilla,5.6372664,-73.5023323,2025,2,10,0,1,420,1380,420,1380,420,1380,420,1380,420,1380,381,1383,389,1411,3329266153
complementary_plate_parrilla_26,Asado de Tira,Parrilla,36500,57,3.9,rest_parrilla_5,Carbón y Leña,Parrilla,5.6251032,-73.5333057,2024,2,12,0,0,720,1380,720,1380,720,1380,720,1380,720,1380,739,1370,751,1418,3252702486
complementary_plate_parrilla_27,Costillas BBQ,Parrilla,53000,37,4.2,rest_parrilla_7,Parrilla Argentina,Parrilla,5.631351,-73.5199856,2025,8,2,5,0,720,1380,720,1380,720,1380,720,1380,720,1380,674,1355,700,1423,3120969112
complementary_plate_parrilla_28,Parrillada Completa del Chef,Parrilla,60000,43,3.5,rest_parrilla_1,Parrilla Argentina,Parrilla,5.6345233,-73.5123646,2025,10,5,6,1,420,1380,420,1380,420,1380,420,1380,420,1380,404,1368,407,1407,3559071764
complementary_plate_parrilla_29,Costillas BBQ,Parrilla,49500,66,4.6,rest_parrilla_10,Parrilla Argentina,Parrilla,5.6458367,-73.5121146,2024,4,15,0,1,600,120,600,120,600,120,600,120,600,120,638,108,598,130,
complementary_plate_parrilla_30,Ribeye de la Casa,Parrilla,50500,47,4.0,rest_parrilla_4,Parrilla Argentina,Parrilla,5.6428311,-73.5140544,2024,3,3,6,1,420,1380,420,1380,420,1380,420,1380,420,1380,480,1423,445,1368,3429148281
complementary_plate_parrilla_31,Asado de Tira,Parrilla,47500,57,3.7,rest_parrilla_12,Carbón y Leña,Parrilla,5.6342439,-73.5289885,2024,11,7,3,0,480,1320,480,1320,480,1320,480,1320,480,1320,437,1376,490,1304,3437393715
complementary_plate_parrilla_32,Ribeye,Parrilla,33500,66,3.7,rest_parrilla_1,Parrilla Argentina,Parrilla,5.6594606,-73.5337517,2025,7,21,0,0,420,1380,420,1380,420,1380,420,1380,420,1380,367,1427,442,1374,
complementary_plate_parrilla_33,Baby Beef,Parrilla,30500,64,4.2,rest_parrilla_20,Parrilla Argentina,Parrilla,5.644231,-73.5145624,2024,5,30,3,0,600,120,600,120,600,120,600,120,600,120,626,175,551,155,
complementary_plate_parrilla_34,Punta de Anca,Parrilla,60000,38,3.5,rest_parrilla_12,El Asador,Parrilla,5.6294891,-73.5160279,2025,4,21,0,0,420,1380,420,1380,420,1380,420,1380,420,1380,410,1368,451,1404,3435509228
complementary_plate_parrilla_35,Chorizo Criollo de la Casa,Parrilla,46000,60,4.3,rest_parrilla_6,La Brasa,Parrilla,5.6240713,-73.5328258,2025,4,17,3,1,420,1380,420,1380,420,1380,420,1380,420,1380,417,1421,371,1377,3348231222
complementary_plate_parrilla_36,Costillas BBQ,Parrilla,38000,54,3.3,rest_parrilla_11,La Brasa,Parrilla,5.6261144,-73.5117944,2024,8,18,6,0,600,120,600,120,600,120,600,120,600,120,557,165,616,101,3803466015
complementary_plate_parrilla_37,Asado de Tira,Parrilla,35000,58,3.7,rest_parrilla_19,La Brasa,Parrilla,5.6298383,-73.5217931,2024,2,10,5,0,600,120,600,120,600,120,600,120,600,120,551,90,592,171,3354796342
complementary_plate_parrilla_38,Entraña,Parrilla,41000,62,3.3,rest_parrilla_10,Parrilla Argentina,Parrilla,5.6264273,-73.5132896,2024,6,17,0,1,720,1380,720,1380,720,1380,720,1380,720,1380,683,1398,697,1420,3971083871
complementary_plate_parrilla_39,Costillas BBQ,Parrilla,41500,58,4.1,rest_parrilla_10,La Brasa,Parrilla,5.6274627,-73.5065053,2025,10,2,3,1,600,120,600,120,600,120,600,120,600,120,568,93,641,90,3256155268
complementary_plate_parrilla_40,Churrasco,Parrilla,37000,58,4.5,rest_parrilla_3,Parrilla Argentina,Parrilla,5.6314038,-73.5332109,2024,9,20,4,0,720,1380,720,1380,720,1380,720,1380,720,1380,722,1438,742,1381,3429606691
complementary_plate_parrilla_41,T-Bone,Parrilla,51000,47,3.5,rest_parrilla_17,El Asador,Parrilla,5.6269349,-73.5392342,2025,1,20,0,0,600,120,600,120,600,120,600,120,600,120,612,145,651,123,3667865965
complementary_plate_parrilla_42,Punta de Anca,Parrilla,25000,60,3.7,rest_parrilla_6,Carbón y Leña,Parrilla,5.6558706,-73.5088359,2025,2,6,3,0,420,1380,420,1380,420,1380,420,1380,420,1380,380,1424,367,1368,
complementary_plate_parrilla_43,Churrasco,Parrilla,45000,73,5.0,rest_parrilla_7,El Asador,Parrilla,5.6232093,-73.5156121,2024,8,29,3,0,420,1380,420,1380,420,1380,420,1380,420,1380,406,1403,441,1395,3630515120
complementary_plate_parrilla_44,Punta de Anca Clásico,Parrilla,44000,47,3.7,rest_parrilla_12,Parrilla Argentina,Parrilla,5.6409805,-73.5120144,2024,3,7,3,0,480,1320,480,1320,480,1320,480,1320,480,1320,496,1311,489,1331,3124198505
complementary_plate_parrilla_45,Parrillada Completa,Parrilla,30000,47,2.5,rest_parrilla_11,La Brasa,Parrilla,5.6364159,-73.5064738,2024,12,12,3,0,420,1380,420,1380,420,1380,420,1380,420,1380,465,1368,361,1367,3192336441
complementary_plate_parrilla_46,Lomo de Res del Chef,Parrilla,45000,50,3.2,rest_parrilla_15,El Asador,Parrilla,5.6592951,-73.5078876,2024,12,6,4,0,480,1320,480,1320,480,1320,480,1320,480,1320,447,1309,484,1318,
complementary_plate_parrilla_47,Entraña,Parrilla,25000,68,5.0,rest_parrilla_15,Parrilla Argentina,Parrilla,5.6244816,-73.5015632,2025,9,17,2,0,480,1320,480,1320,480,1320,480,1320,480,1320,524,1306,538,1292,3642537824
complementary_plate_parrilla_48,Lomo de Res,Parrilla,37500,56,4.4,rest_parrilla_8,Carbón y Leña,Parrilla,5.6359142,-73.5185626,2024,3,4,0,0,720,1380,720,1380,720,1380,720,1380,720,1380,750,1388,663,1365,3394673264
complementary_plate_parrilla_49,Chorizo Criollo Especial,Parrilla,34500,65,4.8,rest_parrilla_16,El Asador,Parrilla,5.6587788,-73.5204602,2026,1,18,6,1,720,1380,720,1380,720,1380,720,1380,720,1380,686,1366,670,1404,
complementary_plate_parrilla_50,Parrillada Completa,Parrilla,46000,53,3.0,rest_parrilla_9,La Brasa,Parrilla,5.6546203,-73.5239245,2025,10,8,2,0,480,1320,480,1320,480,1320,480,1320,480,1320,445,1303,424,1374,
complementary_plate_parrilla_51,Picada Mixta Premium,Parrilla,25000,58,4.3,rest_parrilla_12,Carbón y Leña,Parrilla,5.6526829,-73.5338524,2025,8,1,4,0,480,1320,480,1320,480,1320,480,1320,480,1320,458,1375,421,1302,
complementary_plate_parrilla_52,Punta de Anca,Parrilla,45500,49,3.7,rest_parrilla_19,Carbón y Leña,Parrilla,5.6303161,-73.5170957,2024,9,7,5,0,480,1320,480,1320,480,1320,480,1320,480,1320,438,1325,494,1334,3433464581
complementary_plate_parrilla_53,Parrillada Completa,Parrilla,47500,54,3.7,rest_parrilla_6,Carbón y Leña,Parrilla,5.6268355,-73.5289195,2025,4,24,3,0,480,1320,480,1320,480,1320,480,1320,480,1320,524,1364,517,1291,3329227506
complementary_plate_parrilla_54,Chorizo Criollo,Parrilla,34500,62,4.3,rest_parrilla_4,Carbón y Leña,Parrilla,5.6467457,-73.5031477,2024,11,13,2,0,480,1320,480,1320,480,1320,480,1320,480,1320,538,1317,537,1354,
complementary_plate_parrilla_55,Lomo de Res,Parrilla,60000,38,3.9,rest_parrilla_15,Parrilla Argentina,Parrilla,5.657175,-73.5166724,2025,10,3,4,0,420,1380,420,1380,420,1380,420,1380,420,1380,408,1404,387,1415,
complementary_plate_parrilla_56,Parrillada Completa Especial,Parrilla,34500,63,3.4,rest_parrilla_4,Parrilla Argentina,Parrilla,5.6422705,-73.5162864,2024,9,19,3,1,720,1380,720,1380,720,1380,720,1380,720,1380,723,1396,750,1386,3524729638
complementary_plate_parrilla_57,T-Bone de la Casa,Parrilla,50000,52,4.5,rest_parrilla_14,Carbón y Leña,Parrilla,5.6428645,-73.525803,2024,7,19,4,0,420,1380,420,1380,420,1380,420,1380,420,1380,418,1426,454,1389,3932635541
complementary_plate_parrilla_58,T-Bone,Parrilla,28000,56,3.9,rest_parrilla_16,El Asador,Parrilla,5.6311992,-73.5379204,2024,3,18,0,0,600,120,600,120,600,120,600,120,600,120,564,98,654,150,3192768680
complementary_plate_parrilla_59,Picada Mixta,Parrilla,32000,58,3.4,rest_parrilla_19,La Brasa,Parrilla,5.6507797,-73.5387302,2024,12,23,0,0,600,120,600,120,600,120,600,120,600,120,596,156,624,176,
complementary_plate_parrilla_60,Lomo de Res,Parrilla,60000,47,3.7,rest_parrilla_8,La Brasa,Parrilla,5.6274817,-73.5230666,2025,10,4,5,1,720,1380,720,1380,720,1380,720,1380,720,1380,668,1396,685,1393,3291064324
complementary_plate_parrilla_61,T-Bone Clásico,Parrilla,60000,46,3.9,rest_parrilla_20,La Brasa,Parrilla,5.6329472,-73.5366174,2024,3,26,1,1,600,120,600,120,600,120,600,120,600,120,575,164,615,124,3859954857
complementary_plate_parrilla_62,Picada Mixta,Parrilla,38000,65,4.0,rest_parrilla_8,La Brasa,Parrilla,5.6370175,-73.5157261,2024,9,15,6,0,600,120,600,120,600,120,600,120,600,120,605,125,558,148,3677142870
complementary_plate_parrilla_63,Entraña,Parrilla,53500,43,3.9,rest_parrilla_20,Carbón y Leña,Parrilla,5.6403044,-73.5047611,2025,1,11,5,0,480,1320,480,1320,480,1320,480,1320,480,1320,432,1296,526,1298,3477563600
complementary_plate_parrilla_64,Picada Mixta,Parrilla,27500,72,4.3,rest_parrilla_7,La Brasa,Parrilla,5.6296964,-73.5046834,2024,10,17,3,0,720,1380,720,1380,720,1380,720,1380,720,1380,698,1429,739,1362,3507083083
complementary_plate_parrilla_65,Punta de Anca del Chef,Parrilla,51500,53,4.3,rest_parrilla_14,El Asador,Parrilla,5.6245935,-73.5136382,2026,1,5,0,0,600,120,600,120,600,120,600,120,600,120,602,154,573,159,3567139030
complementary_plate_parrilla_66,Entraña,Parrilla,36000,57,4.0,rest_parrilla_18,El Asador,Parrilla,5.6444248,-73.5315507,2025,8,9,5,0,600,120,600,120,600,120,600,120,600,120,597,130,649,138,
complementary_plate_parrilla_67,Chorizo Criollo,Parrilla,60000,48,3.5,rest_parrilla_16,El Asador,Parrilla,5.6315452,-73.5054801,2024,7,4,3,1,720,1380,720,1380,720,1380,720,1380,720,1380,722,1405,677,1389,3912653368
complementary_plate_parrilla_68,Baby Beef,Parrilla,34000,60,4.3,rest_parrilla_12,La Brasa,Parrilla,5.6432495,-73.5045563,2024,5,16,3,0,600,120,600,120,600,120,600,120,600,120,611,110,604,97,3156912766
complementary_plate_parrilla_69,Costillas BBQ Clásico,Parrilla,44000,64,4.6,rest_parrilla_11,El Asador,Parrilla,5.6261745,-73.5321339,2024,5,7,1,1,420,1380,420,1380,420,1380,420,1380,420,1380,367,1353,435,1355,3574794709
complementary_plate_parrilla_70,Punta de Anca,Parrilla,31500,42,3.1,rest_parrilla_8,Carbón y Leña,Parrilla,5.6392456,-73.510503,2025,5,29,3,0,480,1320,480,1320,480,1320,480,1320,480,1320,474,1334,465,1342,3297323208
complementary_plate_parrilla_71,Picada Mixta,Parrilla,52500,42,2.9,rest_parrilla_11,El Asador,Parrilla,5.6413036,-73.5285392,2024,8,4,6,0,480,1320,480,1320,480,1320,480,1320,480,1320,536,1378,428,1329,3788764188
complementary_plate_parrilla_72,Baby Beef,Parrilla,60000,62,4.8,rest_parrilla_1,La Brasa,Parrilla,5.6220729,-73.5078944,2024,6,14,4,0,600,120,600,120,600,120,600,120,600,120,624,144,612,155,3998460910
complementary_plate_parrilla_73,Picada Mixta Especial,Parrilla,55500,55,4.7,rest_parrilla_16,Carbón y Leña,Parrilla,5.6334642,-73.5001105,2025,2,27,3,0,600,120,600,120,600,120,600,120,600,120,613,139,581,163,3845801380
complementary_plate_parrilla_74,Lomo de Res,Parrilla,37500,43,3.3,rest_parrilla_7,El Asador,Parrilla,5.6253766,-73.538799,2024,8,7,2,0,720,1380,720,1380,720,1380,720,1380,720,1380,738,1388,706,1405,3791891798
complementary_plate_parrilla_75,Lomo de Res,Parrilla,47000,63,3.8,rest_parrilla_4,El Asador,Parrilla,5.622535,-73.5041054,2024,6,24,0,0,420,1380,420,1380,420,1380,420,1380,420,1380,366,1388,433,1401,3869886860
complementary_plate_parrilla_76,Entraña,Parrilla,36500,55,3.4,rest_parrilla_10,Parrilla Argentina,Parrilla,5.6595984,-73.5150948,2025,11,20,3,0,420,1380,420,1380,420,1380,420,1380,420,1380,368,1422,462,1417,
complementary_plate_parrilla_77,Baby Beef,Parrilla,55000,34,3.7,rest_parrilla_18,La Brasa,Parrilla,5.6328942,-73.5010647,2024,3,21,3,0,600,120,600,120,600,120,600,120,600,120,624,159,580,115,3678977139
complementary_plate_parrilla_78,Ribeye,Parrilla,60000,45,4.3,rest_parrilla_18,La Brasa,Parrilla,5.652395,-73.5213996,2025,5,8,3,1,480,1320,480,1320,480,1320,480,1320,480,1320,500,1380,486,1313,
complementary_plate_parrilla_79,Costillas BBQ,Parrilla,50500,52,4.2,rest_parrilla_14,Parrilla Argentina,Parrilla,5.6301856,-73.5061045,2024,11,18,0,0,480,1320,480,1320,480,1320,480,1320,480,1320,486,1315,466,1349,3871413036
complementary_plate_parrilla_80,Asado de Tira Premium,Parrilla,38000,65,4.1,rest_parrilla_20,Parrilla Argentina,Parrilla,5.6472601,-73.5375042,2024,3,5,1,0,480,1320,480,1320,480,1320,480,1320,480,1320,501,1316,528,1342,
complementary_plate_parrilla_81,Churrasco,Parrilla,60000,26,3.1,rest_parrilla_16,Parrilla Argentina,Parrilla,5.6504091,-73.5265888,2024,10,19,5,1,600,120,600,120,600,120,600,120,600,120,570,104,559,114,
complementary_plate_parrilla_82,Asado de Tira,Parrilla,44500,71,4.2,rest_parrilla_18,Parrilla Argentina,Parrilla,5.6438255,-73.5373193,2025,4,28,0,0,600,120,600,120,600,120,600,120,600,120,622,94,565,110,3585212756
complementary_plate_parrilla_83,Churrasco Especial,Parrilla,45500,63,4.8,rest_parrilla_10,Parrilla Argentina,Parrilla,5.638863,-73.5009863,2024,5,31,4,0,480,1320,480,1320,480,1320,480,1320,480,1320,512,1352,520,1292,3236962532
complementary_plate_parrilla_84,Picada Mixta,Parrilla,48000,48,3.4,rest_parrilla_4,Carbón y Leña,Parrilla,5.6364736,-73.507321,2025,6,10,1,0,600,120,600,120,600,120,600,120,600,120,654,136,625,174,3269359979
complementary_plate_parrilla_85,Picada Mixta Clásico,Parrilla,32500,51,3.9,rest_parrilla_13,Parrilla Argentina,Parrilla,5.6339547,-73.5058981,2024,6,18,1,0,420,1380,420,1380,420,1380,420,1380,420,1380,423,1361,390,1426,3164138257
complementary_plate_parrilla_86,Lomo de Res de la Casa,Parrilla,40000,72,4.3,rest_parrilla_19,La Brasa,Parrilla,5.6571812,-73.5024814,2025,5,22,3,0,600,120,600,120,600,120,600,120,600,120,567,108,553,112,
complementary_plate_parrilla_87,Punta de Anca,Parrilla,41000,61,3.9,rest_parrilla_8,La Brasa,Parrilla,5.6532248,-73.5365959,2024,3,9,5,0,600,120,600,120,600,120,600,120,600,120,608,137,629,104,
complementary_plate_parrilla_88,Asado de Tira,Parrilla,45000,47,3.3,rest_parrilla_2,El Asador,Parrilla,5.6586011,-73.5245761,2024,3,30,5,0,720,1380,720,1380,720,1380,720,1380,720,1380,706,1410,751,1397,
complementary_plate_parrilla_89,Chorizo Criollo,Parrilla,48500,71,5.0,rest_parrilla_8,El Asador,Parrilla,5.6249719,-73.5371586,2024,8,8,3,1,420,1380,420,1380,420,1380,420,1380,420,1380,430,1399,399,1431,3458863136
complementary_plate_parrilla_90,Asado de Tira,Parrilla,48000,66,4.8,rest_parrilla_7,Carbón y Leña,Parrilla,5.6492347,-73.5315683,2025,4,8,1,0,600,120,600,120,600,120,600,120,600,120,541,140,658,122,
complementary_plate_parrilla_91,Baby Beef Clásico,Parrilla,36000,64,3.5,rest_parrilla_16,El Asador,Parrilla,5.6575336,-73.5308254,2024,9,21,5,1,600,120,600,120,600,120,600,120,600,120,620,130,652,172,
complementary_plate_parrilla_92,Costillas BBQ,Parrilla,31000,58,3.9,rest_parrilla_14,El Asador,Parrilla,5.6272493,-73.5212357,2025,2,11,1,0,420,1380,420,1380,420,1380,420,1380,420,1380,451,1404,472,1362,3805237629
complementary_plate_parrilla_93,T-Bone,Parrilla,41500,68,4.6,rest_parrilla_5,La Brasa,Parrilla,5.6226599,-73.5292575,2024,4,21,6,0,600,120,600,120,600,120,600,120,600,120,628,93,637,96,3811882986
complementary_plate_parrilla_94,Ribeye,Parrilla,43500,56,3.4,rest_parrilla_17,Carbón y Leña,Parrilla,5.6496448,-73.5359609,2025,5,27,1,0,600,120,600,120,600,120,600,120,600,120,565,170,579,130,
complementary_plate_parrilla_95,Chorizo Criollo,Parrilla,60000,46,3.8,rest_parrilla_19,Carbón y Leña,Parrilla,5.6429789,-73.5333004,2024,3,5,1,0,600,120,600,120,600,120,600,120,600,120,641,130,597,151,3665486066
complementary_plate_parrilla_96,Costillas BBQ,Parrilla,60000,48,4.1,rest_parrilla_8,La Brasa,Parrilla,5.6536732,-73.534109,2024,7,2,1,0,420,1380,420,1380,420,1380,420,1380,420,1380,385,1360,413,1397,
complementary_plate_parrilla_97,T-Bone,Parrilla,45000,52,4.1,rest_parrilla_7,El Asador,Parrilla,5.6255909,-73.5010769,2024,10,21,0,0,480,1320,480,1320,480,1320,480,1320,480,1320,538,1361,502,1368,3547841929
complementary_plate_parrilla_98,Ribeye,Parrilla,30000,63,3.6,rest_parrilla_6,El Asador,Parrilla,5.6518107,-73.5096283,2025,1,26,6,0,720,1380,720,1380,720,1380,720,1380,720,1380,666,1401,739,1404,
complementary_plate_parrilla_99,T-Bone,Parrilla,38500,60,3.9,rest_parrilla_7,Carbón y Leña,Parrilla,5.6280651,-73.5012895,2024,2,7,2,0,480,1320,480,1320,480,1320,480,1320,480,1320,511,1357,475,1348,3552455419
complementary_plate_parrilla_100,Baby Beef del Chef,Parrilla,45000,67,4.1,rest_parrilla_7,Carbón y Leña,Parrilla,5.6265462,-73.5224104,2025,4,23,2,1,420,1380,420,1380,420,1380,420,1380,420,1380,396,1413,408,1366,3452804978
complementary_plate_parrilla_101,Asado de Tira,Parrilla,48000,60,3.9,rest_parrilla_12,La Brasa,Parrilla,5.6265706,-73.5288653,2025,5,28,2,1,720,1380,720,1380,720,1380,720,1380,720,1380,712,1368,663,1387,3608588705
complementary_plate_parrilla_102,Chorizo Criollo,Parrilla,28000,44,3.4,rest_parrilla_13,Carbón y Leña,Parrilla,5.652583,-73.5080683,2024,2,7,2,1,480,1320,480,1320,480,1320,480,1320,480,1320,421,1350,437,1331,
complementary_plate_parrilla_103,Churrasco,Parrilla,60000,49,5.0,rest_parrilla_12,Carbón y Leña,Parrilla,5.6466079,-73.5269498,2024,10,12,5,0,420,1380,420,1380,420,1380,420,1380,420,1380,369,1362,431,1357,
complementary_plate_parrilla_104,Asado de Tira Clásico,Parrilla,38000,61,3.6,rest_parrilla_2,Carbón y Leña,Parrilla,5.6409226,-73.5280247,2024,7,14,6,0,480,1320,480,1320,480,1320,480,1320,480,1320,452,1354,499,1338,3362003722
complementary_plate_parrilla_105,Entraña,Parrilla,27000,64,4.0,rest_parrilla_17,Parrilla Argentina,Parrilla,5.6343532,-73.5306998,2024,2,10,5,1,420,1380,420,1380,420,1380,420,1380,420,1380,381,1414,423,1393,3816963494
complementary_plate_parrilla_106,Costillas BBQ,Parrilla,47500,57,3.6,rest_parrilla_14,Parrilla Argentina,Parrilla,5.655088,-73.5348128,2025,2,2,6,0,720,1380,720,1380,720,1380,720,1380,720,1380,693,1364,700,1355,
complementary_plate_parrilla_107,Baby Beef Clásico,Parrilla,29000,67,4.8,rest_parrilla_18,La Brasa,Parrilla,5.6356978,-73.5297415,2025,9,5,4,1,420,1380,420,1380,420,1380,420,1380,420,1380,438,1383,426,1390,3705731573
complementary_plate_parrilla_108,Costillas BBQ,Parrilla,36500,57,4.6,rest_parrilla_15,Parrilla Argentina,Parrilla,5.652664,-73.5257872,2025,8,23,5,1,480,1320,480,1320,480,1320,480,1320,480,1320,444,1309,426,1319,
complementary_plate_parrilla_109,Punta de Anca del Chef,Parrilla,44500,69,4.6,rest_parrilla_16,La Brasa,Parrilla,5.6375654,-73.5130402,2024,10,26,5,0,480,1320,480,1320,480,1320,480,1320,480,1320,534,1353,425,1346,3467966325
complementary_plate_parrilla_110,Asado de Tira,Parrilla,25000,62,3.8,rest_parrilla_9,Carbón y Leña,Parrilla,5.6350778,-73.5374974,2024,9,4,2,0,720,1380,720,1380,720,1380,720,1380,720,1380,675,1394,671,1376,3408860567
complementary_plate_parrilla_111,Picada Mixta,Parrilla,52000,37,2.7,rest_parrilla_4,La Brasa,Parrilla,5.6385072,-73.5315797,2024,3,15,4,0,480,1320,480,1320,480,1320,480,1320,480,1320,487,1363,443,1343,3599506759
complementary_plate_parrilla_112,Baby Beef,Parrilla,50000,41,4.3,rest_parrilla_5,El Asador,Parrilla,5.6320551,-73.5076391,2025,3,12,2,0,480,1320,480,1320,480,1320,480,1320,480,1320,456,1377,507,1305,3344291068
complementary_plate_parrilla_113,Entraña,Parrilla,48500,51,3.6,rest_parrilla_1,Parrilla Argentina,Parrilla,5.6499044,-73.5341231,2024,6,8,5,0,480,1320,480,1320,480,1320,480,1320,480,1320,478,1380,504,1351,
complementary_plate_parrilla_114,Chorizo Criollo del Chef,Parrilla,60000,36,2.9,rest_parrilla_2,Carbón y Leña,Parrilla,5.6401088,-73.5262942,2025,7,5,5,0,480,1320,480,1320,480,1320,480,1320,480,1320,503,1369,477,1331,3811998638
complementary_plate_parrilla_115,Parrillada Completa de la Casa,Parrilla,60000,39,4.4,rest_parrilla_9,El Asador,Parrilla,5.6292885,-73.5054136,2024,12,25,2,0,420,1380,420,1380,420,1380,420,1380,420,1380,462,1357,455,1359,3116600352
complementary_plate_parrilla_116,Lomo de Res,Parrilla,40000,73,4.4,rest_parrilla_5,La Brasa,Parrilla,5.655983,-73.533803,2025,4,21,0,0,720,1380,720,1380,720,1380,720,1380,720,1380,758,1401,671,1352,
complementary_plate_parrilla_117,T-Bone,Parrilla,38500,61,3.6,rest_parrilla_4,Parrilla Argentina,Parrilla,5.6353556,-73.5366905,2024,3,27,2,0,420,1380,420,1380,420,1380,420,1380,420,1380,422,1405,454,1389,3621702880
complementary_plate_parrilla_118,Entraña,Parrilla,56500,48,4.5,rest_parrilla_14,La Brasa,Parrilla,5.6417421,-73.5206185,2025,11,6,3,0,720,1380,720,1380,720,1380,720,1380,720,1380,722,1407,773,1399,3275685650
complementary_plate_parrilla_119,Churrasco,Parrilla,35500,57,3.7,rest_parrilla_8,La Brasa,Parrilla,5.6562589,-73.5279032,2024,3,16,5,0,720,1380,720,1380,720,1380,720,1380,720,1380,715,1430,714,1361,
complementary_plate_parrilla_120,Picada Mixta,Parrilla,49000,57,3.6,rest_parrilla_16,La Brasa,Parrilla,5.6449695,-73.5174637,2025,11,17,0,0,600,120,600,120,600,120,600,120,600,120,607,170,622,157,
complementary_plate_parrilla_121,Lomo de Res,Parrilla,38000,58,3.0,rest_parrilla_2,Parrilla Argentina,Parrilla,5.6246759,-73.5078478,2024,7,4,3,0,720,1380,720,1380,720,1380,720,1380,720,1380,676,1437,775,1388,3795203751
complementary_plate_parrilla_122,Baby Beef,Parrilla,40000,59,3.8,rest_parrilla_9,Parrilla Argentina,Parrilla,5.6575933,-73.5345141,2025,2,8,5,0,480,1320,480,1320,480,1320,480,1320,480,1320,485,1303,485,1344,
complementary_plate_parrilla_123,Costillas BBQ Especial,Parrilla,32000,59,4.6,rest_parrilla_10,El Asador,Parrilla,5.6451083,-73.516772,2024,12,7,5,0,480,1320,480,1320,480,1320,480,1320,480,1320,434,1374,479,1312,
complementary_plate_parrilla_124,Asado de Tira,Parrilla,56500,34,3.2,rest_parrilla_6,Carbón y Leña,Parrilla,5.6333962,-73.5197796,2025,7,5,5,0,600,120,600,120,600,120,600,120,600,120,636,175,597,169,3837419712
complementary_plate_parrilla_125,Parrillada Completa,Parrilla,35000,59,3.8,rest_parrilla_1,La Brasa,Parrilla,5.6255709,-73.5342368,2025,10,10,4,0,420,1380,420,1380,420,1380,420,1380,420,1380,471,1436,373,1405,3974743708
complementary_plate_parrilla_126,Chorizo Criollo,Parrilla,34500,45,3.2,rest_parrilla_20,La Brasa,Parrilla,5.651761,-73.5150401,2025,4,2,2,0,600,120,600,120,600,120,600,120,600,120,598,178,591,174,
complementary_plate_parrilla_127,Costillas BBQ,Parrilla,41000,57,3.3,rest_parrilla_7,El Asador,Parrilla,5.6448029,-73.5290544,2026,1,21,2,0,600,120,600,120,600,120,600,120,600,120,642,128,551,106,
complementary_plate_parrilla_128,Lomo de Res,Parrilla,52000,40,3.3,rest_parrilla_10,Carbón y Leña,Parrilla,5.6413384,-73.5204866,2025,11,10,0,1,720,1380,720,1380,720,1380,720,1380,720,1380,721,1433,678,1433,3795604722
complementary_plate_parrilla_129,Costillas BBQ de la Casa,Parrilla,41000,73,4.9,rest_parrilla_1,La Brasa,Parrilla,5.6557557,-73.5367091,2024,10,12,5,1,720,1380,720,1380,720,1380,720,1380,720,1380,720,1404,662,1364,
complementary_plate_parrilla_130,Churrasco,Parrilla,60000,54,4.0,rest_parrilla_14,El Asador,Parrilla,5.6515439,-73.5216166,2024,5,2,3,1,720,1380,720,1380,720,1380,720,1380,720,1380,685,1387,732,1400,
complementary_plate_parrilla_131,Asado de Tira,Parrilla,31000,53,2.8,rest_parrilla_17,La Brasa,Parrilla,5.626067,-73.5277415,2024,9,27,4,1,600,120,600,120,600,120,600,120,600,120,634,164,616,160,3423880832
complementary_plate_parrilla_132,Baby Beef,Parrilla,25000,55,4.4,rest_parrilla_14,El Asador,Parrilla,5.6324689,-73.5071048,2025,5,8,3,1,720,1380,720,1380,720,1380,720,1380,720,1380,751,1357,727,1352,3664439969
complementary_plate_parrilla_133,Punta de Anca,Parrilla,49500,65,3.6,rest_parrilla_6,La Brasa,Parrilla,5.6299396,-73.5377209,2026,1,16,4,0,480,1320,480,1320,480,1320,480,1320,480,1320,483,1369,540,1372,3195096924
complementary_plate_parrilla_134,Parrillada Completa,Parrilla,46500,62,3.3,rest_parrilla_15,Parrilla Argentina,Parrilla,5.6497579,-73.5232557,2024,5,31,4,0,720,1380,720,1380,720,1380,720,1380,720,1380,720,1394,716,1379,
complementary_plate_parrilla_135,T-Bone de la Casa,Parrilla,57000,53,4.1,rest_parrilla_7,Carbón y Leña,Parrilla,5.6213413,-73.5216627,2024,5,11,5,0,420,1380,420,1380,420,1380,420,1380,420,1380,452,1399,413,1436,3938009070
complementary_plate_parrilla_136,Lomo de Res,Parrilla,33000,51,3.8,rest_parrilla_14,La Brasa,Parrilla,5.6427956,-73.5109998,2025,10,26,6,1,480,1320,480,1320,480,1320,480,1320,480,1320,505,1351,436,1312,3595616204
complementary_plate_parrilla_137,Churrasco,Parrilla,51000,58,4.5,rest_parrilla_6,Parrilla Argentina,Parrilla,5.6504983,-73.5170285,2025,2,6,3,0,420,1380,420,1380,420,1380,420,1380,420,1380,390,1376,431,1356,
complementary_plate_parrilla_138,Picada Mixta,Parrilla,25500,37,2.6,rest_parrilla_8,El Asador,Parrilla,5.6550706,-73.5133115,2024,7,11,3,1,480,1320,480,1320,480,1320,480,1320,480,1320,523,1298,463,1345,
complementary_plate_parrilla_139,Parrillada Completa,Parrilla,38000,61,4.1,rest_parrilla_17,Carbón y Leña,Parrilla,5.6336833,-73.508918,2024,3,2,5,0,420,1380,420,1380,420,1380,420,1380,420,1380,403,1395,458,1355,3603386943
complementary_plate_parrilla_140,Picada Mixta del Chef,Parrilla,45500,57,3.3,rest_parrilla_2,El Asador,Parrilla,5.6528503,-73.5055119,2024,7,11,3,0,480,1320,480,1320,480,1320,480,1320,480,1320,538,1346,522,1348,
complementary_plate_parrilla_141,Punta de Anca,Parrilla,32000,53,3.4,rest_parrilla_15,Parrilla Argentina,Parrilla,5.6244253,-73.527445,2024,2,12,0,1,720,1380,720,1380,720,1380,720,1380,720,1380,740,1365,771,1376,3474549404
complementary_plate_parrilla_142,Costillas BBQ,Parrilla,34000,58,3.8,rest_parrilla_14,Carbón y Leña,Parrilla,5.6538581,-73.5184791,2024,11,14,3,0,480,1320,480,1320,480,1320,480,1320,480,1320,439,1372,466,1332,
complementary_plate_parrilla_143,Parrillada Completa,Parrilla,37000,62,4.3,rest_parrilla_14,Parrilla Argentina,Parrilla,5.6250995,-73.5063957,2025,1,21,1,0,720,1380,720,1380,720,1380,720,1380,720,1380,766,1410,703,1386,3713501567
complementary_plate_parrilla_144,Costillas BBQ de la Casa,Parrilla,52000,33,3.8,rest_parrilla_17,La Brasa,Parrilla,5.6358915,-73.500422,2024,10,25,4,0,720,1380,720,1380,720,1380,720,1380,720,1380,679,1417,713,1379,3924950041
complementary_plate_parrilla_145,Chorizo Criollo Especial,Parrilla,46500,61,3.2,rest_parrilla_11,El Asador,Parrilla,5.6518918,-73.5044192,2025,2,25,1,1,480,1320,480,1320,480,1320,480,1320,480,1320,476,1308,518,1291,
complementary_plate_parrilla_146,T-Bone Premium,Parrilla,26500,66,4.8,rest_parrilla_17,El Asador,Parrilla,5.6259967,-73.5251413,2024,5,1,2,0,720,1380,720,1380,720,1380,720,1380,720,1380,715,1357,710,1354,3985846086
complementary_plate_parrilla_147,Asado de Tira Clásico,Parrilla,40000,65,3.6,rest_parrilla_9,Parrilla Argentina,Parrilla,5.6291701,-73.5321933,2026,1,29,3,0,600,120,600,120,600,120,600,120,600,120,591,177,629,160,3590853644
complementary_plate_parrilla_148,Ribeye de la Casa,Parrilla,60000,40,4.4,rest_parrilla_13,Parrilla Argentina,Parrilla,5.6488901,-73.5204243,2024,4,13,5,0,600,120,600,120,600,120,600,120,600,120,597,172,566,159,
complementary_plate_parrilla_149,Baby Beef Premium,Parrilla,60000,54,5.0,rest_parrilla_3,Parrilla Argentina,Parrilla,5.6488015,-73.5103343,2025,7,3,3,0,420,1380,420,1380,420,1380,420,1380,420,1380,370,1354,428,1392,
complementary_plate_parrilla_150,Churrasco del Chef,Parrilla,46000,57,3.6,rest_parrilla_10,Parrilla Argentina,Parrilla,5.6456459,-73.5202972,2025,6,4,2,1,420,1380,420,1380,420,1380,420,1380,420,1380,456,1431,380,1352,
complementary_plate_parrilla_1,Asado de Tira,Parrilla,60000,50,4.3,rest_parrilla_2,Parrilla Argentina,Parrilla,5.6477579,-73.5206728,2025,10,3,4,0,480,1320,480,1320,480,1320,480,1320,480,1320,513,1297,527,1337,
complementary_plate_parrilla_2,Entraña,Parrilla,69000,32,3.4,rest_parrilla_19,Carbón y Leña,Parrilla,5.641709,-73.5064708,2024,6,21,4,0,600,120,600,120,600,120,600,120,600,120,578,163,634,90,3977532166
complementary_plate_parrilla_3,T-Bone,Parrilla,76000,44,3.8,rest_parrilla_8,La Brasa,Parrilla,5.630072,-73.5255438,2024,8,23,4,0,420,1380,420,1380,420,1380,420,1380,420,1380,398,1386,445,1423,3198727225
complementary_plate_parrilla_4,Entraña,Parrilla,60000,51,4.2,rest_parrilla_3,La Brasa,Parrilla,5.6338278,-73.5056082,2024,12,12,3,0,420,1380,420,1380,420,1380,420,1380,420,1380,426,1424,384,1396,3133522480
complementary_plate_parrilla_5,Entraña,Parrilla,96500,49,4.2,rest_parrilla_18,La Brasa,Parrilla,5.6272639,-73.5237278,2024,6,14,4,1,480,1320,480,1320,480,1320,480,1320,480,1320,474,1306,480,1317,3965186918
complementary_plate_parrilla_6,Entraña,Parrilla,66500,37,3.2,rest_parrilla_6,La Brasa,Parrilla,5.656338,-73.5268707,2024,12,7,5,0,420,1380,420,1380,420,1380,420,1380,420,1380,434,1413,441,1404,
complementary_plate_parrilla_7,Parrillada Completa Especial,Parrilla,61000,35,3.3,rest_parrilla_16,Carbón y Leña,Parrilla,5.6433357,-73.5218404,2024,10,28,0,0,720,1380,720,1380,720,1380,720,1380,720,1380,722,1408,676,1440,3213770688
complementary_plate_parrilla_8,Ribeye Especial,Parrilla,93500,40,4.4,rest_parrilla_19,El Asador,Parrilla,5.6360341,-73.5095021,2025,1,24,4,0,720,1380,720,1380,720,1380,720,1380,720,1380,780,1421,707,1365,3177842160
complementary_plate_parrilla_9,Asado de Tira Clásico,Parrilla,81500,51,3.7,rest_parrilla_1,Parrilla Argentina,Parrilla,5.6384802,-73.5349599,2024,9,27,4,0,480,1320,480,1320,480,1320,480,1320,480,1320,486,1309,435,1337,3578187069
complementary_plate_parrilla_10,Asado de Tira Premium,Parrilla,71000,47,3.7,rest_parrilla_1,Carbón y Leña,Parrilla,5.6578913,-73.5321432,2024,9,24,1,0,720,1380,720,1380,720,1380,720,1380,720,1380,760,1425,713,1356,
complementary_plate_parrilla_11,Ribeye,Parrilla,76000,53,4.4,rest_parrilla_13,La Brasa,Parrilla,5.6261341,-73.5019422,2025,2,26,2,1,420,1380,420,1380,420,1380,420,1380,420,1380,368,1355,413,1411,3560888234
complementary_plate_parrilla_12,Entraña de la Casa,Parrilla,97500,54,4.4,rest_parrilla_3,Carbón y Leña,Parrilla,5.6434492,-73.5329803,2025,3,10,0,1,720,1380,720,1380,720,1380,720,1380,720,1380,757,1367,724,1431,3396549912
complementary_plate_parrilla_13,Churrasco de la Casa,Parrilla,96000,38,3.2,rest_parrilla_3,Parrilla Argentina,Parrilla,5.6402355,-73.5172909,2024,4,16,1,0,600,120,600,120,600,120,600,120,600,120,569,140,583,159,3844087802
complementary_plate_parrilla_14,Asado de Tira,Parrilla,81500,59,4.6,rest_parrilla_18,El Asador,Parrilla,5.6444582,-73.5168274,2024,4,18,3,0,480,1320,480,1320,480,1320,480,1320,480,1320,493,1370,521,1380,
complementary_plate_parrilla_15,Ribeye,Parrilla,78500,35,2.8,rest_parrilla_1,La Brasa,Parrilla,5.6207244,-73.520415,2024,9,10,1,0,720,1380,720,1380,720,1380,720,1380,720,1380,739,1419,733,1356,3360611278
complementary_plate_parrilla_16,Lomo de Res del Chef,Parrilla,88500,37,3.2,rest_parrilla_18,La Brasa,Parrilla,5.654885,-73.5142102,2025,11,12,2,0,720,1380,720,1380,720,1380,720,1380,720,1380,662,1385,760,1376,
complementary_plate_parrilla_17,Punta de Anca,Parrilla,120000,54,4.1,rest_parrilla_17,La Brasa,Parrilla,5.6572847,-73.5308069,2026,1,13,1,0,600,120,600,120,600,120,600,120,600,120,615,95,602,92,
complementary_plate_parrilla_18,Parrillada Completa,Parrilla,109500,35,3.0,rest_parrilla_9,Carbón y Leña,Parrilla,5.6426053,-73.5178935,2025,8,3,6,0,600,120,600,120,600,120,600,120,600,120,572,101,554,102,3910166687
complementary_plate_parrilla_19,Churrasco,Parrilla,65000,43,4.3,rest_parrilla_1,Parrilla Argentina,Parrilla,5.647866,-73.5251131,2025,8,5,1,0,720,1380,720,1380,720,1380,720,1380,720,1380,699,1402,746,1371,
complementary_plate_parrilla_20,Baby Beef Clásico,Parrilla,91000,54,4.0,rest_parrilla_2,La Brasa,Parrilla,5.6569,-73.5135333,2025,10,6,0,0,420,1380,420,1380,420,1380,420,1380,420,1380,409,1362,400,1368,
complementary_plate_parrilla_21,Entraña,Parrilla,77000,56,5.0,rest_parrilla_9,La Brasa,Parrilla,5.6482895,-73.5343511,2025,10,12,6,0,720,1380,720,1380,720,1380,720,1380,720,1380,756,1426,735,1380,
complementary_plate_parrilla_22,Entraña,Parrilla,111000,45,3.7,rest_parrilla_9,Carbón y Leña,Parrilla,5.6261016,-73.5171649,2026,1,18,6,0,420,1380,420,1380,420,1380,420,1380,420,1380,419,1420,412,1358,3947291464
complementary_plate_parrilla_23,Asado de Tira,Parrilla,108500,40,3.9,rest_parrilla_17,La Brasa,Parrilla,5.6430515,-73.5325892,2025,11,13,3,0,720,1380,720,1380,720,1380,720,1380,720,1380,757,1421,743,1366,3253143927
complementary_plate_parrilla_24,Parrillada Completa del Chef,Parrilla,96000,41,3.2,rest_parrilla_1,La Brasa,Parrilla,5.6442686,-73.5288543,2025,12,26,4,1,720,1380,720,1380,720,1380,720,1380,720,1380,707,1419,681,1381,
complementary_plate_parrilla_25,Entraña,Parrilla,70500,46,3.8,rest_parrilla_13,Parrilla Argentina,Parrilla,5.6369652,-73.5312516,2024,3,12,1,0,420,1380,420,1380,420,1380,420,1380,420,1380,443,1371,360,1357,3469872704
complementary_plate_parrilla_26,Costillas BBQ del Chef,Parrilla,63500,37,2.8,rest_parrilla_3,El Asador,Parrilla,5.6494578,-73.5326865,2025,4,5,5,1,720,1380,720,1380,720,1380,720,1380,720,1380,734,1415,696,1355,
complementary_plate_parrilla_27,Asado de Tira Premium,Parrilla,70500,50,5.0,rest_parrilla_11,Parrilla Argentina,Parrilla,5.6573747,-73.5069716,2024,3,10,6,0,480,1320,480,1320,480,1320,480,1320,480,1320,526,1307,512,1361,
complementary_plate_parrilla_28,Punta de Anca,Parrilla,74000,51,4.0,rest_parrilla_5,Parrilla Argentina,Parrilla,5.6570227,-73.5285717,2026,1,21,2,0,600,120,600,120,600,120,600,120,600,120,574,121,624,131,
complementary_plate_parrilla_29,Baby Beef,Parrilla,120000,49,4.9,rest_parrilla_18,La Brasa,Parrilla,5.6380336,-73.502915,2024,12,31,1,0,600,120,600,120,600,120,600,120,600,120,540,91,626,112,3973753000
complementary_plate_parrilla_30,Entraña,Parrilla,104000,30,3.2,rest_parrilla_20,Parrilla Argentina,Parrilla,5.6245295,-73.5012029,2025,1,17,4,0,480,1320,480,1320,480,1320,480,1320,480,1320,488,1293,534,1375,3647120491
complementary_plate_parrilla_31,Entraña,Parrilla,92000,46,3.4,rest_parrilla_1,Carbón y Leña,Parrilla,5.6593936,-73.5171496,2024,11,8,4,0,600,120,600,120,600,120,600,120,600,120,562,179,541,105,
complementary_plate_parrilla_32,Punta de Anca,Parrilla,120000,47,3.5,rest_parrilla_8,Parrilla Argentina,Parrilla,5.6535559,-73.53428,2025,6,25,2,1,480,1320,480,1320,480,1320,480,1320,480,1320,517,1325,507,1380,
complementary_plate_parrilla_33,Chorizo Criollo,Parrilla,65000,50,4.0,rest_parrilla_13,El Asador,Parrilla,5.6249865,-73.5250181,2025,7,21,0,0,420,1380,420,1380,420,1380,420,1380,420,1380,364,1385,423,1440,3278491112
complementary_plate_parrilla_34,Parrillada Completa,Parrilla,120000,30,2.9,rest_parrilla_19,Carbón y Leña,Parrilla,5.6568337,-73.5080907,2025,12,2,1,0,420,1380,420,1380,420,1380,420,1380,420,1380,432,1414,423,1371,
complementary_plate_parrilla_35,Lomo de Res Clásico,Parrilla,120000,45,4.0,rest_parrilla_1,Carbón y Leña,Parrilla,5.6547959,-73.5253044,2024,3,14,3,0,480,1320,480,1320,480,1320,480,1320,480,1320,436,1323,539,1362,
complementary_plate_parrilla_36,T-Bone,Parrilla,60000,33,3.2,rest_parrilla_14,Parrilla Argentina,Parrilla,5.6407535,-73.5365193,2024,11,21,3,0,600,120,600,120,600,120,600,120,600,120,540,144,622,176,3145362588
complementary_plate_parrilla_37,Punta de Anca,Parrilla,120000,42,2.9,rest_parrilla_2,El Asador,Parrilla,5.643651,-73.5177286,2025,6,22,6,0,480,1320,480,1320,480,1320,480,1320,480,1320,507,1356,479,1353,3887878226
complementary_plate_parrilla_38,Baby Beef,Parrilla,95000,36,4.1,rest_parrilla_1,El Asador,Parrilla,5.6359601,-73.5061952,2024,7,1,0,0,600,120,600,120,600,120,600,120,600,120,608,147,580,90,3403219346
complementary_plate_parrilla_39,Punta de Anca,Parrilla,60000,51,4.5,rest_parrilla_16,El Asador,Parrilla,5.6221905,-73.5081629,2026,1,9,4,1,600,120,600,120,600,120,600,120,600,120,549,121,565,111,3550859969
complementary_plate_parrilla_40,Asado de Tira,Parrilla,85500,46,3.2,rest_parrilla_11,La Brasa,Parrilla,5.6334079,-73.5329951,2025,6,7,5,0,480,1320,480,1320,480,1320,480,1320,480,1320,495,1370,539,1332,3763867304
complementary_plate_parrilla_41,Ribeye,Parrilla,84000,48,3.6,rest_parrilla_15,El Asador,Parrilla,5.6521141,-73.5130894,2024,5,7,1,0,420,1380,420,1380,420,1380,420,1380,420,1380,426,1380,480,1359,
complementary_plate_parrilla_42,Chorizo Criollo,Parrilla,75000,43,3.8,rest_parrilla_15,Carbón y Leña,Parrilla,5.6201853,-73.5311798,2025,12,5,4,0,480,1320,480,1320,480,1320,480,1320,480,1320,427,1294,468,1330,3157413770
complementary_plate_parrilla_43,Picada Mixta,Parrilla,120000,31,3.5,rest_parrilla_13,El Asador,Parrilla,5.63334,-73.5312717,2025,4,11,4,1,420,1380,420,1380,420,1380,420,1380,420,1380,438,1430,415,1358,3425127860
complementary_plate_parrilla_44,T-Bone,Parrilla,103500,56,4.6,rest_parrilla_15,La Brasa,Parrilla,5.6359267,-73.5050371,2025,1,9,3,1,480,1320,480,1320,480,1320,480,1320,480,1320,499,1342,449,1366,3786074797
complementary_plate_parrilla_45,Churrasco,Parrilla,84000,49,3.8,rest_parrilla_7,Parrilla Argentina,Parrilla,5.6414958,-73.5300132,2024,6,15,5,0,480,1320,480,1320,480,1320,480,1320,480,1320,463,1373,540,1376,3691958557
complementary_plate_parrilla_46,Ribeye Premium,Parrilla,94000,38,3.4,rest_parrilla_17,Carbón y Leña,Parrilla,5.6567942,-73.5294701,2024,4,25,3,0,480,1320,480,1320,480,1320,480,1320,480,1320,421,1366,511,1298,
complementary_plate_parrilla_47,Entraña,Parrilla,60000,43,4.2,rest_parrilla_2,Carbón y Leña,Parrilla,5.6338538,-73.5399739,2025,12,23,1,0,420,1380,420,1380,420,1380,420,1380,420,1380,413,1411,452,1429,3329942503
complementary_plate_parrilla_48,Punta de Anca,Parrilla,77000,44,3.5,rest_parrilla_16,Carbón y Leña,Parrilla,5.6338781,-73.5051732,2025,9,9,1,0,420,1380,420,1380,420,1380,420,1380,420,1380,434,1405,425,1433,3166607761
complementary_plate_parrilla_49,Ribeye,Parrilla,81000,55,4.1,rest_parrilla_8,Carbón y Leña,Parrilla,5.6495,-73.5082962,2025,12,10,2,0,420,1380,420,1380,420,1380,420,1380,420,1380,397,1397,361,1416,
complementary_plate_parrilla_50,Lomo de Res Clásico,Parrilla,91500,45,3.5,rest_parrilla_16,Carbón y Leña,Parrilla,5.6380887,-73.5149068,2024,3,25,0,1,600,120,600,120,600,120,600,120,600,120,584,115,565,171,3232637055
complementary_plate_parrilla_51,Ribeye,Parrilla,106000,39,3.8,rest_parrilla_4,Parrilla Argentina,Parrilla,5.6289842,-73.5099894,2025,8,24,6,1,420,1380,420,1380,420,1380,420,1380,420,1380,469,1424,432,1392,3973908783
complementary_plate_parrilla_52,T-Bone,Parrilla,95000,29,3.0,rest_parrilla_20,Carbón y Leña,Parrilla,5.6380976,-73.5339181,2024,10,17,3,0,480,1320,480,1320,480,1320,480,1320,480,1320,483,1318,537,1290,3993165761
complementary_plate_parrilla_53,Lomo de Res,Parrilla,63500,61,5.0,rest_parrilla_1,El Asador,Parrilla,5.6256343,-73.5216671,2025,1,31,4,0,720,1380,720,1380,720,1380,720,1380,720,1380,721,1392,763,1398,3387649503
complementary_plate_parrilla_54,Asado de Tira,Parrilla,60000,44,3.9,rest_parrilla_1,Parrilla Argentina,Parrilla,5.6270555,-73.5259512,2025,12,24,2,0,420,1380,420,1380,420,1380,420,1380,420,1380,363,1421,374,1368,3280326023
complementary_plate_parrilla_55,Chorizo Criollo,Parrilla,83000,48,3.5,rest_parrilla_7,Carbón y Leña,Parrilla,5.6399347,-73.5362489,2025,8,8,4,0,720,1380,720,1380,720,1380,720,1380,720,1380,696,1372,688,1383,3646966037
complementary_plate_parrilla_56,Churrasco Premium,Parrilla,120000,27,3.2,rest_parrilla_4,La Brasa,Parrilla,5.636757,-73.5205548,2024,4,7,6,0,720,1380,720,1380,720,1380,720,1380,720,1380,767,1383,776,1362,3698739659
complementary_plate_parrilla_57,Punta de Anca,Parrilla,105500,39,3.8,rest_parrilla_3,La Brasa,Parrilla,5.6565938,-73.5031704,2024,2,9,4,0,720,1380,720,1380,720,1380,720,1380,720,1380,699,1408,690,1397,
complementary_plate_parrilla_58,Lomo de Res,Parrilla,108500,51,4.4,rest_parrilla_20,Parrilla Argentina,Parrilla,5.6344958,-73.5383976,2025,3,18,1,1,720,1380,720,1380,720,1380,720,1380,720,1380,772,1366,761,1374,3279361976
complementary_plate_parrilla_59,Ribeye,Parrilla,85000,41,3.6,rest_parrilla_11,Parrilla Argentina,Parrilla,5.6432235,-73.5283416,2025,9,7,6,0,720,1380,720,1380,720,1380,720,1380,720,1380,777,1355,757,1428,3520597070
complementary_plate_parrilla_60,Parrillada Completa de la Casa,Parrilla,93000,45,3.8,rest_parrilla_16,Carbón y Leña,Parrilla,5.6452906,-73.5316984,2025,11,15,5,0,480,1320,480,1320,480,1320,480,1320,480,1320,500,1325,531,1306,
complementary_plate_parrilla_61,Parrillada Completa,Parrilla,99000,51,3.8,rest_parrilla_11,La Brasa,Parrilla,5.6205238,-73.5304741,2025,8,7,3,0,720,1380,720,1380,720,1380,720,1380,720,1380,725,1399,756,1432,3295786867
complementary_plate_parrilla_62,Ribeye,Parrilla,120000,41,2.8,rest_parrilla_8,El Asador,Parrilla,5.6465415,-73.5036626,2025,7,9,2,0,600,120,600,120,600,120,600,120,600,120,631,153,600,124,
complementary_plate_parrilla_63,Asado de Tira,Parrilla,98500,45,4.3,rest_parrilla_6,La Brasa,Parrilla,5.6271214,-73.5212772,2024,7,1,0,0,600,120,600,120,600,120,600,120,600,120,650,120,590,117,3418280364
complementary_plate_parrilla_64,Asado de Tira,Parrilla,94500,48,3.8,rest_parrilla_19,Parrilla Argentina,Parrilla,5.6584428,-73.521348,2025,6,16,0,0,420,1380,420,1380,420,1380,420,1380,420,1380,430,1360,377,1360,
complementary_plate_parrilla_65,Entraña,Parrilla,105000,50,4.8,rest_parrilla_16,La Brasa,Parrilla,5.6259465,-73.509577,2025,1,26,6,0,600,120,600,120,600,120,600,120,600,120,605,169,583,144,3638884929
complementary_plate_parrilla_66,Lomo de Res,Parrilla,60000,37,3.2,rest_parrilla_3,El Asador,Parrilla,5.636585,-73.5338203,2025,2,4,1,0,420,1380,420,1380,420,1380,420,1380,420,1380,408,1353,382,1406,3157416012
complementary_plate_parrilla_67,Picada Mixta,Parrilla,85500,50,4.1,rest_parrilla_18,Parrilla Argentina,Parrilla,5.623414,-73.5205094,2025,12,29,0,0,480,1320,480,1320,480,1320,480,1320,480,1320,520,1325,538,1319,3331131692
complementary_plate_parrilla_68,Asado de Tira Clásico,Parrilla,120000,60,4.8,rest_parrilla_20,Carbón y Leña,Parrilla,5.659875,-73.5228006,2024,2,15,3,0,420,1380,420,1380,420,1380,420,1380,420,1380,385,1436,402,1382,
complementary_plate_parrilla_69,Baby Beef del Chef,Parrilla,85000,38,2.8,rest_parrilla_17,El Asador,Parrilla,5.6400878,-73.5161236,2024,10,11,4,0,420,1380,420,1380,420,1380,420,1380,420,1380,361,1388,396,1394,3926978524
complementary_plate_parrilla_70,Entraña,Parrilla,108000,51,4.9,rest_parrilla_11,La Brasa,Parrilla,5.6438154,-73.5000177,2024,10,22,1,0,600,120,600,120,600,120,600,120,600,120,569,119,632,116,3353657722
complementary_plate_comida rápida_1,Hamburguesa Doble,Comida rápida,9000,77,3.1,rest_comida rápida_1,Express Grill,Comida rápida,5.6226831,-73.509222,2024,7,15,0,0,420,1380,420,1380,420,1380,420,1380,420,1380,468,1374,414,1439,3283985897
complementary_plate_comida rápida_2,Combo Personal Clásico,Comida rápida,8000,65,2.5,rest_comida rápida_14,Speed Food,Comida rápida,5.6499984,-73.5240854,2025,6,21,5,1,720,1380,720,1380,720,1380,720,1380,720,1380,733,1366,699,1351,
complementary_plate_comida rápida_3,Perro Caliente,Comida rápida,10000,69,3.2,rest_comida rápida_5,FastBite,Comida rápida,5.6283962,-73.5068979,2025,9,17,2,0,600,120,600,120,600,120,600,120,600,120,637,178,608,128,3943475266
complementary_plate_comida rápida_4,Sandwich Club,Comida rápida,7500,87,4.5,rest_comida rápida_11,Express Grill,Comida rápida,5.6559222,-73.5331717,2025,10,18,5,1,600,120,600,120,600,120,600,120,600,120,588,116,590,98,
complementary_plate_comida rápida_5,Sandwich Club,Comida rápida,10000,65,2.5,rest_comida rápida_6,Express Grill,Comida rápida,5.6282056,-73.5387815,2026,1,10,5,0,420,1380,420,1380,420,1380,420,1380,420,1380,371,1371,373,1436,3531732405
complementary_plate_comida rápida_6,Nuggets,Comida rápida,14000,83,3.8,rest_comida rápida_2,FastBite,Comida rápida,5.6276275,-73.5318221,2024,10,29,1,0,480,1320,480,1320,480,1320,480,1320,480,1320,536,1339,456,1316,3626276415
complementary_plate_comida rápida_7,Hamburguesa Doble,Comida rápida,7500,77,3.2,rest_comida rápida_18,FastBite,Comida rápida,5.621462,-73.5263835,2025,9,27,5,1,480,1320,480,1320,480,1320,480,1320,480,1320,441,1331,530,1342,3565612839
complementary_plate_comida rápida_8,Alitas de Pollo Clásico,Comida rápida,11500,60,2.5,rest_comida rápida_16,Express Grill,Comida rápida,5.6388827,-73.5195768,2024,2,11,6,0,600,120,600,120,600,120,600,120,600,120,635,98,589,116,3395123002
complementary_plate_comida rápida_9,Combo Personal,Comida rápida,9000,77,3.8,rest_comida rápida_15,FastBite,Comida rápida,5.6425936,-73.5153948,2025,9,13,5,0,420,1380,420,1380,420,1380,420,1380,420,1380,435,1375,424,1437,3987487414
complementary_plate_comida rápida_10,Wrap de Pollo de la Casa,Comida rápida,9500,73,3.5,rest_comida rápida_2,Express Grill,Comida rápida,5.6226283,-73.5035758,2024,6,27,3,0,600,120,600,120,600,120,600,120,600,120,617,121,607,132,3613567293
complementary_plate_comida rápida_11,Pizza Personal de la Casa,Comida rápida,9000,73,4.0,rest_comida rápida_8,Quick Burger,Comida rápida,5.6510211,-73.5196058,2024,12,8,6,0,420,1380,420,1380,420,1380,420,1380,420,1380,442,1408,404,1439,
complementary_plate_comida rápida_12,Alitas de Pollo,Comida rápida,15000,72,3.8,rest_comida rápida_2,FastBite,Comida rápida,5.6381316,-73.519949,2024,12,31,1,0,600,120,600,120,600,120,600,120,600,120,598,139,656,174,3613171003
complementary_plate_comida rápida_13,Salchipapas Premium,Comida rápida,11500,75,3.6,rest_comida rápida_18,Express Grill,Comida rápida,5.6409756,-73.5379903,2024,12,12,3,0,720,1380,720,1380,720,1380,720,1380,720,1380,695,1430,728,1387,3294644810
complementary_plate_comida rápida_14,Hamburguesa Doble,Comida rápida,11000,72,2.9,rest_comida rápida_17,Speed Food,Comida rápida,5.6376305,-73.5386035,2025,7,9,2,0,420,1380,420,1380,420,1380,420,1380,420,1380,369,1363,424,1391,3773148025
complementary_plate_comida rápida_15,Salchipapas de la Casa,Comida rápida,6000,66,2.8,rest_comida rápida_7,Speed Food,Comida rápida,5.6360305,-73.5179536,2024,12,25,2,1,600,120,600,120,600,120,600,120,600,120,543,99,621,178,3529260254
complementary_plate_comida rápida_16,Alitas de Pollo,Comida rápida,6500,69,3.2,rest_comida rápida_15,Express Grill,Comida rápida,5.6423856,-73.5224729,2024,9,28,5,0,480,1320,480,1320,480,1320,480,1320,480,1320,421,1322,434,1380,3996641642
complementary_plate_comida rápida_17,Alitas de Pollo,Comida rápida,6500,59,2.5,rest_comida rápida_6,Speed Food,Comida rápida,5.6262096,-73.5064328,2025,8,25,0,0,480,1320,480,1320,480,1320,480,1320,480,1320,490,1374,451,1346,3870037855
complementary_plate_comida rápida_18,Pizza Personal,Comida rápida,9500,84,3.8,rest_comida rápida_1,FastBite,Comida rápida,5.6272771,-73.5335728,2024,3,21,3,0,480,1320,480,1320,480,1320,480,1320,480,1320,442,1327,435,1358,3135921754
complementary_plate_comida rápida_19,Pizza Personal,Comida rápida,15000,63,2.8,rest_comida rápida_2,Quick Burger,Comida rápida,5.6544714,-73.5390011,2024,11,11,0,0,720,1380,720,1380,720,1380,720,1380,720,1380,716,1395,682,1377,
complementary_plate_comida rápida_20,Wrap de Pollo,Comida rápida,8000,62,2.8,rest_comida rápida_8,Express Grill,Comida rápida,5.6578446,-73.5220384,2025,7,15,1,0,600,120,600,120,600,120,600,120,600,120,628,129,596,96,
complementary_plate_comida rápida_21,Hamburguesa Clásica Clásico,Comida rápida,8000,76,3.1,rest_comida rápida_3,Quick Burger,Comida rápida,5.6349324,-73.5305009,2024,3,12,1,0,720,1380,720,1380,720,1380,720,1380,720,1380,685,1361,662,1403,3794428733
complementary_plate_comida rápida_22,Hamburguesa Clásica,Comida rápida,8500,74,4.2,rest_comida rápida_11,FastBite,Comida rápida,5.6308298,-73.5380154,2025,3,9,6,0,480,1320,480,1320,480,1320,480,1320,480,1320,522,1375,441,1311,3496535039
complementary_plate_comida rápida_23,Hot Dog,Comida rápida,9500,86,3.8,rest_comida rápida_11,FastBite,Comida rápida,5.64576,-73.5110161,2025,2,6,3,0,720,1380,720,1380,720,1380,720,1380,720,1380,779,1419,710,1404,
complementary_plate_comida rápida_24,Hamburguesa Doble,Comida rápida,12500,78,3.1,rest_comida rápida_9,Quick Burger,Comida rápida,5.6363494,-73.5355363,2025,12,1,0,0,480,1320,480,1320,480,1320,480,1320,480,1320,471,1373,460,1291,3122821211
complementary_plate_comida rápida_25,Wrap de Pollo,Comida rápida,9000,82,4.0,rest_comida rápida_18,FastBite,Comida rápida,5.6210155,-73.5156672,2024,2,8,3,0,480,1320,480,1320,480,1320,480,1320,480,1320,428,1317,472,1328,3666887070
complementary_plate_comida rápida_26,Pizza Personal,Comida rápida,11500,80,3.3,rest_comida rápida_6,Quick Burger,Comida rápida,5.6262461,-73.528758,2025,3,3,0,0,420,1380,420,1380,420,1380,420,1380,420,1380,372,1426,401,1430,3334052731
complementary_plate_comida rápida_27,Wrap de Pollo,Comida rápida,10000,65,2.5,rest_comida rápida_19,Quick Burger,Comida rápida,5.6486389,-73.5330602,2024,9,9,0,0,600,120,600,120,600,120,600,120,600,120,548,132,542,167,
complementary_plate_comida rápida_28,Papas Fritas,Comida rápida,13500,66,3.1,rest_comida rápida_20,Express Grill,Comida rápida,5.646357,-73.5248099,2025,6,2,0,0,720,1380,720,1380,720,1380,720,1380,720,1380,662,1428,757,1365,
complementary_plate_comida rápida_29,Nuggets,Comida rápida,11000,67,3.1,rest_comida rápida_2,Quick Burger,Comida rápida,5.6210838,-73.5079422,2024,4,20,5,0,480,1320,480,1320,480,1320,480,1320,480,1320,437,1337,483,1327,3545296119
complementary_plate_comida rápida_30,Perro Caliente,Comida rápida,9500,73,3.7,rest_comida rápida_14,FastBite,Comida rápida,5.6288789,-73.5243163,2024,8,22,3,0,600,120,600,120,600,120,600,120,600,120,634,132,557,125,3307958734
complementary_plate_comida rápida_31,Nuggets,Comida rápida,13000,76,4.3,rest_comida rápida_8,Quick Burger,Comida rápida,5.629243,-73.5099692,2024,3,5,1,1,480,1320,480,1320,480,1320,480,1320,480,1320,449,1332,463,1321,3308983087
complementary_plate_comida rápida_32,Hot Dog Especial,Comida rápida,12500,62,3.2,rest_comida rápida_5,Quick Burger,Comida rápida,5.6468757,-73.5349805,2025,12,15,0,0,420,1380,420,1380,420,1380,420,1380,420,1380,383,1406,440,1350,
complementary_plate_comida rápida_33,Nuggets,Comida rápida,7000,72,3.2,rest_comida rápida_15,FastBite,Comida rápida,5.6207884,-73.5090891,2024,11,27,2,0,720,1380,720,1380,720,1380,720,1380,720,1380,671,1372,735,1420,3447957155
complementary_plate_comida rápida_34,Alitas de Pollo,Comida rápida,15000,71,2.5,rest_comida rápida_19,Speed Food,Comida rápida,5.6241643,-73.5305227,2025,4,20,6,1,720,1380,720,1380,720,1380,720,1380,720,1380,752,1375,691,1404,3170931591
complementary_plate_comida rápida_35,Hamburguesa Doble,Comida rápida,11500,73,4.1,rest_comida rápida_14,Express Grill,Comida rápida,5.6519966,-73.5129043,2024,11,12,1,1,720,1380,720,1380,720,1380,720,1380,720,1380,694,1411,670,1396,
complementary_plate_comida rápida_36,Hamburguesa Doble Clásico,Comida rápida,7500,91,4.5,rest_comida rápida_6,Quick Burger,Comida rápida,5.6271418,-73.5173687,2024,7,20,5,0,720,1380,720,1380,720,1380,720,1380,720,1380,764,1411,662,1398,3459547129
complementary_plate_comida rápida_37,Hamburguesa Doble,Comida rápida,6500,88,4.1,rest_comida rápida_11,Express Grill,Comida rápida,5.6461098,-73.5028342,2025,11,25,1,0,600,120,600,120,600,120,600,120,600,120,599,129,598,126,
complementary_plate_comida rápida_38,Hamburguesa Clásica,Comida rápida,14000,82,4.5,rest_comida rápida_13,Speed Food,Comida rápida,5.6295273,-73.5245071,2024,9,21,5,1,600,120,600,120,600,120,600,120,600,120,565,109,657,114,3237267044
complementary_plate_comida rápida_39,Papas Fritas,Comida rápida,10000,86,3.7,rest_comida rápida_2,FastBite,Comida rápida,5.6239777,-73.5373534,2024,12,15,6,0,600,120,600,120,600,120,600,120,600,120,635,137,589,152,3190508655
complementary_plate_comida rápida_40,Hamburguesa Doble Clásico,Comida rápida,6500,57,2.6,rest_comida rápida_12,Express Grill,Comida rápida,5.6297269,-73.5392338,2024,4,27,5,0,600,120,600,120,600,120,600,120,600,120,659,162,560,114,3107503276
complementary_plate_comida rápida_41,Nuggets,Comida rápida,8000,65,3.4,rest_comida rápida_1,Speed Food,Comida rápida,5.6488907,-73.5069257,2024,5,1,2,0,600,120,600,120,600,120,600,120,600,120,658,144,634,121,
complementary_plate_comida rápida_42,Alitas de Pollo,Comida rápida,6500,79,4.7,rest_comida rápida_4,Quick Burger,Comida rápida,5.6542279,-73.5190106,2026,1,25,6,0,420,1380,420,1380,420,1380,420,1380,420,1380,437,1408,480,1437,
complementary_plate_comida rápida_43,Sandwich Club de la Casa,Comida rápida,8000,83,3.8,rest_comida rápida_9,Quick Burger,Comida rápida,5.6532088,-73.5089902,2024,11,26,1,0,600,120,600,120,600,120,600,120,600,120,590,180,615,100,
complementary_plate_comida rápida_44,Pizza Personal Especial,Comida rápida,5500,71,3.6,rest_comida rápida_9,Speed Food,Comida rápida,5.6358873,-73.530623,2025,9,13,5,0,600,120,600,120,600,120,600,120,600,120,615,129,633,142,3177344057
complementary_plate_comida rápida_45,Combo Personal,Comida rápida,14000,63,2.5,rest_comida rápida_14,FastBite,Comida rápida,5.6467234,-73.5261967,2024,2,24,5,1,600,120,600,120,600,120,600,120,600,120,629,129,540,111,
complementary_plate_comida rápida_46,Perro Caliente,Comida rápida,11500,75,4.0,rest_comida rápida_16,Quick Burger,Comida rápida,5.6281994,-73.5387958,2025,7,19,5,0,420,1380,420,1380,420,1380,420,1380,420,1380,453,1405,381,1372,3702689232
complementary_plate_comida rápida_47,Alitas de Pollo,Comida rápida,7500,70,4.0,rest_comida rápida_9,Quick Burger,Comida rápida,5.6317259,-73.5015403,2025,7,25,4,1,480,1320,480,1320,480,1320,480,1320,480,1320,477,1362,524,1317,3162827874
complementary_plate_comida rápida_48,Alitas de Pollo,Comida rápida,7000,55,2.5,rest_comida rápida_4,FastBite,Comida rápida,5.6558534,-73.5132853,2025,1,16,3,0,600,120,600,120,600,120,600,120,600,120,620,169,553,171,
complementary_plate_comida rápida_49,Combo Personal,Comida rápida,14500,74,3.2,rest_comida rápida_2,FastBite,Comida rápida,5.6205201,-73.5026718,2026,1,28,2,0,480,1320,480,1320,480,1320,480,1320,480,1320,463,1293,494,1320,3990098898
complementary_plate_comida rápida_50,Hot Dog,Comida rápida,10500,83,3.6,rest_comida rápida_20,FastBite,Comida rápida,5.6234203,-73.5293801,2025,1,18,5,0,480,1320,480,1320,480,1320,480,1320,480,1320,505,1364,521,1295,3617430975
complementary_plate_comida rápida_51,Perro Caliente,Comida rápida,9500,78,4.6,rest_comida rápida_8,Speed Food,Comida rápida,5.6283155,-73.5155415,2025,3,21,4,0,600,120,600,120,600,120,600,120,600,120,600,133,617,144,3686779194
complementary_plate_comida rápida_52,Perro Caliente Especial,Comida rápida,6000,68,3.8,rest_comida rápida_13,Express Grill,Comida rápida,5.6210613,-73.51286,2024,2,22,3,0,600,120,600,120,600,120,600,120,600,120,588,168,547,135,3829633350
complementary_plate_comida rápida_53,Papas Fritas Premium,Comida rápida,9000,83,4.0,rest_comida rápida_20,Speed Food,Comida rápida,5.6272574,-73.527298,2024,11,1,4,1,480,1320,480,1320,480,1320,480,1320,480,1320,497,1305,531,1357,3797863259
complementary_plate_comida rápida_54,Perro Caliente,Comida rápida,6500,68,3.6,rest_comida rápida_11,Speed Food,Comida rápida,5.6433217,-73.5060756,2025,12,22,0,1,600,120,600,120,600,120,600,120,600,120,624,114,540,171,3937412104
complementary_plate_comida rápida_55,Hot Dog,Comida rápida,11000,77,4.7,rest_comida rápida_4,Express Grill,Comida rápida,5.636857,-73.5021135,2024,4,3,2,1,720,1380,720,1380,720,1380,720,1380,720,1380,737,1412,711,1428,3516451454
complementary_plate_comida rápida_56,Sandwich Club del Chef,Comida rápida,7500,71,2.8,rest_comida rápida_16,FastBite,Comida rápida,5.6557069,-73.5046058,2025,9,29,0,0,420,1380,420,1380,420,1380,420,1380,420,1380,437,1374,451,1368,
complementary_plate_comida rápida_57,Alitas de Pollo Especial,Comida rápida,10500,86,3.8,rest_comida rápida_18,Express Grill,Comida rápida,5.6526977,-73.5104373,2024,3,30,5,0,420,1380,420,1380,420,1380,420,1380,420,1380,466,1436,430,1409,
complementary_plate_comida rápida_58,Pizza Personal,Comida rápida,9500,71,2.6,rest_comida rápida_6,Express Grill,Comida rápida,5.6336727,-73.5289014,2026,1,8,3,0,720,1380,720,1380,720,1380,720,1380,720,1380,687,1371,756,1434,3781520569
complementary_plate_comida rápida_59,Salchipapas,Comida rápida,10000,63,3.3,rest_comida rápida_5,FastBite,Comida rápida,5.6303769,-73.5287354,2024,3,27,2,1,600,120,600,120,600,120,600,120,600,120,638,125,568,122,3779586192
complementary_plate_comida rápida_60,Wrap de Pollo del Chef,Comida rápida,10000,78,3.7,rest_comida rápida_11,FastBite,Comida rápida,5.6351877,-73.5014656,2024,4,18,3,1,480,1320,480,1320,480,1320,480,1320,480,1320,521,1378,462,1318,3135351951
complementary_plate_comida rápida_61,Hamburguesa Doble Premium,Comida rápida,13000,61,2.5,rest_comida rápida_10,Speed Food,Comida rápida,5.6436118,-73.5395886,2025,10,11,5,0,600,120,600,120,600,120,600,120,600,120,623,172,640,161,3137432022
complementary_plate_comida rápida_62,Nuggets Especial,Comida rápida,9500,66,2.5,rest_comida rápida_11,Speed Food,Comida rápida,5.6307225,-73.511358,2025,9,29,0,1,480,1320,480,1320,480,1320,480,1320,480,1320,431,1333,514,1365,3552740062
complementary_plate_comida rápida_63,Nuggets de la Casa,Comida rápida,7500,73,3.8,rest_comida rápida_5,Speed Food,Comida rápida,5.644966,-73.5117502,2025,1,29,2,0,480,1320,480,1320,480,1320,480,1320,480,1320,459,1297,495,1358,
complementary_plate_comida rápida_64,Perro Caliente,Comida rápida,8000,59,2.9,rest_comida rápida_16,Speed Food,Comida rápida,5.6363765,-73.5150924,2025,6,27,4,1,480,1320,480,1320,480,1320,480,1320,480,1320,470,1291,488,1348,3886679572
complementary_plate_comida rápida_65,Pizza Personal,Comida rápida,12000,65,3.4,rest_comida rápida_17,Speed Food,Comida rápida,5.6420819,-73.5003956,2025,3,27,3,0,720,1380,720,1380,720,1380,720,1380,720,1380,736,1386,678,1435,3761995071
complementary_plate_comida rápida_66,Salchipapas de la Casa,Comida rápida,10000,79,3.6,rest_comida rápida_13,Speed Food,Comida rápida,5.6374451,-73.5275248,2024,2,16,4,0,420,1380,420,1380,420,1380,420,1380,420,1380,468,1440,433,1411,3204379225
complementary_plate_comida rápida_67,Pizza Personal Premium,Comida rápida,15000,75,4.5,rest_comida rápida_10,Express Grill,Comida rápida,5.6317786,-73.5264011,2025,1,1,2,0,420,1380,420,1380,420,1380,420,1380,420,1380,379,1376,468,1378,3697549859
complementary_plate_comida rápida_68,Salchipapas,Comida rápida,11000,88,4.1,rest_comida rápida_13,Speed Food,Comida rápida,5.6579381,-73.5368424,2025,1,2,3,0,480,1320,480,1320,480,1320,480,1320,480,1320,490,1340,463,1344,
complementary_plate_comida rápida_69,Pizza Personal de la Casa,Comida rápida,15000,75,4.0,rest_comida rápida_11,FastBite,Comida rápida,5.6505442,-73.5222881,2025,9,25,3,0,420,1380,420,1380,420,1380,420,1380,420,1380,396,1439,478,1374,
complementary_plate_comida rápida_70,Alitas de Pollo,Comida rápida,14500,84,3.8,rest_comida rápida_5,Express Grill,Comida rápida,5.6256045,-73.5295581,2025,4,14,0,0,420,1380,420,1380,420,1380,420,1380,420,1380,418,1433,380,1423,3278870004
complementary_plate_comida rápida_71,Hamburguesa Clásica,Comida rápida,12500,89,4.8,rest_comida rápida_5,FastBite,Comida rápida,5.6547387,-73.5262645,2024,3,14,3,1,720,1380,720,1380,720,1380,720,1380,720,1380,762,1375,754,1433,
complementary_plate_comida rápida_72,Hot Dog,Comida rápida,14000,78,3.2,rest_comida rápida_2,Express Grill,Comida rápida,5.6394972,-73.5066171,2025,8,7,3,0,600,120,600,120,600,120,600,120,600,120,626,111,658,97,3135507773
complementary_plate_comida rápida_73,Pizza Personal,Comida rápida,5000,78,3.1,rest_comida rápida_8,FastBite,Comida rápida,5.6557821,-73.5025806,2025,10,8,2,1,420,1380,420,1380,420,1380,420,1380,420,1380,435,1405,379,1430,
complementary_plate_comida rápida_74,Salchipapas Especial,Comida rápida,7000,82,4.3,rest_comida rápida_13,Express Grill,Comida rápida,5.6519942,-73.5325707,2024,4,12,4,0,600,120,600,120,600,120,600,120,600,120,578,178,616,112,
complementary_plate_comida rápida_75,Hot Dog,Comida rápida,6500,67,3.7,rest_comida rápida_19,Quick Burger,Comida rápida,5.6370085,-73.5250996,2026,1,14,2,1,600,120,600,120,600,120,600,120,600,120,587,91,555,104,3808545980
complementary_plate_comida rápida_76,Alitas de Pollo,Comida rápida,10000,71,3.3,rest_comida rápida_19,Express Grill,Comida rápida,5.6208988,-73.5028548,2025,4,7,0,0,420,1380,420,1380,420,1380,420,1380,420,1380,448,1362,461,1425,3189948213
complementary_plate_comida rápida_77,Alitas de Pollo,Comida rápida,15000,86,4.6,rest_comida rápida_18,FastBite,Comida rápida,5.6307471,-73.5375277,2024,12,30,0,1,480,1320,480,1320,480,1320,480,1320,480,1320,461,1298,511,1358,3685026063
complementary_plate_comida rápida_78,Hot Dog Premium,Comida rápida,9000,79,3.3,rest_comida rápida_20,FastBite,Comida rápida,5.6416654,-73.5363056,2025,8,5,1,0,480,1320,480,1320,480,1320,480,1320,480,1320,486,1364,488,1373,3968675079
complementary_plate_comida rápida_79,Hot Dog,Comida rápida,9500,77,3.9,rest_comida rápida_6,Quick Burger,Comida rápida,5.6453391,-73.5334884,2024,4,9,1,0,480,1320,480,1320,480,1320,480,1320,480,1320,491,1347,522,1330,
complementary_plate_comida rápida_80,Sandwich Club,Comida rápida,10000,78,3.4,rest_comida rápida_1,Quick Burger,Comida rápida,5.6303155,-73.5161915,2024,11,30,5,0,420,1380,420,1380,420,1380,420,1380,420,1380,468,1354,370,1365,3374134074
complementary_plate_comida rápida_81,Salchipapas,Comida rápida,9500,59,2.5,rest_comida rápida_16,Quick Burger,Comida rápida,5.6255742,-73.5339811,2024,6,26,2,0,420,1380,420,1380,420,1380,420,1380,420,1380,365,1416,475,1387,3896170040
complementary_plate_comida rápida_82,Pizza Personal,Comida rápida,15000,77,3.4,rest_comida rápida_2,FastBite,Comida rápida,5.6533972,-73.5012769,2025,6,9,0,0,420,1380,420,1380,420,1380,420,1380,420,1380,437,1418,425,1376,
complementary_plate_comida rápida_83,Sandwich Club,Comida rápida,5000,73,3.4,rest_comida rápida_5,Speed Food,Comida rápida,5.6593761,-73.5221314,2025,4,28,0,1,720,1380,720,1380,720,1380,720,1380,720,1380,698,1377,677,1427,
complementary_plate_comida rápida_84,Salchipapas de la Casa,Comida rápida,6000,62,3.0,rest_comida rápida_9,Express Grill,Comida rápida,5.6410276,-73.5199393,2025,11,13,3,1,480,1320,480,1320,480,1320,480,1320,480,1320,490,1322,453,1338,3850978653
complementary_plate_comida rápida_85,Pizza Personal,Comida rápida,14500,67,3.1,rest_comida rápida_19,Quick Burger,Comida rápida,5.6268672,-73.5301337,2025,1,21,1,0,720,1380,720,1380,720,1380,720,1380,720,1380,728,1376,669,1430,3609553373
complementary_plate_comida rápida_86,Hamburguesa Doble,Comida rápida,9000,80,3.5,rest_comida rápida_9,Quick Burger,Comida rápida,5.6308923,-73.5211616,2025,11,19,2,0,600,120,600,120,600,120,600,120,600,120,645,109,580,145,3777911243
complementary_plate_comida rápida_87,Perro Caliente,Comida rápida,15000,79,3.0,rest_comida rápida_9,Speed Food,Comida rápida,5.6207356,-73.5135235,2025,3,2,6,0,480,1320,480,1320,480,1320,480,1320,480,1320,507,1360,472,1298,3130320939
complementary_plate_comida rápida_88,Nuggets,Comida rápida,6500,73,3.7,rest_comida rápida_6,FastBite,Comida rápida,5.656572,-73.5099529,2025,10,3,4,0,720,1380,720,1380,720,1380,720,1380,720,1380,695,1351,672,1398,
complementary_plate_comida rápida_89,Wrap de Pollo del Chef,Comida rápida,8000,66,3.3,rest_comida rápida_4,Speed Food,Comida rápida,5.62471,-73.5098453,2024,5,25,5,0,600,120,600,120,600,120,600,120,600,120,552,157,584,179,3348796495
complementary_plate_comida rápida_90,Pizza Personal,Comida rápida,7500,66,2.5,rest_comida rápida_19,Express Grill,Comida rápida,5.6430607,-73.5168844,2024,10,6,6,0,720,1380,720,1380,720,1380,720,1380,720,1380,700,1399,683,1394,3430590800
complementary_plate_comida rápida_91,Salchipapas,Comida rápida,15000,83,4.2,rest_comida rápida_9,Express Grill,Comida rápida,5.6309622,-73.5038256,2024,7,5,4,0,420,1380,420,1380,420,1380,420,1380,420,1380,361,1437,425,1369,3463646681
complementary_plate_comida rápida_92,Hamburguesa Doble Premium,Comida rápida,13500,69,3.8,rest_comida rápida_15,Express Grill,Comida rápida,5.6421671,-73.5073037,2025,2,9,6,0,420,1380,420,1380,420,1380,420,1380,420,1380,450,1381,446,1427,3942484225
complementary_plate_comida rápida_93,Papas Fritas,Comida rápida,15000,71,4.0,rest_comida rápida_14,FastBite,Comida rápida,5.6460568,-73.5097181,2025,3,31,0,0,420,1380,420,1380,420,1380,420,1380,420,1380,414,1416,480,1379,
complementary_plate_comida rápida_94,Hot Dog,Comida rápida,11500,77,3.4,rest_comida rápida_10,FastBite,Comida rápida,5.6531897,-73.5377758,2025,11,12,2,1,480,1320,480,1320,480,1320,480,1320,480,1320,501,1300,429,1320,
complementary_plate_comida rápida_95,Combo Personal,Comida rápida,9000,78,3.0,rest_comida rápida_1,FastBite,Comida rápida,5.6282569,-73.5397249,2024,12,18,2,0,480,1320,480,1320,480,1320,480,1320,480,1320,474,1376,485,1307,3932618866
complementary_plate_comida rápida_96,Pizza Personal,Comida rápida,6500,78,3.8,rest_comida rápida_15,FastBite,Comida rápida,5.6204398,-73.5315021,2024,5,26,6,0,480,1320,480,1320,480,1320,480,1320,480,1320,511,1344,509,1358,3408511577
complementary_plate_comida rápida_97,Sandwich Club,Comida rápida,7000,73,4.1,rest_comida rápida_16,FastBite,Comida rápida,5.6254754,-73.5134591,2024,12,1,6,1,720,1380,720,1380,720,1380,720,1380,720,1380,682,1359,706,1367,3962327574
complementary_plate_comida rápida_98,Nuggets Especial,Comida rápida,15000,74,3.9,rest_comida rápida_16,Speed Food,Comida rápida,5.6560007,-73.5235521,2025,4,6,6,0,720,1380,720,1380,720,1380,720,1380,720,1380,707,1364,703,1436,
complementary_plate_comida rápida_99,Wrap de Pollo,Comida rápida,12000,62,2.5,rest_comida rápida_17,Speed Food,Comida rápida,5.6549556,-73.5239037,2024,4,19,4,0,420,1380,420,1380,420,1380,420,1380,420,1380,387,1350,454,1430,
complementary_plate_comida rápida_100,Hamburguesa Clásica,Comida rápida,7000,68,2.9,rest_comida rápida_10,Express Grill,Comida rápida,5.6438965,-73.5046165,2025,3,7,4,0,600,120,600,120,600,120,600,120,600,120,654,169,648,152,3298605535
complementary_plate_comida rápida_101,Hamburguesa Doble,Comida rápida,8500,86,3.8,rest_comida rápida_16,FastBite,Comida rápida,5.6440207,-73.5041775,2024,11,22,4,0,480,1320,480,1320,480,1320,480,1320,480,1320,420,1334,533,1313,
complementary_plate_comida rápida_102,Hamburguesa Doble,Comida rápida,12000,62,2.9,rest_comida rápida_5,Express Grill,Comida rápida,5.6466015,-73.503633,2026,1,30,4,0,480,1320,480,1320,480,1320,480,1320,480,1320,487,1355,535,1309,
complementary_plate_comida rápida_103,Perro Caliente,Comida rápida,11000,66,3.1,rest_comida rápida_9,Quick Burger,Comida rápida,5.6270149,-73.5274449,2024,8,6,1,0,720,1380,720,1380,720,1380,720,1380,720,1380,720,1400,707,1388,3311925053
complementary_plate_comida rápida_104,Perro Caliente Especial,Comida rápida,15000,84,4.6,rest_comida rápida_7,Speed Food,Comida rápida,5.6565765,-73.5123578,2024,2,11,6,0,600,120,600,120,600,120,600,120,600,120,624,146,560,107,
complementary_plate_comida rápida_105,Hamburguesa Doble Especial,Comida rápida,11500,79,3.0,rest_comida rápida_7,Quick Burger,Comida rápida,5.6367508,-73.5291347,2024,3,26,1,1,720,1380,720,1380,720,1380,720,1380,720,1380,696,1355,677,1400,3242813688
complementary_plate_comida rápida_106,Combo Personal Premium,Comida rápida,10500,70,2.5,rest_comida rápida_17,Speed Food,Comida rápida,5.6353255,-73.5323756,2024,12,24,1,1,420,1380,420,1380,420,1380,420,1380,420,1380,375,1403,422,1420,3160395758
complementary_plate_comida rápida_107,Alitas de Pollo,Comida rápida,5500,76,4.0,rest_comida rápida_8,FastBite,Comida rápida,5.6407567,-73.5326147,2024,3,8,4,0,720,1380,720,1380,720,1380,720,1380,720,1380,674,1363,761,1352,3687387074
complementary_plate_comida rápida_108,Hamburguesa Doble,Comida rápida,13500,63,2.8,rest_comida rápida_3,Speed Food,Comida rápida,5.6218786,-73.5263157,2024,9,27,4,1,420,1380,420,1380,420,1380,420,1380,420,1380,414,1426,454,1351,3912042917
complementary_plate_comida rápida_109,Alitas de Pollo,Comida rápida,12000,68,3.3,rest_comida rápida_8,FastBite,Comida rápida,5.6266513,-73.5228017,2025,5,13,1,1,720,1380,720,1380,720,1380,720,1380,720,1380,739,1369,753,1415,3685723101
complementary_plate_comida rápida_110,Pizza Personal del Chef,Comida rápida,7500,72,3.5,rest_comida rápida_19,Quick Burger,Comida rápida,5.6495213,-73.506762,2025,7,28,0,0,720,1380,720,1380,720,1380,720,1380,720,1380,720,1440,760,1363,
complementary_plate_comida rápida_111,Papas Fritas Premium,Comida rápida,9000,55,2.5,rest_comida rápida_20,Express Grill,Comida rápida,5.6233119,-73.5352044,2026,1,19,0,0,720,1380,720,1380,720,1380,720,1380,720,1380,675,1366,711,1354,3223370461
complementary_plate_comida rápida_112,Sandwich Club,Comida rápida,8000,74,3.1,rest_comida rápida_11,Quick Burger,Comida rápida,5.6441261,-73.510603,2025,6,24,1,1,480,1320,480,1320,480,1320,480,1320,480,1320,530,1296,468,1342,
complementary_plate_comida rápida_113,Hamburguesa Clásica,Comida rápida,10000,69,3.8,rest_comida rápida_9,Speed Food,Comida rápida,5.629814,-73.5187418,2025,1,30,3,0,600,120,600,120,600,120,600,120,600,120,547,155,594,172,3426064095
complementary_plate_comida rápida_114,Alitas de Pollo,Comida rápida,15000,65,2.9,rest_comida rápida_11,FastBite,Comida rápida,5.6355718,-73.5284822,2024,4,1,0,0,600,120,600,120,600,120,600,120,600,120,571,130,654,96,3920023451
complementary_plate_comida rápida_115,Hot Dog,Comida rápida,8500,56,2.5,rest_comida rápida_12,Speed Food,Comida rápida,5.6315477,-73.5202872,2024,9,21,5,0,420,1380,420,1380,420,1380,420,1380,420,1380,420,1385,476,1427,3935976569
complementary_plate_comida rápida_116,Salchipapas,Comida rápida,14500,63,2.6,rest_comida rápida_12,Quick Burger,Comida rápida,5.6342269,-73.5280023,2025,3,4,1,0,420,1380,420,1380,420,1380,420,1380,420,1380,374,1362,445,1351,3222224237
complementary_plate_comida rápida_117,Wrap de Pollo,Comida rápida,10500,73,3.3,rest_comida rápida_20,FastBite,Comida rápida,5.6487618,-73.5161567,2025,9,26,4,0,420,1380,420,1380,420,1380,420,1380,420,1380,390,1433,395,1376,
complementary_plate_comida rápida_118,Nuggets Especial,Comida rápida,6000,69,3.6,rest_comida rápida_20,FastBite,Comida rápida,5.6318849,-73.5226462,2024,7,27,5,0,480,1320,480,1320,480,1320,480,1320,480,1320,495,1373,524,1314,3509324387
complementary_plate_comida rápida_119,Sandwich Club Especial,Comida rápida,7500,75,3.0,rest_comida rápida_14,Quick Burger,Comida rápida,5.6426562,-73.5334238,2025,7,25,4,0,420,1380,420,1380,420,1380,420,1380,420,1380,452,1410,457,1375,3416828550
complementary_plate_comida rápida_120,Pizza Personal,Comida rápida,10000,75,3.0,rest_comida rápida_16,Express Grill,Comida rápida,5.639042,-73.5353367,2025,11,29,5,1,420,1380,420,1380,420,1380,420,1380,420,1380,474,1396,417,1430,3162856981
complementary_plate_comida rápida_121,Alitas de Pollo,Comida rápida,8000,63,2.6,rest_comida rápida_7,FastBite,Comida rápida,5.6465468,-73.5181322,2024,2,27,1,1,480,1320,480,1320,480,1320,480,1320,480,1320,441,1366,455,1379,
complementary_plate_comida rápida_122,Hot Dog,Comida rápida,9500,79,3.8,rest_comida rápida_13,Express Grill,Comida rápida,5.6574732,-73.5039035,2024,7,11,3,1,600,120,600,120,600,120,600,120,600,120,627,158,651,155,
complementary_plate_comida rápida_123,Wrap de Pollo,Comida rápida,10500,85,4.0,rest_comida rápida_15,FastBite,Comida rápida,5.6493029,-73.5262417,2024,8,30,4,0,420,1380,420,1380,420,1380,420,1380,420,1380,386,1373,360,1370,
complementary_plate_comida rápida_124,Papas Fritas,Comida rápida,8500,80,3.8,rest_comida rápida_2,Quick Burger,Comida rápida,5.6285976,-73.51068,2025,6,22,6,0,420,1380,420,1380,420,1380,420,1380,420,1380,469,1378,397,1440,3378913998
complementary_plate_comida rápida_125,Alitas de Pollo,Comida rápida,7500,84,3.7,rest_comida rápida_8,FastBite,Comida rápida,5.6212473,-73.5136535,2024,4,20,5,0,420,1380,420,1380,420,1380,420,1380,420,1380,365,1431,378,1385,3407725518
complementary_plate_comida rápida_126,Wrap de Pollo Clásico,Comida rápida,7500,79,4.7,rest_comida rápida_18,FastBite,Comida rápida,5.6304906,-73.5027378,2024,2,15,3,0,480,1320,480,1320,480,1320,480,1320,480,1320,420,1373,464,1370,3220367491
complementary_plate_comida rápida_127,Hamburguesa Clásica,Comida rápida,9500,86,4.6,rest_comida rápida_8,FastBite,Comida rápida,5.6438031,-73.5071608,2025,2,7,4,0,720,1380,720,1380,720,1380,720,1380,720,1380,712,1428,697,1391,3146606102
complementary_plate_comida rápida_128,Wrap de Pollo,Comida rápida,10000,78,3.6,rest_comida rápida_9,Express Grill,Comida rápida,5.622057,-73.5173358,2024,4,8,0,0,720,1380,720,1380,720,1380,720,1380,720,1380,692,1352,728,1434,3906261573
complementary_plate_comida rápida_129,Wrap de Pollo,Comida rápida,9000,78,3.3,rest_comida rápida_15,Express Grill,Comida rápida,5.6398546,-73.5137188,2025,8,31,6,0,600,120,600,120,600,120,600,120,600,120,568,131,574,116,3257661143
complementary_plate_comida rápida_130,Hot Dog,Comida rápida,11500,77,3.8,rest_comida rápida_6,Express Grill,Comida rápida,5.6438737,-73.5040645,2025,8,1,4,0,600,120,600,120,600,120,600,120,600,120,587,108,655,151,3479610451
complementary_plate_comida rápida_131,Hamburguesa Clásica,Comida rápida,10000,73,3.5,rest_comida rápida_20,Quick Burger,Comida rápida,5.6333698,-73.5240192,2024,12,30,0,0,600,120,600,120,600,120,600,120,600,120,660,113,622,126,3201629945
complementary_plate_comida rápida_132,Combo Personal de la Casa,Comida rápida,14000,66,3.2,rest_comida rápida_5,FastBite,Comida rápida,5.6508365,-73.5269282,2024,8,16,4,0,480,1320,480,1320,480,1320,480,1320,480,1320,438,1299,474,1321,
complementary_plate_comida rápida_133,Hamburguesa Clásica Especial,Comida rápida,8500,68,2.5,rest_comida rápida_3,Quick Burger,Comida rápida,5.6242639,-73.5395676,2025,5,28,2,0,480,1320,480,1320,480,1320,480,1320,480,1320,468,1339,422,1304,3608297419
complementary_plate_comida rápida_134,Hamburguesa Clásica Especial,Comida rápida,7000,77,3.9,rest_comida rápida_3,Speed Food,Comida rápida,5.6230055,-73.506938,2024,2,13,1,0,720,1380,720,1380,720,1380,720,1380,720,1380,780,1430,736,1351,3746856864
complementary_plate_comida rápida_135,Alitas de Pollo,Comida rápida,12000,66,3.1,rest_comida rápida_8,Express Grill,Comida rápida,5.6491276,-73.5079608,2025,9,1,0,0,720,1380,720,1380,720,1380,720,1380,720,1380,721,1422,774,1406,
complementary_plate_comida rápida_136,Hamburguesa Clásica,Comida rápida,8000,63,3.0,rest_comida rápida_17,Speed Food,Comida rápida,5.6398197,-73.5358218,2025,10,24,4,1,420,1380,420,1380,420,1380,420,1380,420,1380,440,1419,375,1352,3233784320
complementary_plate_comida rápida_137,Hamburguesa Doble,Comida rápida,7500,56,2.5,rest_comida rápida_10,Speed Food,Comida rápida,5.6475361,-73.5169257,2024,4,6,5,0,720,1380,720,1380,720,1380,720,1380,720,1380,660,1378,663,1379,
complementary_plate_comida rápida_138,Hot Dog,Comida rápida,9500,69,3.7,rest_comida rápida_3,Speed Food,Comida rápida,5.6373931,-73.5214407,2025,2,6,3,0,600,120,600,120,600,120,600,120,600,120,627,104,602,111,3160148245
complementary_plate_comida rápida_139,Wrap de Pollo,Comida rápida,12000,63,2.5,rest_comida rápida_11,Express Grill,Comida rápida,5.6298561,-73.5352516,2024,8,12,0,0,480,1320,480,1320,480,1320,480,1320,480,1320,466,1300,534,1295,3244639045
complementary_plate_comida rápida_140,Wrap de Pollo Clásico,Comida rápida,11500,83,3.4,rest_comida rápida_16,FastBite,Comida rápida,5.6527641,-73.5007773,2025,5,5,0,0,600,120,600,120,600,120,600,120,600,120,559,175,627,128,
complementary_plate_comida rápida_141,Alitas de Pollo Premium,Comida rápida,8500,73,2.8,rest_comida rápida_13,Speed Food,Comida rápida,5.6519766,-73.5314122,2025,9,8,0,1,420,1380,420,1380,420,1380,420,1380,420,1380,463,1359,460,1350,
complementary_plate_comida rápida_142,Hamburguesa Doble Clásico,Comida rápida,15000,87,4.1,rest_comida rápida_11,Quick Burger,Comida rápida,5.6477879,-73.5373106,2025,11,6,3,0,600,120,600,120,600,120,600,120,600,120,644,98,554,163,
complementary_plate_comida rápida_143,Combo Personal,Comida rápida,9500,65,3.2,rest_comida rápida_11,Express Grill,Comida rápida,5.6308858,-73.5162061,2024,5,31,4,0,720,1380,720,1380,720,1380,720,1380,720,1380,758,1399,705,1390,3419231566
complementary_plate_comida rápida_144,Sandwich Club,Comida rápida,14000,88,4.4,rest_comida rápida_3,Quick Burger,Comida rápida,5.6436092,-73.5104453,2025,1,9,3,1,720,1380,720,1380,720,1380,720,1380,720,1380,709,1403,730,1413,3346261252
complementary_plate_comida rápida_145,Hamburguesa Clásica,Comida rápida,10000,71,2.5,rest_comida rápida_18,FastBite,Comida rápida,5.634439,-73.5387023,2025,1,31,4,1,720,1380,720,1380,720,1380,720,1380,720,1380,749,1361,690,1396,3658517051
complementary_plate_comida rápida_146,Perro Caliente Premium,Comida rápida,11000,70,3.7,rest_comida rápida_5,Speed Food,Comida rápida,5.6236633,-73.5136513,2024,10,23,2,1,720,1380,720,1380,720,1380,720,1380,720,1380,777,1364,667,1394,3267414903
complementary_plate_comida rápida_147,Hot Dog Premium,Comida rápida,15000,80,3.4,rest_comida rápida_14,Express Grill,Comida rápida,5.6566925,-73.5187083,2026,1,11,6,0,720,1380,720,1380,720,1380,720,1380,720,1380,686,1378,667,1367,
complementary_plate_comida rápida_148,Hot Dog,Comida rápida,8000,68,3.5,rest_comida rápida_5,Quick Burger,Comida rápida,5.6254727,-73.5358694,2026,1,7,2,0,480,1320,480,1320,480,1320,480,1320,480,1320,509,1303,504,1364,3816604081
complementary_plate_comida rápida_149,Wrap de Pollo de la Casa,Comida rápida,10500,88,4.4,rest_comida rápida_16,Quick Burger,Comida rápida,5.6580095,-73.533099,2025,8,4,0,0,720,1380,720,1380,720,1380,720,1380,720,1380,670,1381,669,1351,
complementary_plate_comida rápida_150,Combo Personal Especial,Comida rápida,10000,59,2.5,rest_comida rápida_5,Speed Food,Comida rápida,5.6378402,-73.517281,2025,10,16,3,0,420,1380,420,1380,420,1380,420,1380,420,1380,420,1402,452,1393,3413650053
complementary_plate_comida rápida_151,Hamburguesa Clásica,Comida rápida,9000,66,3.3,rest_comida rápida_15,Express Grill,Comida rápida,5.6274053,-73.5281457,2024,3,12,1,0,480,1320,480,1320,480,1320,480,1320,480,1320,497,1312,484,1310,3868734424
complementary_plate_comida rápida_152,Papas Fritas del Chef,Comida rápida,9500,61,3.0,rest_comida rápida_7,Express Grill,Comida rápida,5.641676,-73.5024674,2025,10,1,2,1,420,1380,420,1380,420,1380,420,1380,420,1380,450,1379,414,1370,3735308087
complementary_plate_comida rápida_153,Wrap de Pollo de la Casa,Comida rápida,6500,69,3.5,rest_comida rápida_13,Express Grill,Comida rápida,5.6549178,-73.5072504,2025,3,23,6,1,480,1320,480,1320,480,1320,480,1320,480,1320,448,1340,443,1361,
complementary_plate_comida rápida_154,Nuggets,Comida rápida,15000,65,2.8,rest_comida rápida_12,FastBite,Comida rápida,5.649289,-73.5006573,2025,11,19,2,0,720,1380,720,1380,720,1380,720,1380,720,1380,666,1397,742,1404,
complementary_plate_comida rápida_155,Hot Dog,Comida rápida,14500,86,4.0,rest_comida rápida_7,FastBite,Comida rápida,5.6522624,-73.5296132,2025,3,27,3,0,480,1320,480,1320,480,1320,480,1320,480,1320,450,1326,440,1359,
complementary_plate_comida rápida_156,Wrap de Pollo,Comida rápida,9500,64,2.7,rest_comida rápida_2,Express Grill,Comida rápida,5.6463513,-73.5012111,2025,12,22,0,0,480,1320,480,1320,480,1320,480,1320,480,1320,450,1324,430,1362,
complementary_plate_comida rápida_157,Papas Fritas del Chef,Comida rápida,11500,77,3.7,rest_comida rápida_13,Quick Burger,Comida rápida,5.6476911,-73.5227506,2025,3,21,4,0,480,1320,480,1320,480,1320,480,1320,480,1320,540,1329,421,1335,
complementary_plate_comida rápida_158,Hamburguesa Doble del Chef,Comida rápida,13000,63,3.3,rest_comida rápida_5,FastBite,Comida rápida,5.6539678,-73.5260992,2024,9,10,1,0,720,1380,720,1380,720,1380,720,1380,720,1380,749,1436,672,1392,
complementary_plate_comida rápida_159,Papas Fritas,Comida rápida,13500,70,3.6,rest_comida rápida_3,Express Grill,Comida rápida,5.6299867,-73.537986,2025,11,18,1,0,600,120,600,120,600,120,600,120,600,120,601,165,651,94,3816279884
complementary_plate_comida rápida_160,Pizza Personal,Comida rápida,7500,58,2.8,rest_comida rápida_5,Speed Food,Comida rápida,5.639577,-73.5378894,2024,11,5,1,0,720,1380,720,1380,720,1380,720,1380,720,1380,763,1437,743,1368,3423907813
complementary_plate_comida rápida_161,Hamburguesa Clásica de la Casa,Comida rápida,8000,68,3.6,rest_comida rápida_20,Quick Burger,Comida rápida,5.6288484,-73.5123195,2025,7,8,1,0,420,1380,420,1380,420,1380,420,1380,420,1380,406,1429,469,1405,3505133201
complementary_plate_comida rápida_162,Hamburguesa Clásica,Comida rápida,15000,68,3.3,rest_comida rápida_3,Speed Food,Comida rápida,5.6595067,-73.5216828,2024,7,26,4,1,720,1380,720,1380,720,1380,720,1380,720,1380,732,1430,723,1362,
complementary_plate_comida rápida_163,Alitas de Pollo,Comida rápida,10000,85,3.9,rest_comida rápida_3,Speed Food,Comida rápida,5.6577624,-73.5309391,2025,2,10,0,0,480,1320,480,1320,480,1320,480,1320,480,1320,478,1330,441,1327,
complementary_plate_comida rápida_164,Papas Fritas de la Casa,Comida rápida,14000,75,4.1,rest_comida rápida_19,Quick Burger,Comida rápida,5.6215771,-73.5154412,2025,10,3,4,1,720,1380,720,1380,720,1380,720,1380,720,1380,750,1408,693,1410,3429434293
complementary_plate_comida rápida_165,Wrap de Pollo Premium,Comida rápida,15000,83,5.0,rest_comida rápida_17,Express Grill,Comida rápida,5.648223,-73.5298857,2025,1,27,0,0,480,1320,480,1320,480,1320,480,1320,480,1320,466,1326,471,1342,
complementary_plate_comida rápida_166,Combo Personal,Comida rápida,8500,67,3.3,rest_comida rápida_2,FastBite,Comida rápida,5.6570099,-73.5168947,2024,5,12,6,0,420,1380,420,1380,420,1380,420,1380,420,1380,370,1437,412,1414,
complementary_plate_comida rápida_167,Alitas de Pollo,Comida rápida,6000,84,4.4,rest_comida rápida_13,FastBite,Comida rápida,5.627223,-73.5256317,2025,6,23,0,1,480,1320,480,1320,480,1320,480,1320,480,1320,439,1303,457,1338,3507669423
complementary_plate_comida rápida_168,Sandwich Club de la Casa,Comida rápida,7500,69,2.5,rest_comida rápida_6,FastBite,Comida rápida,5.6427178,-73.5070579,2025,11,11,1,0,480,1320,480,1320,480,1320,480,1320,480,1320,464,1349,479,1372,3429218074
complementary_plate_comida rápida_169,Perro Caliente,Comida rápida,15000,77,3.5,rest_comida rápida_16,Speed Food,Comida rápida,5.6566195,-73.5071722,2024,5,29,2,0,600,120,600,120,600,120,600,120,600,120,638,145,565,141,
complementary_plate_comida rápida_170,Sandwich Club,Comida rápida,10000,69,2.5,rest_comida rápida_7,Express Grill,Comida rápida,5.6213578,-73.520906,2025,9,10,2,0,600,120,600,120,600,120,600,120,600,120,554,125,598,94,3429163050
complementary_plate_comida rápida_171,Hamburguesa Doble Premium,Comida rápida,10000,71,2.6,rest_comida rápida_1,FastBite,Comida rápida,5.6478968,-73.5259672,2025,7,5,5,1,480,1320,480,1320,480,1320,480,1320,480,1320,496,1338,427,1336,
complementary_plate_comida rápida_172,Alitas de Pollo,Comida rápida,13500,67,3.6,rest_comida rápida_10,Express Grill,Comida rápida,5.631894,-73.5254976,2025,11,15,5,1,420,1380,420,1380,420,1380,420,1380,420,1380,392,1431,382,1360,3320537946
complementary_plate_comida rápida_173,Alitas de Pollo Especial,Comida rápida,5000,67,2.9,rest_comida rápida_10,Express Grill,Comida rápida,5.6569758,-73.5077714,2025,2,21,4,0,600,120,600,120,600,120,600,120,600,120,607,117,625,123,
complementary_plate_comida rápida_174,Sandwich Club,Comida rápida,12500,82,3.3,rest_comida rápida_14,Quick Burger,Comida rápida,5.6588423,-73.5268728,2024,2,24,5,0,720,1380,720,1380,720,1380,720,1380,720,1380,704,1403,721,1410,
complementary_plate_comida rápida_175,Nuggets,Comida rápida,9000,78,3.3,rest_comida rápida_11,Quick Burger,Comida rápida,5.6577707,-73.5316376,2025,3,12,2,0,600,120,600,120,600,120,600,120,600,120,645,91,611,166,
complementary_plate_comida rápida_176,Combo Personal Especial,Comida rápida,9500,61,3.1,rest_comida rápida_17,Express Grill,Comida rápida,5.6389686,-73.5366125,2025,5,13,1,0,720,1380,720,1380,720,1380,720,1380,720,1380,774,1408,779,1368,3124561090
complementary_plate_comida rápida_177,Salchipapas Especial,Comida rápida,10000,75,3.6,rest_comida rápida_7,FastBite,Comida rápida,5.6544817,-73.5213323,2025,6,28,5,1,600,120,600,120,600,120,600,120,600,120,660,106,621,147,
complementary_plate_comida rápida_178,Nuggets del Chef,Comida rápida,6500,66,2.5,rest_comida rápida_12,FastBite,Comida rápida,5.653782,-73.5207147,2025,1,23,3,0,720,1380,720,1380,720,1380,720,1380,720,1380,736,1398,687,1394,
complementary_plate_comida rápida_179,Pizza Personal,Comida rápida,14000,78,4.2,rest_comida rápida_14,Express Grill,Comida rápida,5.632764,-73.5063637,2024,12,10,1,0,420,1380,420,1380,420,1380,420,1380,420,1380,474,1389,424,1365,3332058255
complementary_plate_comida rápida_180,Perro Caliente,Comida rápida,15000,70,3.9,rest_comida rápida_14,Quick Burger,Comida rápida,5.6531566,-73.5311505,2024,10,25,4,0,420,1380,420,1380,420,1380,420,1380,420,1380,466,1419,414,1416,
complementary_plate_comida rápida_181,Hamburguesa Doble,Comida rápida,9500,75,4.3,rest_comida rápida_10,Express Grill,Comida rápida,5.6214803,-73.5247603,2024,4,28,6,0,720,1380,720,1380,720,1380,720,1380,720,1380,730,1426,680,1419,3392506380
complementary_plate_comida rápida_182,Hamburguesa Clásica,Comida rápida,6500,76,3.4,rest_comida rápida_16,Express Grill,Comida rápida,5.6438508,-73.5076638,2025,10,23,3,0,480,1320,480,1320,480,1320,480,1320,480,1320,523,1303,431,1373,3658692208
complementary_plate_comida rápida_183,Salchipapas,Comida rápida,7500,64,2.9,rest_comida rápida_8,Express Grill,Comida rápida,5.6292004,-73.5070551,2025,7,5,5,1,600,120,600,120,600,120,600,120,600,120,604,164,643,94,3196318451
complementary_plate_comida rápida_184,Hot Dog,Comida rápida,10000,68,3.3,rest_comida rápida_13,Express Grill,Comida rápida,5.6248227,-73.5246156,2024,12,11,2,0,600,120,600,120,600,120,600,120,600,120,554,115,649,150,3708643530
complementary_plate_comida rápida_185,Papas Fritas Clásico,Comida rápida,8500,77,4.0,rest_comida rápida_8,Speed Food,Comida rápida,5.6230781,-73.521635,2024,12,9,0,0,420,1380,420,1380,420,1380,420,1380,420,1380,460,1378,424,1386,3574279610
complementary_plate_comida rápida_186,Perro Caliente del Chef,Comida rápida,8500,67,2.5,rest_comida rápida_6,Speed Food,Comida rápida,5.6478516,-73.5278686,2025,2,28,4,1,600,120,600,120,600,120,600,120,600,120,544,91,543,109,
complementary_plate_comida rápida_187,Salchipapas,Comida rápida,15000,65,2.8,rest_comida rápida_14,FastBite,Comida rápida,5.633595,-73.5026978,2024,6,25,1,0,720,1380,720,1380,720,1380,720,1380,720,1380,731,1400,684,1428,3244904690
complementary_plate_comida rápida_188,Sandwich Club,Comida rápida,8500,75,3.1,rest_comida rápida_5,Quick Burger,Comida rápida,5.6489907,-73.5352542,2025,10,28,1,0,600,120,600,120,600,120,600,120,600,120,633,112,591,130,
complementary_plate_comida rápida_189,Sandwich Club,Comida rápida,14000,89,5.0,rest_comida rápida_3,Speed Food,Comida rápida,5.6226143,-73.50265,2025,7,13,6,0,600,120,600,120,600,120,600,120,600,120,647,170,657,123,3384243914
complementary_plate_comida rápida_190,Alitas de Pollo,Comida rápida,6000,71,3.9,rest_comida rápida_13,FastBite,Comida rápida,5.6326116,-73.5126453,2024,7,1,0,0,480,1320,480,1320,480,1320,480,1320,480,1320,475,1291,500,1365,3158834845
complementary_plate_comida rápida_191,Alitas de Pollo,Comida rápida,8000,78,3.9,rest_comida rápida_7,Quick Burger,Comida rápida,5.6415797,-73.5187371,2025,4,8,1,0,720,1380,720,1380,720,1380,720,1380,720,1380,718,1431,740,1395,3369629438
complementary_plate_comida rápida_192,Papas Fritas,Comida rápida,5500,72,3.4,rest_comida rápida_1,Quick Burger,Comida rápida,5.6516289,-73.5386936,2024,5,5,6,0,600,120,600,120,600,120,600,120,600,120,638,123,624,96,
complementary_plate_comida rápida_193,Alitas de Pollo,Comida rápida,10000,72,3.1,rest_comida rápida_3,Quick Burger,Comida rápida,5.6327501,-73.5209762,2025,11,3,0,1,480,1320,480,1320,480,1320,480,1320,480,1320,478,1366,435,1303,3762893871
complementary_plate_comida rápida_194,Combo Personal de la Casa,Comida rápida,11500,83,4.0,rest_comida rápida_3,FastBite,Comida rápida,5.6450357,-73.5236901,2024,9,26,3,0,420,1380,420,1380,420,1380,420,1380,420,1380,476,1376,410,1362,
complementary_plate_comida rápida_195,Alitas de Pollo,Comida rápida,9000,83,3.7,rest_comida rápida_19,FastBite,Comida rápida,5.6554391,-73.5335512,2025,8,8,4,0,600,120,600,120,600,120,600,120,600,120,588,130,621,147,
complementary_plate_comida rápida_196,Wrap de Pollo,Comida rápida,8500,94,5.0,rest_comida rápida_9,Quick Burger,Comida rápida,5.6446345,-73.5137436,2024,8,21,2,0,480,1320,480,1320,480,1320,480,1320,480,1320,463,1334,481,1368,
complementary_plate_comida rápida_197,Sandwich Club,Comida rápida,5500,79,3.5,rest_comida rápida_12,Quick Burger,Comida rápida,5.6293184,-73.501154,2025,6,30,0,0,720,1380,720,1380,720,1380,720,1380,720,1380,737,1353,728,1352,3173657758
complementary_plate_comida rápida_198,Hot Dog Premium,Comida rápida,8500,73,3.8,rest_comida rápida_16,Speed Food,Comida rápida,5.620976,-73.5175124,2025,5,2,4,0,720,1380,720,1380,720,1380,720,1380,720,1380,663,1391,677,1378,3161647309
complementary_plate_comida rápida_199,Papas Fritas,Comida rápida,5000,83,4.9,rest_comida rápida_17,Express Grill,Comida rápida,5.654804,-73.5114099,2024,11,17,6,1,480,1320,480,1320,480,1320,480,1320,480,1320,464,1380,490,1373,
complementary_plate_comida rápida_200,Pizza Personal,Comida rápida,11500,85,4.3,rest_comida rápida_19,Express Grill,Comida rápida,5.6208508,-73.537262,2025,10,24,4,0,720,1380,720,1380,720,1380,720,1380,720,1380,692,1372,685,1437,3631472497
complementary_plate_comida rápida_1,Hamburguesa Doble de la Casa,Comida rápida,20000,46,3.1,rest_comida rápida_20,Speed Food,Comida rápida,5.6549881,-73.5232933,2025,3,17,0,0,720,1380,720,1380,720,1380,720,1380,720,1380,761,1376,752,1412,
complementary_plate_comida rápida_2,Perro Caliente Especial,Comida rápida,22000,63,3.8,rest_comida rápida_2,Express Grill,Comida rápida,5.6411575,-73.5353457,2025,8,19,1,0,600,120,600,120,600,120,600,120,600,120,594,115,612,135,3152839391
complementary_plate_comida rápida_3,Sandwich Club,Comida rápida,29000,53,2.5,rest_comida rápida_6,FastBite,Comida rápida,5.6575627,-73.5154882,2025,10,12,6,0,600,120,600,120,600,120,600,120,600,120,577,167,645,172,
complementary_plate_comida rápida_4,Hot Dog,Comida rápida,26000,64,4.4,rest_comida rápida_5,Speed Food,Comida rápida,5.6519513,-73.5024607,2025,1,22,2,0,600,120,600,120,600,120,600,120,600,120,641,113,585,121,
complementary_plate_comida rápida_5,Pizza Personal,Comida rápida,28500,54,3.9,rest_comida rápida_11,Express Grill,Comida rápida,5.6599174,-73.5135289,2024,7,5,4,0,480,1320,480,1320,480,1320,480,1320,480,1320,421,1330,508,1291,
complementary_plate_comida rápida_6,Sandwich Club,Comida rápida,26000,53,4.3,rest_comida rápida_3,Speed Food,Comida rápida,5.6340285,-73.5369279,2024,5,25,5,1,480,1320,480,1320,480,1320,480,1320,480,1320,469,1326,497,1317,3474175950
complementary_plate_comida rápida_7,Hamburguesa Clásica de la Casa,Comida rápida,29000,50,3.0,rest_comida rápida_14,FastBite,Comida rápida,5.6506875,-73.5258134,2025,5,1,3,0,600,120,600,120,600,120,600,120,600,120,580,130,565,115,
complementary_plate_comida rápida_8,Wrap de Pollo,Comida rápida,30000,53,3.2,rest_comida rápida_1,FastBite,Comida rápida,5.6360772,-73.5179735,2025,4,21,0,0,480,1320,480,1320,480,1320,480,1320,480,1320,477,1311,496,1331,3613361130
complementary_plate_comida rápida_9,Hamburguesa Clásica del Chef,Comida rápida,21500,58,4.3,rest_comida rápida_1,FastBite,Comida rápida,5.639195,-73.5238717,2025,2,26,2,0,600,120,600,120,600,120,600,120,600,120,576,106,647,141,3122961593
complementary_plate_comida rápida_10,Papas Fritas,Comida rápida,24500,51,2.5,rest_comida rápida_3,Speed Food,Comida rápida,5.6451002,-73.5066542,2024,12,24,1,0,600,120,600,120,600,120,600,120,600,120,552,143,632,128,
complementary_plate_comida rápida_11,Pizza Personal de la Casa,Comida rápida,26500,55,4.0,rest_comida rápida_20,FastBite,Comida rápida,5.6549471,-73.5074132,2025,1,20,0,0,600,120,600,120,600,120,600,120,600,120,618,96,590,128,
complementary_plate_comida rápida_12,Alitas de Pollo,Comida rápida,30000,52,2.7,rest_comida rápida_14,Speed Food,Comida rápida,5.6593633,-73.5155268,2024,3,4,0,0,480,1320,480,1320,480,1320,480,1320,480,1320,448,1296,525,1291,
complementary_plate_comida rápida_13,Sandwich Club Especial,Comida rápida,15000,56,2.5,rest_comida rápida_4,Speed Food,Comida rápida,5.6507309,-73.5250617,2025,12,24,2,0,720,1380,720,1380,720,1380,720,1380,720,1380,671,1374,752,1397,
complementary_plate_comida rápida_14,Wrap de Pollo de la Casa,Comida rápida,19500,68,2.5,rest_comida rápida_6,Speed Food,Comida rápida,5.6367107,-73.5297865,2024,2,22,3,0,420,1380,420,1380,420,1380,420,1380,420,1380,369,1383,402,1438,3591487060
complementary_plate_comida rápida_15,Wrap de Pollo de la Casa,Comida rápida,30000,46,3.1,rest_comida rápida_4,Express Grill,Comida rápida,5.6368543,-73.535765,2024,3,24,6,0,600,120,600,120,600,120,600,120,600,120,555,106,580,108,3754273660
complementary_plate_comida rápida_16,Pizza Personal,Comida rápida,26500,69,4.0,rest_comida rápida_10,FastBite,Comida rápida,5.6495033,-73.5258041,2025,5,12,0,0,600,120,600,120,600,120,600,120,600,120,624,152,575,131,
complementary_plate_comida rápida_17,Pizza Personal Especial,Comida rápida,26000,68,5.0,rest_comida rápida_2,FastBite,Comida rápida,5.6295511,-73.5234731,2024,9,18,2,0,420,1380,420,1380,420,1380,420,1380,420,1380,431,1381,444,1432,3703844946
complementary_plate_comida rápida_18,Nuggets,Comida rápida,15500,86,3.7,rest_comida rápida_19,Speed Food,Comida rápida,5.624419,-73.5129671,2025,7,8,1,0,480,1320,480,1320,480,1320,480,1320,480,1320,505,1317,479,1339,3447679256
complementary_plate_comida rápida_19,Sandwich Club,Comida rápida,21500,64,3.9,rest_comida rápida_12,Quick Burger,Comida rápida,5.6341849,-73.5136736,2025,6,27,4,1,420,1380,420,1380,420,1380,420,1380,420,1380,450,1408,443,1369,3397762883
complementary_plate_comida rápida_20,Hamburguesa Doble,Comida rápida,15000,79,3.7,rest_comida rápida_6,Speed Food,Comida rápida,5.6314896,-73.5371957,2024,11,30,5,0,600,120,600,120,600,120,600,120,600,120,651,169,605,115,3694089500
complementary_plate_comida rápida_21,Pizza Personal,Comida rápida,30000,62,4.8,rest_comida rápida_6,FastBite,Comida rápida,5.6318523,-73.5241896,2024,10,23,2,0,480,1320,480,1320,480,1320,480,1320,480,1320,438,1349,532,1303,3128905854
complementary_plate_comida rápida_22,Perro Caliente,Comida rápida,30000,38,2.7,rest_comida rápida_14,FastBite,Comida rápida,5.6293443,-73.5327288,2025,2,9,6,0,480,1320,480,1320,480,1320,480,1320,480,1320,480,1374,487,1347,3925895594
complementary_plate_comida rápida_23,Perro Caliente,Comida rápida,23000,67,3.8,rest_comida rápida_4,Speed Food,Comida rápida,5.6216837,-73.5337275,2025,1,24,4,0,720,1380,720,1380,720,1380,720,1380,720,1380,710,1414,715,1415,3856452801
complementary_plate_comida rápida_24,Nuggets,Comida rápida,15000,73,4.2,rest_comida rápida_20,Speed Food,Comida rápida,5.620715,-73.5069079,2024,8,13,1,1,600,120,600,120,600,120,600,120,600,120,633,144,564,127,3990763337
complementary_plate_comida rápida_25,Nuggets Premium,Comida rápida,26500,71,4.2,rest_comida rápida_2,FastBite,Comida rápida,5.6595089,-73.5383234,2025,12,14,6,0,600,120,600,120,600,120,600,120,600,120,553,177,546,172,
complementary_plate_comida rápida_26,Nuggets de la Casa,Comida rápida,15000,72,4.2,rest_comida rápida_4,Express Grill,Comida rápida,5.6371109,-73.5232327,2024,12,31,1,0,720,1380,720,1380,720,1380,720,1380,720,1380,668,1418,672,1385,3697990314
complementary_plate_comida rápida_27,Perro Caliente,Comida rápida,27000,51,3.1,rest_comida rápida_4,Speed Food,Comida rápida,5.6353731,-73.5332719,2026,2,3,1,0,420,1380,420,1380,420,1380,420,1380,420,1380,423,1376,381,1376,3438615960
complementary_plate_comida rápida_28,Nuggets,Comida rápida,22500,50,3.1,rest_comida rápida_6,FastBite,Comida rápida,5.6471859,-73.5048268,2025,8,20,2,0,600,120,600,120,600,120,600,120,600,120,634,129,649,178,
complementary_plate_comida rápida_29,Hamburguesa Doble,Comida rápida,15500,85,4.0,rest_comida rápida_3,Quick Burger,Comida rápida,5.6287302,-73.5177184,2025,5,12,0,0,600,120,600,120,600,120,600,120,600,120,558,91,625,150,3515975634
complementary_plate_comida rápida_30,Hamburguesa Clásica,Comida rápida,22500,57,4.4,rest_comida rápida_4,Quick Burger,Comida rápida,5.6579984,-73.5307448,2024,10,11,4,0,480,1320,480,1320,480,1320,480,1320,480,1320,496,1335,480,1364,
complementary_plate_comida rápida_31,Sandwich Club,Comida rápida,17000,62,2.6,rest_comida rápida_4,Quick Burger,Comida rápida,5.6514538,-73.5199029,2025,11,2,6,0,480,1320,480,1320,480,1320,480,1320,480,1320,492,1377,457,1319,
complementary_plate_comida rápida_32,Sandwich Club,Comida rápida,26000,47,3.3,rest_comida rápida_12,Express Grill,Comida rápida,5.6235764,-73.5107405,2025,5,23,4,1,420,1380,420,1380,420,1380,420,1380,420,1380,417,1412,454,1394,3654599050
complementary_plate_comida rápida_33,Perro Caliente del Chef,Comida rápida,15000,88,3.9,rest_comida rápida_9,Express Grill,Comida rápida,5.6367032,-73.5016753,2025,10,14,1,0,480,1320,480,1320,480,1320,480,1320,480,1320,525,1335,458,1380,3869398381
complementary_plate_comida rápida_34,Perro Caliente,Comida rápida,16000,74,4.2,rest_comida rápida_14,Quick Burger,Comida rápida,5.6551647,-73.5311822,2024,6,25,1,0,720,1380,720,1380,720,1380,720,1380,720,1380,712,1378,744,1368,
complementary_plate_comida rápida_35,Salchipapas,Comida rápida,30000,61,3.3,rest_comida rápida_18,Speed Food,Comida rápida,5.6577893,-73.5045527,2024,5,6,0,1,720,1380,720,1380,720,1380,720,1380,720,1380,755,1361,684,1398,
complementary_plate_comida rápida_36,Hamburguesa Doble,Comida rápida,19500,81,4.3,rest_comida rápida_7,Speed Food,Comida rápida,5.6386961,-73.5026278,2025,3,27,3,0,720,1380,720,1380,720,1380,720,1380,720,1380,693,1436,704,1392,3609069851
complementary_plate_comida rápida_37,Combo Personal,Comida rápida,21000,54,2.6,rest_comida rápida_4,Speed Food,Comida rápida,5.6445365,-73.5033432,2025,4,17,3,0,420,1380,420,1380,420,1380,420,1380,420,1380,466,1428,375,1405,
complementary_plate_comida rápida_38,Salchipapas,Comida rápida,26000,52,2.9,rest_comida rápida_18,Speed Food,Comida rápida,5.6266814,-73.5145834,2024,5,9,3,0,600,120,600,120,600,120,600,120,600,120,658,177,558,149,3671542718
complementary_plate_comida rápida_39,Hamburguesa Clásica,Comida rápida,19500,81,3.3,rest_comida rápida_19,Quick Burger,Comida rápida,5.6596467,-73.5148072,2025,4,23,2,0,420,1380,420,1380,420,1380,420,1380,420,1380,422,1386,368,1387,
complementary_plate_comida rápida_40,Perro Caliente,Comida rápida,23500,61,3.6,rest_comida rápida_9,FastBite,Comida rápida,5.6292669,-73.5238716,2025,12,17,2,0,480,1320,480,1320,480,1320,480,1320,480,1320,482,1329,420,1345,3742135939
complementary_plate_comida rápida_41,Salchipapas del Chef,Comida rápida,17000,75,3.6,rest_comida rápida_9,Quick Burger,Comida rápida,5.6577093,-73.5099041,2025,11,10,0,0,420,1380,420,1380,420,1380,420,1380,420,1380,472,1386,460,1414,
complementary_plate_comida rápida_42,Papas Fritas,Comida rápida,27000,39,2.6,rest_comida rápida_8,Express Grill,Comida rápida,5.6459859,-73.5187482,2025,2,8,5,1,720,1380,720,1380,720,1380,720,1380,720,1380,715,1424,777,1360,
complementary_plate_comida rápida_43,Papas Fritas,Comida rápida,24000,63,4.0,rest_comida rápida_14,Quick Burger,Comida rápida,5.6443095,-73.5129025,2024,7,9,1,0,600,120,600,120,600,120,600,120,600,120,591,102,654,123,
complementary_plate_comida rápida_44,Hamburguesa Doble,Comida rápida,27500,55,4.2,rest_comida rápida_3,Speed Food,Comida rápida,5.6405075,-73.5228617,2025,3,31,0,0,720,1380,720,1380,720,1380,720,1380,720,1380,747,1375,692,1367,3500111512
complementary_plate_comida rápida_45,Hot Dog,Comida rápida,19000,83,4.0,rest_comida rápida_11,Express Grill,Comida rápida,5.6292268,-73.5107401,2024,2,27,1,0,600,120,600,120,600,120,600,120,600,120,609,113,588,145,3117196045
complementary_plate_comida rápida_46,Hamburguesa Doble,Comida rápida,29000,65,3.6,rest_comida rápida_3,FastBite,Comida rápida,5.6270611,-73.5070211,2024,12,2,0,0,600,120,600,120,600,120,600,120,600,120,585,144,599,143,3329127882
complementary_plate_comida rápida_47,Perro Caliente,Comida rápida,18500,72,2.9,rest_comida rápida_13,Speed Food,Comida rápida,5.6288194,-73.5341425,2025,12,14,6,0,420,1380,420,1380,420,1380,420,1380,420,1380,460,1381,434,1415,3955560479
complementary_plate_comida rápida_48,Combo Personal Especial,Comida rápida,23000,48,3.4,rest_comida rápida_4,FastBite,Comida rápida,5.6274575,-73.5066828,2025,5,6,1,0,600,120,600,120,600,120,600,120,600,120,625,90,599,156,3979456138
complementary_plate_comida rápida_49,Pizza Personal,Comida rápida,19000,74,3.3,rest_comida rápida_19,FastBite,Comida rápida,5.6511834,-73.5183881,2025,10,5,6,0,480,1320,480,1320,480,1320,480,1320,480,1320,525,1327,492,1351,
complementary_plate_comida rápida_50,Alitas de Pollo,Comida rápida,20000,44,3.3,rest_comida rápida_10,Quick Burger,Comida rápida,5.634005,-73.5062134,2025,4,4,4,0,720,1380,720,1380,720,1380,720,1380,720,1380,726,1368,731,1413,3850701457
complementary_plate_comida rápida_51,Hot Dog,Comida rápida,16000,74,3.3,rest_comida rápida_4,FastBite,Comida rápida,5.6223137,-73.5227479,2024,8,23,4,0,600,120,600,120,600,120,600,120,600,120,619,178,565,104,3582888858
complementary_plate_comida rápida_52,Combo Personal,Comida rápida,30000,65,4.1,rest_comida rápida_13,FastBite,Comida rápida,5.6587641,-73.5248384,2025,4,5,5,1,720,1380,720,1380,720,1380,720,1380,720,1380,673,1410,663,1414,
complementary_plate_comida rápida_53,Papas Fritas de la Casa,Comida rápida,21500,64,4.3,rest_comida rápida_5,FastBite,Comida rápida,5.6553514,-73.5033976,2024,11,21,3,0,720,1380,720,1380,720,1380,720,1380,720,1380,764,1380,767,1419,
complementary_plate_comida rápida_54,Sandwich Club del Chef,Comida rápida,30000,46,3.0,rest_comida rápida_16,Quick Burger,Comida rápida,5.6571101,-73.5299532,2024,10,7,0,0,720,1380,720,1380,720,1380,720,1380,720,1380,678,1434,690,1371,
complementary_plate_comida rápida_55,Perro Caliente,Comida rápida,30000,53,3.8,rest_comida rápida_4,Express Grill,Comida rápida,5.6597963,-73.5062315,2025,1,7,1,1,420,1380,420,1380,420,1380,420,1380,420,1380,445,1362,435,1413,
complementary_plate_comida rápida_56,Papas Fritas,Comida rápida,21000,53,4.2,rest_comida rápida_19,Express Grill,Comida rápida,5.6269558,-73.5206392,2026,1,26,0,0,600,120,600,120,600,120,600,120,600,120,644,144,558,93,3923310806
complementary_plate_comida rápida_57,Wrap de Pollo,Comida rápida,25000,57,2.8,rest_comida rápida_15,Speed Food,Comida rápida,5.6358497,-73.5194362,2025,9,17,2,1,480,1320,480,1320,480,1320,480,1320,480,1320,502,1373,534,1374,3851821898
complementary_plate_comida rápida_58,Sandwich Club,Comida rápida,18000,67,3.0,rest_comida rápida_3,Express Grill,Comida rápida,5.6503295,-73.5276613,2024,8,30,4,0,420,1380,420,1380,420,1380,420,1380,420,1380,361,1370,405,1414,
complementary_plate_comida rápida_59,Perro Caliente,Comida rápida,27000,57,2.9,rest_comida rápida_10,Quick Burger,Comida rápida,5.6478408,-73.5170783,2025,4,27,6,1,720,1380,720,1380,720,1380,720,1380,720,1380,705,1433,752,1422,
complementary_plate_comida rápida_60,Combo Personal,Comida rápida,23000,61,3.3,rest_comida rápida_17,Quick Burger,Comida rápida,5.6261558,-73.5269916,2024,6,27,3,0,480,1320,480,1320,480,1320,480,1320,480,1320,537,1372,481,1338,3101543812
complementary_plate_comida rápida_61,Perro Caliente,Comida rápida,30000,59,3.1,rest_comida rápida_2,Express Grill,Comida rápida,5.6526333,-73.5384292,2025,11,29,5,0,720,1380,720,1380,720,1380,720,1380,720,1380,749,1391,735,1424,
complementary_plate_comida rápida_62,Combo Personal de la Casa,Comida rápida,22000,57,3.6,rest_comida rápida_8,Speed Food,Comida rápida,5.6289776,-73.5291201,2025,6,14,5,0,720,1380,720,1380,720,1380,720,1380,720,1380,689,1362,745,1363,3919840424
complementary_plate_comida rápida_63,Hot Dog,Comida rápida,23500,44,3.0,rest_comida rápida_2,Speed Food,Comida rápida,5.6289527,-73.5397448,2025,10,12,6,0,720,1380,720,1380,720,1380,720,1380,720,1380,753,1399,756,1403,3719577914
complementary_plate_comida rápida_64,Hamburguesa Clásica Clásico,Comida rápida,19000,89,4.9,rest_comida rápida_15,FastBite,Comida rápida,5.641479,-73.5008658,2024,2,22,3,1,600,120,600,120,600,120,600,120,600,120,637,137,617,170,3946691838
complementary_plate_comida rápida_65,Nuggets,Comida rápida,24500,49,3.9,rest_comida rápida_10,Express Grill,Comida rápida,5.6437176,-73.5013701,2024,3,13,2,0,720,1380,720,1380,720,1380,720,1380,720,1380,741,1423,731,1375,3738399464
complementary_plate_comida rápida_66,Nuggets,Comida rápida,28500,59,3.6,rest_comida rápida_4,FastBite,Comida rápida,5.6432034,-73.5241938,2024,5,3,4,0,720,1380,720,1380,720,1380,720,1380,720,1380,754,1370,715,1417,3399791541
complementary_plate_comida rápida_67,Perro Caliente del Chef,Comida rápida,30000,59,4.0,rest_comida rápida_6,FastBite,Comida rápida,5.6236595,-73.5108652,2025,2,23,6,1,480,1320,480,1320,480,1320,480,1320,480,1320,523,1307,534,1290,3208612041
complementary_plate_comida rápida_68,Sandwich Club,Comida rápida,27500,46,3.1,rest_comida rápida_15,Quick Burger,Comida rápida,5.6550984,-73.5261678,2025,11,30,6,1,720,1380,720,1380,720,1380,720,1380,720,1380,766,1376,733,1410,
complementary_plate_comida rápida_69,Alitas de Pollo Clásico,Comida rápida,28500,62,3.7,rest_comida rápida_16,FastBite,Comida rápida,5.630624,-73.5131563,2025,10,9,3,0,600,120,600,120,600,120,600,120,600,120,651,99,612,100,3770902098
complementary_plate_comida rápida_70,Nuggets Clásico,Comida rápida,17000,88,5.0,rest_comida rápida_12,Speed Food,Comida rápida,5.6251806,-73.5077828,2025,1,3,4,0,480,1320,480,1320,480,1320,480,1320,480,1320,496,1359,462,1292,3683859263
complementary_plate_comida rápida_71,Nuggets del Chef,Comida rápida,24000,49,3.8,rest_comida rápida_20,Speed Food,Comida rápida,5.6555499,-73.5021298,2024,12,25,2,0,720,1380,720,1380,720,1380,720,1380,720,1380,696,1359,728,1423,
complementary_plate_comida rápida_72,Salchipapas,Comida rápida,30000,53,2.5,rest_comida rápida_9,Speed Food,Comida rápida,5.6582261,-73.5239915,2024,12,2,0,0,480,1320,480,1320,480,1320,480,1320,480,1320,494,1350,539,1323,
complementary_plate_comida rápida_73,Sandwich Club Clásico,Comida rápida,26000,48,2.8,rest_comida rápida_16,FastBite,Comida rápida,5.6544851,-73.5086681,2025,6,10,1,0,420,1380,420,1380,420,1380,420,1380,420,1380,473,1357,377,1376,
complementary_plate_comida rápida_74,Pizza Personal,Comida rápida,17500,72,3.4,rest_comida rápida_16,FastBite,Comida rápida,5.6523806,-73.5293629,2024,7,22,0,0,480,1320,480,1320,480,1320,480,1320,480,1320,464,1299,473,1366,
complementary_plate_comida rápida_75,Combo Personal,Comida rápida,29500,66,4.3,rest_comida rápida_16,Speed Food,Comida rápida,5.6462097,-73.5003867,2024,11,22,4,0,420,1380,420,1380,420,1380,420,1380,420,1380,452,1355,373,1354,
complementary_plate_comida rápida_76,Sandwich Club,Comida rápida,21000,66,4.0,rest_comida rápida_1,Express Grill,Comida rápida,5.6420343,-73.5389692,2024,3,10,6,1,720,1380,720,1380,720,1380,720,1380,720,1380,662,1357,663,1375,3981065931
complementary_plate_comida rápida_77,Hamburguesa Doble del Chef,Comida rápida,30000,51,3.9,rest_comida rápida_15,Quick Burger,Comida rápida,5.6234795,-73.5158588,2025,10,11,5,0,480,1320,480,1320,480,1320,480,1320,480,1320,469,1338,509,1306,3281858709
complementary_plate_comida rápida_78,Hamburguesa Clásica,Comida rápida,28500,52,3.7,rest_comida rápida_1,FastBite,Comida rápida,5.6363381,-73.5136198,2024,6,14,4,0,420,1380,420,1380,420,1380,420,1380,420,1380,405,1374,403,1405,3981206997
complementary_plate_comida rápida_79,Hamburguesa Clásica Premium,Comida rápida,27000,49,3.4,rest_comida rápida_2,FastBite,Comida rápida,5.6349075,-73.5124782,2025,11,20,3,0,600,120,600,120,600,120,600,120,600,120,635,158,612,95,3442421233
complementary_plate_comida rápida_80,Perro Caliente,Comida rápida,24000,48,3.1,rest_comida rápida_5,Quick Burger,Comida rápida,5.6303902,-73.5351845,2025,4,13,6,1,600,120,600,120,600,120,600,120,600,120,563,126,545,130,3820526254
complementary_plate_comida rápida_1,Hot Dog,Comida rápida,34000,62,3.9,rest_comida rápida_12,Quick Burger,Comida rápida,5.6489368,-73.5024588,2024,9,18,2,0,600,120,600,120,600,120,600,120,600,120,624,105,624,99,
complementary_plate_comida rápida_2,Sandwich Club,Comida rápida,41000,47,3.5,rest_comida rápida_9,Quick Burger,Comida rápida,5.639835,-73.5327527,2024,8,16,4,0,600,120,600,120,600,120,600,120,600,120,631,128,660,136,3475238748
complementary_plate_comida rápida_3,Pizza Personal de la Casa,Comida rápida,43000,55,3.5,rest_comida rápida_7,Speed Food,Comida rápida,5.6232418,-73.5150899,2025,11,18,1,0,480,1320,480,1320,480,1320,480,1320,480,1320,426,1334,535,1342,3953600685
complementary_plate_comida rápida_4,Perro Caliente Premium,Comida rápida,49500,52,3.6,rest_comida rápida_15,FastBite,Comida rápida,5.6288073,-73.531093,2025,6,11,2,1,720,1380,720,1380,720,1380,720,1380,720,1380,699,1420,686,1365,3828978061
complementary_plate_comida rápida_5,Papas Fritas,Comida rápida,50000,53,3.9,rest_comida rápida_3,Express Grill,Comida rápida,5.6473304,-73.5277113,2025,4,5,5,0,480,1320,480,1320,480,1320,480,1320,480,1320,422,1353,527,1294,
complementary_plate_comida rápida_6,Hamburguesa Clásica de la Casa,Comida rápida,39000,58,4.6,rest_comida rápida_8,Express Grill,Comida rápida,5.6230452,-73.5181417,2025,12,23,1,0,420,1380,420,1380,420,1380,420,1380,420,1380,469,1428,409,1413,3182226579
complementary_plate_comida rápida_7,Hamburguesa Clásica,Comida rápida,43500,70,4.2,rest_comida rápida_12,FastBite,Comida rápida,5.6540483,-73.5233123,2024,8,1,3,0,600,120,600,120,600,120,600,120,600,120,563,174,595,158,
complementary_plate_comida rápida_8,Nuggets Clásico,Comida rápida,30000,63,3.9,rest_comida rápida_2,Express Grill,Comida rápida,5.6398059,-73.533591,2024,11,26,1,0,420,1380,420,1380,420,1380,420,1380,420,1380,478,1383,463,1425,3224994671
complementary_plate_comida rápida_9,Combo Personal,Comida rápida,48500,65,3.8,rest_comida rápida_13,Speed Food,Comida rápida,5.6392235,-73.5331625,2025,8,24,6,1,600,120,600,120,600,120,600,120,600,120,632,176,576,158,3207229088
complementary_plate_comida rápida_10,Papas Fritas,Comida rápida,30500,47,2.8,rest_comida rápida_10,Quick Burger,Comida rápida,5.6436963,-73.5232742,2024,7,31,2,0,720,1380,720,1380,720,1380,720,1380,720,1380,676,1351,695,1437,3571146870
complementary_plate_comida rápida_11,Papas Fritas,Comida rápida,37500,56,3.2,rest_comida rápida_10,FastBite,Comida rápida,5.6529872,-73.5097087,2025,10,2,3,0,600,120,600,120,600,120,600,120,600,120,544,168,575,136,
complementary_plate_comida rápida_12,Hamburguesa Clásica,Comida rápida,40500,61,3.4,rest_comida rápida_12,Express Grill,Comida rápida,5.6339124,-73.5040814,2025,12,31,2,1,420,1380,420,1380,420,1380,420,1380,420,1380,468,1372,416,1409,3957445418
complementary_plate_comida rápida_13,Papas Fritas del Chef,Comida rápida,30500,46,2.7,rest_comida rápida_15,Speed Food,Comida rápida,5.6471206,-73.5366349,2025,12,3,2,0,720,1380,720,1380,720,1380,720,1380,720,1380,712,1357,734,1360,
complementary_plate_comida rápida_14,Alitas de Pollo,Comida rápida,43500,67,4.2,rest_comida rápida_20,Quick Burger,Comida rápida,5.6426293,-73.5242758,2025,9,9,1,0,420,1380,420,1380,420,1380,420,1380,420,1380,458,1385,393,1413,3478622731
complementary_plate_comida rápida_15,Salchipapas,Comida rápida,50000,43,3.4,rest_comida rápida_11,Express Grill,Comida rápida,5.6306811,-73.5359902,2024,6,23,6,0,720,1380,720,1380,720,1380,720,1380,720,1380,674,1433,664,1373,3979920423
complementary_plate_comida rápida_16,Salchipapas Clásico,Comida rápida,40500,66,4.0,rest_comida rápida_8,FastBite,Comida rápida,5.6551452,-73.5393363,2024,6,2,6,0,720,1380,720,1380,720,1380,720,1380,720,1380,667,1383,692,1352,
complementary_plate_comida rápida_17,Sandwich Club,Comida rápida,50000,45,3.8,rest_comida rápida_19,Quick Burger,Comida rápida,5.651897,-73.5135313,2025,3,10,0,0,480,1320,480,1320,480,1320,480,1320,480,1320,429,1354,476,1304,
complementary_plate_comida rápida_18,Alitas de Pollo,Comida rápida,41000,48,3.0,rest_comida rápida_14,Speed Food,Comida rápida,5.6463381,-73.515902,2025,2,28,4,0,600,120,600,120,600,120,600,120,600,120,549,172,594,126,
complementary_plate_comida rápida_19,Alitas de Pollo,Comida rápida,30000,50,3.8,rest_comida rápida_19,Speed Food,Comida rápida,5.6540233,-73.5334792,2025,9,6,5,0,600,120,600,120,600,120,600,120,600,120,660,127,619,93,
complementary_plate_comida rápida_20,Sandwich Club del Chef,Comida rápida,45000,55,3.5,rest_comida rápida_13,Speed Food,Comida rápida,5.6546918,-73.5306475,2025,7,1,1,0,480,1320,480,1320,480,1320,480,1320,480,1320,497,1317,523,1330,
complementary_plate_italiana_1,Ravioli,Italiana,15000,81,3.6,rest_italiana_4,Pasta & Vino,Italiana,5.6483345,-73.5390517,2024,8,4,6,0,720,1380,720,1380,720,1380,720,1380,720,1380,708,1433,670,1359,
complementary_plate_italiana_2,Risotto,Italiana,19500,69,3.7,rest_italiana_11,Bella Italia,Italiana,5.6534805,-73.5066021,2025,6,2,0,0,600,120,600,120,600,120,600,120,600,120,624,157,606,146,
complementary_plate_italiana_3,Tiramisu,Italiana,15000,72,3.4,rest_italiana_3,Pasta & Vino,Italiana,5.6478989,-73.5010124,2025,2,1,5,0,420,1380,420,1380,420,1380,420,1380,420,1380,389,1408,400,1364,
complementary_plate_italiana_4,Bruschetta,Italiana,20500,54,3.9,rest_italiana_19,Pasta & Vino,Italiana,5.6472056,-73.5345816,2025,6,16,0,0,480,1320,480,1320,480,1320,480,1320,480,1320,537,1336,503,1351,
complementary_plate_italiana_5,Calzone,Italiana,28000,42,2.7,rest_italiana_11,Bella Italia,Italiana,5.6447445,-73.530741,2025,4,19,5,0,720,1380,720,1380,720,1380,720,1380,720,1380,759,1402,746,1424,
complementary_plate_italiana_6,Lasaña Bolognesa,Italiana,30000,53,3.7,rest_italiana_15,Il Forno,Italiana,5.6501087,-73.5052636,2025,8,6,2,0,480,1320,480,1320,480,1320,480,1320,480,1320,430,1342,473,1354,
complementary_plate_italiana_7,Tiramisu Especial,Italiana,27000,55,3.6,rest_italiana_14,Il Forno,Italiana,5.6263442,-73.5029414,2026,1,3,5,0,720,1380,720,1380,720,1380,720,1380,720,1380,675,1403,693,1420,3459883696
complementary_plate_italiana_8,Gnocchi Clásico,Italiana,19500,78,3.6,rest_italiana_18,Il Forno,Italiana,5.6552348,-73.5232149,2024,12,22,6,0,720,1380,720,1380,720,1380,720,1380,720,1380,669,1366,725,1417,
complementary_plate_italiana_9,Bruschetta,Italiana,22000,61,3.8,rest_italiana_3,La Trattoria,Italiana,5.6548737,-73.5379751,2025,12,22,0,0,420,1380,420,1380,420,1380,420,1380,420,1380,375,1393,474,1393,
complementary_plate_italiana_10,Tiramisu Clásico,Italiana,29000,59,3.1,rest_italiana_5,Pasta & Vino,Italiana,5.6211699,-73.5384243,2024,2,21,2,0,600,120,600,120,600,120,600,120,600,120,656,142,620,147,3835760163
complementary_plate_italiana_11,Risotto,Italiana,30000,62,3.6,rest_italiana_11,Pasta & Vino,Italiana,5.6530327,-73.517042,2025,1,14,1,1,480,1320,480,1320,480,1320,480,1320,480,1320,439,1290,495,1365,
complementary_plate_italiana_12,Ravioli,Italiana,17500,75,3.5,rest_italiana_19,Bella Italia,Italiana,5.6251548,-73.5242842,2025,12,19,4,1,720,1380,720,1380,720,1380,720,1380,720,1380,725,1425,695,1362,3457301785
complementary_plate_italiana_13,Lasaña Bolognesa,Italiana,17500,69,3.8,rest_italiana_17,Il Forno,Italiana,5.6334048,-73.5388539,2024,11,23,5,0,420,1380,420,1380,420,1380,420,1380,420,1380,401,1399,400,1372,3498745543
complementary_plate_italiana_14,Pasta Carbonara,Italiana,18500,88,4.0,rest_italiana_8,Pasta & Vino,Italiana,5.6497403,-73.5166699,2024,11,14,3,0,420,1380,420,1380,420,1380,420,1380,420,1380,372,1394,396,1371,
complementary_plate_italiana_15,Ravioli,Italiana,19000,88,4.1,rest_italiana_7,Il Forno,Italiana,5.6264304,-73.5395479,2025,10,31,4,0,420,1380,420,1380,420,1380,420,1380,420,1380,480,1383,437,1363,3550647975
complementary_plate_italiana_16,Antipasto Especial,Italiana,17000,77,4.1,rest_italiana_12,Pasta & Vino,Italiana,5.6527187,-73.5085051,2026,1,11,6,0,480,1320,480,1320,480,1320,480,1320,480,1320,496,1295,534,1359,
complementary_plate_italiana_17,Antipasto,Italiana,18500,89,4.0,rest_italiana_4,Pasta & Vino,Italiana,5.6532854,-73.5277427,2025,4,10,3,0,420,1380,420,1380,420,1380,420,1380,420,1380,480,1423,414,1406,
complementary_plate_italiana_18,Pasta Carbonara Clásico,Italiana,15000,77,3.4,rest_italiana_3,La Trattoria,Italiana,5.6402987,-73.5383897,2025,2,9,6,0,600,120,600,120,600,120,600,120,600,120,653,145,603,123,3970333075
complementary_plate_italiana_19,Fettuccine Alfredo,Italiana,30000,70,4.3,rest_italiana_11,La Trattoria,Italiana,5.6202554,-73.5164659,2024,2,14,2,0,480,1320,480,1320,480,1320,480,1320,480,1320,461,1310,484,1332,3236338439
complementary_plate_italiana_20,Risotto,Italiana,30000,58,4.6,rest_italiana_1,La Trattoria,Italiana,5.6314815,-73.5240926,2024,4,28,6,0,600,120,600,120,600,120,600,120,600,120,552,180,641,156,3385733916
complementary_plate_italiana_21,Calzone,Italiana,30000,58,3.2,rest_italiana_16,Pasta & Vino,Italiana,5.6446771,-73.501048,2025,9,4,3,0,720,1380,720,1380,720,1380,720,1380,720,1380,735,1398,771,1378,
complementary_plate_italiana_22,Pasta Carbonara Premium,Italiana,15000,77,3.4,rest_italiana_3,La Trattoria,Italiana,5.6592474,-73.5182321,2024,11,19,1,1,600,120,600,120,600,120,600,120,600,120,576,106,565,171,
complementary_plate_italiana_23,Tiramisu,Italiana,20000,52,3.7,rest_italiana_19,Pasta & Vino,Italiana,5.6452725,-73.5289904,2024,5,1,2,0,720,1380,720,1380,720,1380,720,1380,720,1380,750,1372,664,1403,
complementary_plate_italiana_24,Fettuccine Alfredo Clásico,Italiana,17500,71,4.1,rest_italiana_13,Pasta & Vino,Italiana,5.6303921,-73.5116224,2024,9,23,0,0,420,1380,420,1380,420,1380,420,1380,420,1380,421,1417,444,1373,3558904191
complementary_plate_italiana_25,Fettuccine Alfredo,Italiana,23500,57,4.1,rest_italiana_8,Pasta & Vino,Italiana,5.6453602,-73.5291403,2025,3,10,0,1,600,120,600,120,600,120,600,120,600,120,577,102,568,104,
complementary_plate_italiana_26,Pasta Carbonara,Italiana,18500,79,4.0,rest_italiana_5,Pasta & Vino,Italiana,5.6415994,-73.5038303,2024,2,16,4,1,480,1320,480,1320,480,1320,480,1320,480,1320,442,1349,460,1374,3662524787
complementary_plate_italiana_27,Pizza Margherita,Italiana,19000,76,3.7,rest_italiana_2,Il Forno,Italiana,5.6511938,-73.5250111,2024,12,15,6,0,600,120,600,120,600,120,600,120,600,120,616,142,627,120,
complementary_plate_italiana_28,Ossobuco,Italiana,20500,52,3.5,rest_italiana_9,Bella Italia,Italiana,5.6242792,-73.5180053,2025,12,13,5,1,420,1380,420,1380,420,1380,420,1380,420,1380,446,1390,412,1400,3918963373
complementary_plate_italiana_29,Fettuccine Alfredo,Italiana,25000,52,3.5,rest_italiana_6,Il Forno,Italiana,5.6504411,-73.5379771,2024,6,30,6,0,720,1380,720,1380,720,1380,720,1380,720,1380,703,1431,764,1355,
complementary_plate_italiana_30,Bruschetta,Italiana,24500,60,3.3,rest_italiana_3,La Trattoria,Italiana,5.6416507,-73.5229552,2025,1,14,1,0,480,1320,480,1320,480,1320,480,1320,480,1320,498,1368,462,1306,3515651562
complementary_plate_italiana_31,Pizza Margherita,Italiana,23000,40,2.5,rest_italiana_7,Bella Italia,Italiana,5.6585197,-73.5067055,2024,8,7,2,0,420,1380,420,1380,420,1380,420,1380,420,1380,458,1420,368,1433,
complementary_plate_italiana_32,Risotto,Italiana,20000,60,3.1,rest_italiana_8,Il Forno,Italiana,5.6336749,-73.507774,2024,7,20,5,0,600,120,600,120,600,120,600,120,600,120,650,119,577,110,3585317676
complementary_plate_italiana_33,Pasta Carbonara,Italiana,15000,66,3.0,rest_italiana_6,Pasta & Vino,Italiana,5.6453049,-73.5310273,2025,12,25,3,0,480,1320,480,1320,480,1320,480,1320,480,1320,528,1292,516,1357,
complementary_plate_italiana_34,Ravioli,Italiana,29000,70,4.3,rest_italiana_13,La Trattoria,Italiana,5.6572811,-73.5309568,2025,1,16,3,0,420,1380,420,1380,420,1380,420,1380,420,1380,363,1379,440,1438,
complementary_plate_italiana_35,Antipasto de la Casa,Italiana,30000,63,3.9,rest_italiana_18,La Trattoria,Italiana,5.6241004,-73.5073078,2026,1,22,3,0,420,1380,420,1380,420,1380,420,1380,420,1380,470,1360,369,1359,3944620719
complementary_plate_italiana_36,Ravioli Clásico,Italiana,30000,49,2.5,rest_italiana_17,Bella Italia,Italiana,5.6574891,-73.5027841,2024,11,28,3,0,480,1320,480,1320,480,1320,480,1320,480,1320,514,1365,521,1340,
complementary_plate_italiana_37,Fettuccine Alfredo del Chef,Italiana,30000,39,2.5,rest_italiana_10,Pasta & Vino,Italiana,5.6475154,-73.5361856,2025,1,17,4,1,420,1380,420,1380,420,1380,420,1380,420,1380,395,1408,385,1362,
complementary_plate_italiana_38,Ossobuco,Italiana,25500,58,3.8,rest_italiana_1,Il Forno,Italiana,5.6227135,-73.5219977,2025,1,11,5,1,480,1320,480,1320,480,1320,480,1320,480,1320,448,1342,491,1325,3256850263
complementary_plate_italiana_39,Ossobuco,Italiana,23500,65,4.1,rest_italiana_8,La Trattoria,Italiana,5.6320385,-73.5265018,2024,12,27,4,1,600,120,600,120,600,120,600,120,600,120,587,159,631,103,3678030847
complementary_plate_italiana_40,Fettuccine Alfredo,Italiana,30000,58,4.4,rest_italiana_18,La Trattoria,Italiana,5.6483269,-73.5051725,2025,11,1,5,0,420,1380,420,1380,420,1380,420,1380,420,1380,421,1422,373,1432,
complementary_plate_italiana_41,Pasta Carbonara,Italiana,23500,67,4.5,rest_italiana_19,Pasta & Vino,Italiana,5.622694,-73.536659,2024,8,20,1,0,720,1380,720,1380,720,1380,720,1380,720,1380,770,1412,735,1381,3637818184
complementary_plate_italiana_42,Fettuccine Alfredo Premium,Italiana,17000,79,4.2,rest_italiana_19,La Trattoria,Italiana,5.6432868,-73.531555,2025,3,14,4,1,480,1320,480,1320,480,1320,480,1320,480,1320,518,1353,452,1342,3961368498
complementary_plate_italiana_43,Ossobuco,Italiana,17500,76,3.8,rest_italiana_8,Bella Italia,Italiana,5.6338353,-73.5099013,2024,4,10,2,0,480,1320,480,1320,480,1320,480,1320,480,1320,454,1378,446,1361,3228960723
complementary_plate_italiana_44,Tiramisu Especial,Italiana,21500,69,4.0,rest_italiana_3,La Trattoria,Italiana,5.6448366,-73.5379482,2024,11,28,3,1,600,120,600,120,600,120,600,120,600,120,630,151,605,161,
complementary_plate_italiana_45,Tiramisu,Italiana,30000,55,4.4,rest_italiana_4,Il Forno,Italiana,5.6218297,-73.5202986,2024,11,15,4,0,720,1380,720,1380,720,1380,720,1380,720,1380,756,1351,680,1416,3921248464
complementary_plate_italiana_46,Ossobuco,Italiana,18000,71,2.5,rest_italiana_1,Pasta & Vino,Italiana,5.6548615,-73.5223157,2024,12,25,2,0,600,120,600,120,600,120,600,120,600,120,603,111,620,157,
complementary_plate_italiana_47,Fettuccine Alfredo,Italiana,20500,49,3.8,rest_italiana_6,Bella Italia,Italiana,5.6589396,-73.526624,2024,7,9,1,0,480,1320,480,1320,480,1320,480,1320,480,1320,475,1327,512,1376,
complementary_plate_italiana_48,Tiramisu,Italiana,25500,54,2.5,rest_italiana_15,Bella Italia,Italiana,5.6587551,-73.5242171,2024,10,11,4,0,420,1380,420,1380,420,1380,420,1380,420,1380,426,1437,386,1428,
complementary_plate_italiana_49,Tiramisu Especial,Italiana,16000,77,3.5,rest_italiana_6,Bella Italia,Italiana,5.6499861,-73.5188024,2024,12,7,5,0,420,1380,420,1380,420,1380,420,1380,420,1380,478,1367,381,1417,
complementary_plate_italiana_50,Ravioli,Italiana,23000,58,3.6,rest_italiana_15,La Trattoria,Italiana,5.6252034,-73.5335453,2024,8,5,0,0,600,120,600,120,600,120,600,120,600,120,548,90,579,179,3518277982
complementary_plate_italiana_51,Lasaña Bolognesa,Italiana,21500,62,4.1,rest_italiana_1,Il Forno,Italiana,5.6503305,-73.5171202,2025,2,18,1,0,480,1320,480,1320,480,1320,480,1320,480,1320,427,1369,479,1366,
complementary_plate_italiana_52,Risotto,Italiana,22000,52,3.9,rest_italiana_18,Pasta & Vino,Italiana,5.6209835,-73.5077827,2025,5,22,3,0,420,1380,420,1380,420,1380,420,1380,420,1380,396,1404,434,1389,3367980509
complementary_plate_italiana_53,Fettuccine Alfredo,Italiana,18000,74,4.1,rest_italiana_17,La Trattoria,Italiana,5.6208849,-73.5095936,2025,9,30,1,1,480,1320,480,1320,480,1320,480,1320,480,1320,495,1309,433,1317,3649484909
complementary_plate_italiana_54,Tiramisu de la Casa,Italiana,24500,49,3.4,rest_italiana_1,Il Forno,Italiana,5.6329444,-73.533844,2025,8,18,0,0,420,1380,420,1380,420,1380,420,1380,420,1380,433,1425,437,1385,3466270739
complementary_plate_italiana_55,Lasaña Bolognesa,Italiana,21500,56,3.6,rest_italiana_3,La Trattoria,Italiana,5.6395457,-73.53403,2025,3,12,2,0,720,1380,720,1380,720,1380,720,1380,720,1380,671,1428,678,1368,3518789755
complementary_plate_italiana_56,Ossobuco,Italiana,20500,64,4.7,rest_italiana_18,La Trattoria,Italiana,5.6508163,-73.529273,2025,6,5,3,1,720,1380,720,1380,720,1380,720,1380,720,1380,725,1406,714,1435,
complementary_plate_italiana_57,Risotto,Italiana,16500,75,3.4,rest_italiana_3,Bella Italia,Italiana,5.6473318,-73.525557,2024,8,12,0,0,600,120,600,120,600,120,600,120,600,120,639,139,630,150,
complementary_plate_italiana_58,Gnocchi,Italiana,30000,55,3.1,rest_italiana_9,Pasta & Vino,Italiana,5.6378361,-73.5236618,2024,2,26,0,0,720,1380,720,1380,720,1380,720,1380,720,1380,741,1385,751,1368,3726900235
complementary_plate_italiana_59,Risotto Clásico,Italiana,26000,62,4.4,rest_italiana_20,Pasta & Vino,Italiana,5.6309451,-73.5128121,2025,7,3,3,0,600,120,600,120,600,120,600,120,600,120,623,134,562,93,3387650736
complementary_plate_italiana_60,Ravioli,Italiana,24500,72,5.0,rest_italiana_19,Il Forno,Italiana,5.659885,-73.5377328,2026,2,1,6,0,600,120,600,120,600,120,600,120,600,120,587,112,659,91,
complementary_plate_italiana_61,Antipasto del Chef,Italiana,24000,63,4.3,rest_italiana_9,Bella Italia,Italiana,5.6370473,-73.5386131,2026,1,3,5,1,420,1380,420,1380,420,1380,420,1380,420,1380,372,1397,477,1382,3540437823
complementary_plate_italiana_62,Fettuccine Alfredo,Italiana,30000,46,3.4,rest_italiana_20,La Trattoria,Italiana,5.6380555,-73.5243236,2024,10,12,5,1,600,120,600,120,600,120,600,120,600,120,545,179,630,122,3709426217
complementary_plate_italiana_63,Antipasto Especial,Italiana,21000,62,4.5,rest_italiana_20,Bella Italia,Italiana,5.626545,-73.5121135,2026,1,8,3,0,600,120,600,120,600,120,600,120,600,120,562,150,635,172,3907304541
complementary_plate_italiana_64,Pasta Carbonara,Italiana,22500,52,2.7,rest_italiana_4,La Trattoria,Italiana,5.6517924,-73.5322626,2025,3,22,5,0,720,1380,720,1380,720,1380,720,1380,720,1380,771,1366,670,1403,
complementary_plate_italiana_65,Risotto Clásico,Italiana,30000,52,2.5,rest_italiana_12,Il Forno,Italiana,5.6477473,-73.5143398,2024,6,16,6,0,720,1380,720,1380,720,1380,720,1380,720,1380,743,1428,754,1352,
complementary_plate_italiana_66,Pasta Carbonara,Italiana,20500,57,4.2,rest_italiana_3,Il Forno,Italiana,5.6288308,-73.5296069,2025,5,9,4,0,600,120,600,120,600,120,600,120,600,120,593,175,625,97,3322810605
complementary_plate_italiana_67,Tiramisu,Italiana,18000,83,4.2,rest_italiana_1,Il Forno,Italiana,5.6232952,-73.5045566,2024,4,27,5,0,600,120,600,120,600,120,600,120,600,120,545,125,617,115,3682387210
complementary_plate_italiana_68,Ossobuco,Italiana,28000,52,3.6,rest_italiana_15,La Trattoria,Italiana,5.64722,-73.5041724,2024,7,7,6,0,420,1380,420,1380,420,1380,420,1380,420,1380,431,1394,375,1393,
complementary_plate_italiana_69,Lasaña Bolognesa,Italiana,22500,52,4.0,rest_italiana_1,La Trattoria,Italiana,5.6461804,-73.5281085,2025,8,17,6,0,480,1320,480,1320,480,1320,480,1320,480,1320,537,1301,443,1301,
complementary_plate_italiana_70,Fettuccine Alfredo Premium,Italiana,24500,60,3.5,rest_italiana_2,Il Forno,Italiana,5.6309304,-73.5308002,2025,3,26,2,1,420,1380,420,1380,420,1380,420,1380,420,1380,418,1360,472,1381,3813901126
complementary_plate_italiana_71,Risotto,Italiana,30000,62,4.2,rest_italiana_7,Il Forno,Italiana,5.6580345,-73.5235478,2025,5,3,5,0,420,1380,420,1380,420,1380,420,1380,420,1380,382,1385,377,1422,
complementary_plate_italiana_72,Pasta Carbonara,Italiana,24000,63,3.4,rest_italiana_17,Bella Italia,Italiana,5.6260423,-73.5303787,2025,2,14,4,1,420,1380,420,1380,420,1380,420,1380,420,1380,393,1439,416,1383,3337178929
complementary_plate_italiana_73,Antipasto,Italiana,23000,55,3.2,rest_italiana_10,Pasta & Vino,Italiana,5.6372934,-73.5131046,2025,2,16,6,0,720,1380,720,1380,720,1380,720,1380,720,1380,664,1424,709,1369,3179723877
complementary_plate_italiana_74,Pasta Carbonara,Italiana,16000,75,4.1,rest_italiana_7,Il Forno,Italiana,5.6577446,-73.5069574,2025,5,18,6,1,420,1380,420,1380,420,1380,420,1380,420,1380,449,1414,430,1384,
complementary_plate_italiana_75,Calzone,Italiana,18000,79,3.8,rest_italiana_19,Il Forno,Italiana,5.6367891,-73.5130763,2024,10,16,2,0,420,1380,420,1380,420,1380,420,1380,420,1380,364,1364,426,1434,3533697673
complementary_plate_italiana_76,Pizza Margherita,Italiana,15000,77,3.4,rest_italiana_12,La Trattoria,Italiana,5.645541,-73.507026,2024,5,3,4,0,420,1380,420,1380,420,1380,420,1380,420,1380,432,1398,444,1425,
complementary_plate_italiana_77,Calzone Premium,Italiana,17000,92,4.3,rest_italiana_6,Bella Italia,Italiana,5.6359038,-73.5241203,2025,3,30,6,1,720,1380,720,1380,720,1380,720,1380,720,1380,713,1410,702,1393,3819368755
complementary_plate_italiana_78,Ossobuco,Italiana,24500,58,3.9,rest_italiana_16,Pasta & Vino,Italiana,5.6309686,-73.5337473,2024,12,25,2,0,720,1380,720,1380,720,1380,720,1380,720,1380,756,1352,716,1428,3909415438
complementary_plate_italiana_79,Ossobuco,Italiana,20000,70,4.4,rest_italiana_8,Bella Italia,Italiana,5.6593591,-73.510482,2025,12,27,5,0,420,1380,420,1380,420,1380,420,1380,420,1380,452,1397,436,1393,
complementary_plate_italiana_80,Bruschetta,Italiana,26000,62,4.4,rest_italiana_20,Il Forno,Italiana,5.6363734,-73.525581,2025,4,5,5,0,600,120,600,120,600,120,600,120,600,120,594,124,613,141,3228339027
complementary_plate_italiana_1,Pasta Carbonara,Italiana,36500,59,3.8,rest_italiana_15,Il Forno,Italiana,5.655764,-73.5131492,2025,2,17,0,1,720,1380,720,1380,720,1380,720,1380,720,1380,676,1434,702,1356,
complementary_plate_italiana_2,Ravioli Clásico,Italiana,70000,49,3.6,rest_italiana_6,Bella Italia,Italiana,5.6291982,-73.5291742,2025,11,16,6,0,720,1380,720,1380,720,1380,720,1380,720,1380,718,1350,744,1368,3813058296
complementary_plate_italiana_3,Lasaña Bolognesa,Italiana,49000,47,2.7,rest_italiana_16,Bella Italia,Italiana,5.6285242,-73.5367508,2026,2,1,6,0,720,1380,720,1380,720,1380,720,1380,720,1380,715,1361,752,1381,3591479623
complementary_plate_italiana_4,Gnocchi,Italiana,31000,66,4.3,rest_italiana_13,Pasta & Vino,Italiana,5.6212454,-73.5002967,2024,3,24,6,1,420,1380,420,1380,420,1380,420,1380,420,1380,372,1410,430,1437,3914929191
complementary_plate_italiana_5,Risotto Premium,Italiana,66500,38,3.7,rest_italiana_10,Pasta & Vino,Italiana,5.6460667,-73.5337519,2025,3,9,6,1,720,1380,720,1380,720,1380,720,1380,720,1380,757,1362,709,1366,
complementary_plate_italiana_6,Calzone del Chef,Italiana,46000,59,3.8,rest_italiana_20,La Trattoria,Italiana,5.6347411,-73.5004632,2025,6,24,1,0,600,120,600,120,600,120,600,120,600,120,608,99,584,152,3221841719
complementary_plate_italiana_7,Pizza Margherita,Italiana,30000,69,4.1,rest_italiana_8,Pasta & Vino,Italiana,5.6545743,-73.5009088,2025,11,19,2,0,720,1380,720,1380,720,1380,720,1380,720,1380,707,1396,703,1414,
complementary_plate_italiana_8,Gnocchi,Italiana,58500,42,4.1,rest_italiana_6,Pasta & Vino,Italiana,5.6389284,-73.5082473,2024,4,8,0,1,600,120,600,120,600,120,600,120,600,120,564,95,567,128,3307417703
complementary_plate_italiana_9,Ossobuco,Italiana,70000,43,4.2,rest_italiana_6,Pasta & Vino,Italiana,5.6587277,-73.5136231,2025,8,7,3,1,720,1380,720,1380,720,1380,720,1380,720,1380,696,1389,709,1436,
complementary_plate_italiana_10,Tiramisu,Italiana,40500,45,3.4,rest_italiana_6,Pasta & Vino,Italiana,5.627421,-73.5168877,2026,1,25,6,0,480,1320,480,1320,480,1320,480,1320,480,1320,479,1300,464,1377,3427508077
complementary_plate_italiana_11,Ossobuco,Italiana,54000,54,4.1,rest_italiana_2,Pasta & Vino,Italiana,5.6547449,-73.5053559,2024,12,1,6,0,720,1380,720,1380,720,1380,720,1380,720,1380,733,1414,709,1437,
complementary_plate_italiana_12,Ossobuco,Italiana,44500,61,4.1,rest_italiana_11,Pasta & Vino,Italiana,5.6510639,-73.5284224,2024,2,8,3,0,600,120,600,120,600,120,600,120,600,120,573,171,554,167,
complementary_plate_italiana_13,Gnocchi Especial,Italiana,48000,52,3.7,rest_italiana_11,Il Forno,Italiana,5.6508369,-73.5212928,2026,1,30,4,0,480,1320,480,1320,480,1320,480,1320,480,1320,520,1312,474,1358,
complementary_plate_italiana_14,Gnocchi,Italiana,64500,47,4.7,rest_italiana_4,Bella Italia,Italiana,5.6537913,-73.5152244,2025,12,28,6,1,720,1380,720,1380,720,1380,720,1380,720,1380,725,1428,753,1408,
complementary_plate_italiana_15,Calzone,Italiana,49500,37,2.7,rest_italiana_10,Pasta & Vino,Italiana,5.650441,-73.5235524,2025,2,26,2,0,600,120,600,120,600,120,600,120,600,120,586,96,653,166,
complementary_plate_italiana_16,Pizza Margherita,Italiana,47500,41,3.1,rest_italiana_2,Bella Italia,Italiana,5.6450488,-73.5229005,2024,4,26,4,0,420,1380,420,1380,420,1380,420,1380,420,1380,382,1387,405,1403,
complementary_plate_italiana_17,Ravioli,Italiana,36500,51,3.3,rest_italiana_5,La Trattoria,Italiana,5.6252498,-73.5267886,2025,9,30,1,1,420,1380,420,1380,420,1380,420,1380,420,1380,453,1354,428,1400,3596479771
complementary_plate_italiana_18,Tiramisu,Italiana,37000,49,3.5,rest_italiana_3,Pasta & Vino,Italiana,5.621301,-73.5174307,2025,12,27,5,0,600,120,600,120,600,120,600,120,600,120,654,125,584,148,3552344880
complementary_plate_italiana_19,Pasta Carbonara,Italiana,55000,34,3.3,rest_italiana_10,La Trattoria,Italiana,5.6568339,-73.505977,2025,2,26,2,1,420,1380,420,1380,420,1380,420,1380,420,1380,364,1368,437,1431,
complementary_plate_italiana_20,Tiramisu,Italiana,57500,53,3.9,rest_italiana_4,La Trattoria,Italiana,5.644666,-73.5319389,2024,11,20,2,0,600,120,600,120,600,120,600,120,600,120,542,113,635,122,
complementary_plate_italiana_21,Ravioli,Italiana,70000,34,3.8,rest_italiana_19,La Trattoria,Italiana,5.6518615,-73.5026227,2025,1,19,6,1,420,1380,420,1380,420,1380,420,1380,420,1380,398,1428,425,1419,
complementary_plate_italiana_22,Lasaña Bolognesa,Italiana,38000,70,4.8,rest_italiana_13,La Trattoria,Italiana,5.6392609,-73.5124365,2024,5,28,1,0,720,1380,720,1380,720,1380,720,1380,720,1380,757,1405,695,1438,3368713951
complementary_plate_italiana_23,Pizza Margherita Premium,Italiana,46500,59,4.7,rest_italiana_15,Bella Italia,Italiana,5.6246923,-73.5070691,2025,5,9,4,0,420,1380,420,1380,420,1380,420,1380,420,1380,394,1350,412,1376,3830640153
complementary_plate_italiana_24,Risotto,Italiana,39000,67,4.4,rest_italiana_20,Bella Italia,Italiana,5.6250074,-73.5177524,2024,2,8,3,1,480,1320,480,1320,480,1320,480,1320,480,1320,448,1318,422,1380,3353504597
complementary_plate_italiana_25,Gnocchi,Italiana,48000,72,4.3,rest_italiana_11,La Trattoria,Italiana,5.6474226,-73.5088193,2025,2,20,3,0,600,120,600,120,600,120,600,120,600,120,621,166,582,159,
complementary_plate_italiana_26,Tiramisu,Italiana,30000,52,3.7,rest_italiana_13,Il Forno,Italiana,5.6372122,-73.539352,2024,3,19,1,0,420,1380,420,1380,420,1380,420,1380,420,1380,465,1406,379,1409,3731024862
complementary_plate_italiana_27,Pasta Carbonara,Italiana,42000,49,3.9,rest_italiana_7,Bella Italia,Italiana,5.628021,-73.5072648,2025,11,13,3,0,600,120,600,120,600,120,600,120,600,120,544,174,649,163,3215119441
complementary_plate_italiana_28,Ossobuco,Italiana,43000,48,3.1,rest_italiana_12,Il Forno,Italiana,5.6396638,-73.5383944,2024,5,8,2,1,420,1380,420,1380,420,1380,420,1380,420,1380,397,1390,417,1436,3497907903
complementary_plate_italiana_29,Antipasto Premium,Italiana,44500,44,2.5,rest_italiana_5,Pasta & Vino,Italiana,5.6225684,-73.5044035,2024,8,5,0,1,600,120,600,120,600,120,600,120,600,120,637,92,636,126,3428478885
complementary_plate_italiana_30,Pasta Carbonara,Italiana,45000,58,3.7,rest_italiana_13,Il Forno,Italiana,5.6432789,-73.5003215,2025,8,28,3,1,480,1320,480,1320,480,1320,480,1320,480,1320,432,1340,447,1317,3592456318
complementary_plate_italiana_31,Fettuccine Alfredo,Italiana,36500,46,3.6,rest_italiana_4,Bella Italia,Italiana,5.6307597,-73.5282373,2024,5,2,3,0,420,1380,420,1380,420,1380,420,1380,420,1380,456,1377,413,1426,3765399166
complementary_plate_italiana_32,Fettuccine Alfredo de la Casa,Italiana,49000,51,3.3,rest_italiana_13,Il Forno,Italiana,5.6519024,-73.5315873,2025,8,9,5,0,600,120,600,120,600,120,600,120,600,120,568,141,603,149,
complementary_plate_italiana_33,Calzone,Italiana,58500,30,3.0,rest_italiana_19,La Trattoria,Italiana,5.6324145,-73.5093855,2025,1,10,4,1,480,1320,480,1320,480,1320,480,1320,480,1320,488,1332,517,1349,3455352022
complementary_plate_italiana_34,Bruschetta,Italiana,65000,41,3.7,rest_italiana_19,La Trattoria,Italiana,5.6382088,-73.5298789,2024,6,3,0,1,600,120,600,120,600,120,600,120,600,120,592,114,621,93,3523410453
complementary_plate_italiana_35,Bruschetta,Italiana,33500,63,3.6,rest_italiana_1,La Trattoria,Italiana,5.6204648,-73.5053775,2025,1,23,3,1,480,1320,480,1320,480,1320,480,1320,480,1320,461,1368,451,1311,3440652062
complementary_plate_italiana_36,Tiramisu Premium,Italiana,43500,45,2.9,rest_italiana_7,Pasta & Vino,Italiana,5.6228979,-73.5358863,2024,2,8,3,0,720,1380,720,1380,720,1380,720,1380,720,1380,768,1370,718,1397,3325140086
complementary_plate_italiana_37,Ravioli,Italiana,60000,23,2.8,rest_italiana_20,Pasta & Vino,Italiana,5.6356997,-73.5349618,2025,6,1,6,1,720,1380,720,1380,720,1380,720,1380,720,1380,697,1358,774,1353,3987664650
complementary_plate_italiana_38,Calzone,Italiana,41000,57,4.4,rest_italiana_8,Bella Italia,Italiana,5.6391976,-73.5008339,2025,8,27,2,1,720,1380,720,1380,720,1380,720,1380,720,1380,761,1372,719,1414,3372336859
complementary_plate_italiana_39,Gnocchi de la Casa,Italiana,69500,34,3.5,rest_italiana_14,Pasta & Vino,Italiana,5.6440008,-73.5130464,2025,11,26,2,0,480,1320,480,1320,480,1320,480,1320,480,1320,420,1294,507,1376,
complementary_plate_italiana_40,Tiramisu,Italiana,70000,53,4.6,rest_italiana_10,Pasta & Vino,Italiana,5.6316665,-73.5061245,2025,12,7,6,1,480,1320,480,1320,480,1320,480,1320,480,1320,511,1367,502,1358,3331090271
complementary_plate_italiana_41,Calzone,Italiana,70000,51,4.0,rest_italiana_4,Pasta & Vino,Italiana,5.6477993,-73.5270268,2025,10,2,3,0,480,1320,480,1320,480,1320,480,1320,480,1320,466,1341,511,1355,
complementary_plate_italiana_42,Tiramisu,Italiana,70000,49,4.8,rest_italiana_11,Pasta & Vino,Italiana,5.6544049,-73.5129407,2024,4,5,4,0,420,1380,420,1380,420,1380,420,1380,420,1380,457,1424,456,1364,
complementary_plate_italiana_43,Pasta Carbonara,Italiana,60000,38,3.4,rest_italiana_16,La Trattoria,Italiana,5.651194,-73.5162303,2024,10,25,4,0,720,1380,720,1380,720,1380,720,1380,720,1380,761,1411,686,1383,
complementary_plate_italiana_44,Risotto Clásico,Italiana,54500,59,4.6,rest_italiana_2,Bella Italia,Italiana,5.6215848,-73.515874,2024,6,8,5,0,420,1380,420,1380,420,1380,420,1380,420,1380,403,1387,448,1406,3231237129
complementary_plate_italiana_45,Risotto,Italiana,31500,49,3.3,rest_italiana_6,Bella Italia,Italiana,5.6392203,-73.5126987,2025,3,29,5,0,720,1380,720,1380,720,1380,720,1380,720,1380,726,1386,663,1378,3123659943
complementary_plate_italiana_46,Lasaña Bolognesa Premium,Italiana,69500,31,3.6,rest_italiana_10,Il Forno,Italiana,5.6241972,-73.5169856,2024,5,25,5,1,600,120,600,120,600,120,600,120,600,120,631,146,626,127,3330313087
complementary_plate_italiana_47,Bruschetta,Italiana,61500,38,4.0,rest_italiana_12,La Trattoria,Italiana,5.6296818,-73.5228375,2025,5,17,5,1,420,1380,420,1380,420,1380,420,1380,420,1380,441,1379,363,1377,3718813677
complementary_plate_italiana_48,Lasaña Bolognesa,Italiana,44000,52,3.6,rest_italiana_12,Bella Italia,Italiana,5.6594665,-73.5289631,2024,8,20,1,1,600,120,600,120,600,120,600,120,600,120,619,111,584,172,
complementary_plate_italiana_49,Ossobuco,Italiana,32000,50,3.6,rest_italiana_3,Pasta & Vino,Italiana,5.6256998,-73.5092567,2026,1,23,4,0,600,120,600,120,600,120,600,120,600,120,622,111,651,157,3632569442
complementary_plate_italiana_50,Fettuccine Alfredo,Italiana,55000,52,4.1,rest_italiana_7,La Trattoria,Italiana,5.6399555,-73.5309491,2024,4,12,4,0,720,1380,720,1380,720,1380,720,1380,720,1380,699,1376,688,1369,3113490091
complementary_plate_italiana_51,Pizza Margherita del Chef,Italiana,50500,32,3.6,rest_italiana_12,Il Forno,Italiana,5.6447262,-73.5123058,2025,7,14,0,0,600,120,600,120,600,120,600,120,600,120,598,162,656,171,
complementary_plate_italiana_52,Pasta Carbonara,Italiana,37000,48,3.5,rest_italiana_15,La Trattoria,Italiana,5.6480986,-73.5306667,2025,12,11,3,0,600,120,600,120,600,120,600,120,600,120,620,102,582,154,
complementary_plate_italiana_53,Ravioli,Italiana,48000,69,4.4,rest_italiana_2,Pasta & Vino,Italiana,5.6423859,-73.5149868,2025,8,9,5,0,720,1380,720,1380,720,1380,720,1380,720,1380,692,1373,748,1433,3638613078
complementary_plate_italiana_54,Lasaña Bolognesa,Italiana,69000,43,3.9,rest_italiana_8,La Trattoria,Italiana,5.6203908,-73.5101169,2025,7,9,2,0,420,1380,420,1380,420,1380,420,1380,420,1380,371,1374,453,1358,3453356944
complementary_plate_italiana_55,Risotto Especial,Italiana,31000,52,3.4,rest_italiana_4,Il Forno,Italiana,5.6330585,-73.5312514,2024,10,5,5,1,600,120,600,120,600,120,600,120,600,120,599,102,608,96,3923544896
complementary_plate_italiana_56,Bruschetta,Italiana,40000,48,3.8,rest_italiana_19,Pasta & Vino,Italiana,5.6407085,-73.5376023,2025,4,5,5,0,480,1320,480,1320,480,1320,480,1320,480,1320,480,1315,432,1359,3342508766
complementary_plate_italiana_57,Calzone,Italiana,65500,42,3.4,rest_italiana_9,Pasta & Vino,Italiana,5.6235147,-73.5347611,2026,2,6,4,1,600,120,600,120,600,120,600,120,600,120,650,104,632,146,3725810921
complementary_plate_italiana_58,Antipasto,Italiana,38000,45,3.2,rest_italiana_10,Bella Italia,Italiana,5.6340251,-73.5157601,2024,4,17,2,0,420,1380,420,1380,420,1380,420,1380,420,1380,423,1430,382,1392,3410874936
complementary_plate_italiana_59,Antipasto,Italiana,30000,54,3.5,rest_italiana_6,Pasta & Vino,Italiana,5.6213281,-73.5060221,2025,10,15,2,1,720,1380,720,1380,720,1380,720,1380,720,1380,703,1385,746,1421,3344721769
complementary_plate_italiana_60,Lasaña Bolognesa,Italiana,36500,50,4.0,rest_italiana_10,Pasta & Vino,Italiana,5.6231431,-73.5382001,2024,3,19,1,0,480,1320,480,1320,480,1320,480,1320,480,1320,460,1355,480,1353,3237091252
complementary_plate_italiana_61,Lasaña Bolognesa,Italiana,70000,37,3.3,rest_italiana_7,La Trattoria,Italiana,5.6358769,-73.5106339,2025,6,14,5,0,600,120,600,120,600,120,600,120,600,120,583,171,627,158,3824162743
complementary_plate_italiana_62,Calzone,Italiana,53000,46,4.5,rest_italiana_5,Il Forno,Italiana,5.6253086,-73.5263473,2024,7,2,1,0,420,1380,420,1380,420,1380,420,1380,420,1380,400,1417,420,1363,3588808673
complementary_plate_italiana_63,Lasaña Bolognesa,Italiana,30500,58,3.3,rest_italiana_17,Il Forno,Italiana,5.6427016,-73.5208589,2025,3,10,0,1,720,1380,720,1380,720,1380,720,1380,720,1380,684,1400,760,1371,3995206152
complementary_plate_italiana_64,Ossobuco Clásico,Italiana,70000,42,4.5,rest_italiana_10,Bella Italia,Italiana,5.6475786,-73.5028456,2025,9,11,3,0,600,120,600,120,600,120,600,120,600,120,639,124,569,123,
complementary_plate_italiana_65,Gnocchi,Italiana,54000,58,4.6,rest_italiana_13,Pasta & Vino,Italiana,5.6520235,-73.5267211,2026,2,1,6,0,420,1380,420,1380,420,1380,420,1380,420,1380,466,1390,417,1389,
complementary_plate_italiana_66,Ossobuco Especial,Italiana,36000,51,3.8,rest_italiana_9,Il Forno,Italiana,5.628006,-73.5213865,2025,7,8,1,0,600,120,600,120,600,120,600,120,600,120,585,172,643,107,3419062703
complementary_plate_italiana_67,Risotto,Italiana,70000,46,4.0,rest_italiana_20,Il Forno,Italiana,5.6266993,-73.5394527,2025,7,1,1,1,420,1380,420,1380,420,1380,420,1380,420,1380,363,1391,414,1398,3302883601
complementary_plate_italiana_68,Risotto del Chef,Italiana,42500,60,4.1,rest_italiana_13,Pasta & Vino,Italiana,5.6241827,-73.5367361,2025,12,21,6,1,420,1380,420,1380,420,1380,420,1380,420,1380,373,1359,391,1370,3818171506
complementary_plate_italiana_69,Pizza Margherita,Italiana,63000,44,3.5,rest_italiana_18,Bella Italia,Italiana,5.6454572,-73.5296563,2025,4,30,2,0,720,1380,720,1380,720,1380,720,1380,720,1380,695,1427,735,1398,
complementary_plate_italiana_70,Lasaña Bolognesa Especial,Italiana,70000,34,2.9,rest_italiana_5,Bella Italia,Italiana,5.648259,-73.5388859,2024,12,10,1,0,600,120,600,120,600,120,600,120,600,120,658,126,554,150,
complementary_plate_italiana_71,Ossobuco,Italiana,45000,43,3.0,rest_italiana_17,Bella Italia,Italiana,5.6212634,-73.514745,2024,7,16,1,0,420,1380,420,1380,420,1380,420,1380,420,1380,433,1375,431,1361,3581908110
complementary_plate_italiana_72,Tiramisu Clásico,Italiana,47000,61,4.5,rest_italiana_6,Pasta & Vino,Italiana,5.6574485,-73.5229441,2025,7,2,2,0,480,1320,480,1320,480,1320,480,1320,480,1320,437,1298,531,1379,
complementary_plate_italiana_73,Ravioli,Italiana,32500,60,4.3,rest_italiana_20,Bella Italia,Italiana,5.6220789,-73.5180742,2025,5,21,2,0,600,120,600,120,600,120,600,120,600,120,569,148,586,132,3374343182
complementary_plate_italiana_74,Gnocchi Especial,Italiana,57000,40,3.6,rest_italiana_12,La Trattoria,Italiana,5.6416519,-73.5330141,2024,8,31,5,0,720,1380,720,1380,720,1380,720,1380,720,1380,675,1432,712,1404,3293107918
complementary_plate_italiana_75,Antipasto,Italiana,35000,61,3.6,rest_italiana_3,Bella Italia,Italiana,5.6483624,-73.5281627,2024,4,28,6,0,600,120,600,120,600,120,600,120,600,120,544,154,651,131,
complementary_plate_italiana_76,Antipasto Especial,Italiana,70000,31,3.5,rest_italiana_7,Pasta & Vino,Italiana,5.6548388,-73.513447,2024,5,23,3,0,480,1320,480,1320,480,1320,480,1320,480,1320,491,1304,488,1310,
complementary_plate_italiana_77,Tiramisu,Italiana,42500,52,3.5,rest_italiana_6,Bella Italia,Italiana,5.6485635,-73.5013879,2025,11,24,0,0,600,120,600,120,600,120,600,120,600,120,644,125,599,147,
complementary_plate_italiana_78,Pizza Margherita,Italiana,70000,48,3.9,rest_italiana_20,Bella Italia,Italiana,5.6520691,-73.5379833,2026,1,31,5,1,600,120,600,120,600,120,600,120,600,120,607,178,634,145,
complementary_plate_italiana_79,Lasaña Bolognesa,Italiana,37500,47,3.6,rest_italiana_11,Il Forno,Italiana,5.633578,-73.5043846,2024,6,18,1,1,480,1320,480,1320,480,1320,480,1320,480,1320,421,1318,461,1344,3165113119
complementary_plate_italiana_80,Tiramisu Premium,Italiana,70000,45,3.7,rest_italiana_7,Il Forno,Italiana,5.652593,-73.5169248,2025,9,8,0,0,720,1380,720,1380,720,1380,720,1380,720,1380,758,1423,778,1395,
complementary_plate_italiana_81,Pizza Margherita del Chef,Italiana,39500,55,2.7,rest_italiana_11,Bella Italia,Italiana,5.6232046,-73.5174432,2025,11,28,4,0,720,1380,720,1380,720,1380,720,1380,720,1380,672,1353,728,1427,3917844263
complementary_plate_italiana_82,Lasaña Bolognesa,Italiana,63000,54,4.3,rest_italiana_7,Bella Italia,Italiana,5.6557927,-73.5199889,2025,6,13,4,0,720,1380,720,1380,720,1380,720,1380,720,1380,744,1376,685,1388,
complementary_plate_italiana_83,Pizza Margherita,Italiana,63500,43,3.7,rest_italiana_2,Il Forno,Italiana,5.6419037,-73.5372242,2025,1,13,0,1,480,1320,480,1320,480,1320,480,1320,480,1320,437,1346,435,1338,3167960025
complementary_plate_italiana_84,Bruschetta Especial,Italiana,40500,52,3.2,rest_italiana_19,Il Forno,Italiana,5.6526919,-73.5364049,2024,9,6,4,0,600,120,600,120,600,120,600,120,600,120,591,115,566,138,
complementary_plate_italiana_85,Tiramisu,Italiana,38000,59,3.8,rest_italiana_7,Bella Italia,Italiana,5.6380927,-73.5159635,2024,12,8,6,0,720,1380,720,1380,720,1380,720,1380,720,1380,756,1376,675,1412,3197754068
complementary_plate_italiana_86,Fettuccine Alfredo,Italiana,70000,40,4.2,rest_italiana_1,Pasta & Vino,Italiana,5.6457431,-73.5263617,2026,1,21,2,1,480,1320,480,1320,480,1320,480,1320,480,1320,522,1354,466,1351,
complementary_plate_italiana_87,Fettuccine Alfredo de la Casa,Italiana,32500,67,4.5,rest_italiana_3,Bella Italia,Italiana,5.6410561,-73.5033093,2025,6,17,1,1,600,120,600,120,600,120,600,120,600,120,591,102,585,136,3355889227
complementary_plate_italiana_88,Risotto,Italiana,49000,56,3.4,rest_italiana_19,Il Forno,Italiana,5.6492636,-73.5237364,2025,8,9,5,0,600,120,600,120,600,120,600,120,600,120,542,125,633,172,
complementary_plate_italiana_89,Ossobuco Especial,Italiana,30000,56,3.8,rest_italiana_10,Il Forno,Italiana,5.6232652,-73.5342687,2024,4,1,0,0,720,1380,720,1380,720,1380,720,1380,720,1380,726,1369,677,1438,3478946770
complementary_plate_italiana_90,Lasaña Bolognesa Premium,Italiana,51500,45,3.4,rest_italiana_4,Il Forno,Italiana,5.6224141,-73.5114112,2025,1,29,2,0,600,120,600,120,600,120,600,120,600,120,645,110,593,112,3778959547
complementary_plate_italiana_91,Calzone,Italiana,41000,63,4.3,rest_italiana_11,Bella Italia,Italiana,5.6298841,-73.5282659,2024,5,11,5,0,480,1320,480,1320,480,1320,480,1320,480,1320,483,1316,459,1341,3578475590
complementary_plate_italiana_92,Pizza Margherita Premium,Italiana,43500,70,4.5,rest_italiana_18,Pasta & Vino,Italiana,5.6263818,-73.5189812,2025,12,21,6,1,480,1320,480,1320,480,1320,480,1320,480,1320,462,1293,533,1350,3602561528
complementary_plate_italiana_93,Ravioli,Italiana,52500,20,2.5,rest_italiana_16,La Trattoria,Italiana,5.6548713,-73.5120867,2025,10,14,1,1,720,1380,720,1380,720,1380,720,1380,720,1380,680,1362,661,1394,
complementary_plate_italiana_94,Bruschetta Especial,Italiana,47000,67,4.4,rest_italiana_16,Bella Italia,Italiana,5.6287686,-73.5039894,2024,10,7,0,0,600,120,600,120,600,120,600,120,600,120,649,158,596,107,3313536815
complementary_plate_italiana_95,Bruschetta,Italiana,37500,56,3.7,rest_italiana_16,La Trattoria,Italiana,5.6590346,-73.5083124,2024,10,5,5,0,720,1380,720,1380,720,1380,720,1380,720,1380,701,1434,729,1396,
complementary_plate_italiana_96,Ravioli,Italiana,70000,30,2.5,rest_italiana_10,La Trattoria,Italiana,5.6334758,-73.5129456,2024,12,20,4,0,720,1380,720,1380,720,1380,720,1380,720,1380,688,1415,676,1368,3629279887
complementary_plate_italiana_97,Fettuccine Alfredo,Italiana,38000,64,3.6,rest_italiana_19,Pasta & Vino,Italiana,5.6272847,-73.5128147,2024,3,24,6,0,720,1380,720,1380,720,1380,720,1380,720,1380,688,1382,683,1434,3436008630
complementary_plate_italiana_98,Lasaña Bolognesa,Italiana,43000,60,4.3,rest_italiana_2,La Trattoria,Italiana,5.6515879,-73.502163,2025,1,8,2,0,720,1380,720,1380,720,1380,720,1380,720,1380,701,1404,707,1434,
complementary_plate_italiana_99,Ravioli,Italiana,46500,60,3.7,rest_italiana_19,Bella Italia,Italiana,5.6463483,-73.528167,2026,1,26,0,1,720,1380,720,1380,720,1380,720,1380,720,1380,661,1368,741,1354,
complementary_plate_italiana_100,Bruschetta,Italiana,70000,37,3.6,rest_italiana_20,Il Forno,Italiana,5.6399278,-73.5399555,2024,10,30,2,0,600,120,600,120,600,120,600,120,600,120,649,134,564,170,3813588922
complementary_plate_italiana_101,Risotto,Italiana,57000,36,3.5,rest_italiana_11,Il Forno,Italiana,5.6422145,-73.5291218,2025,5,21,2,1,600,120,600,120,600,120,600,120,600,120,555,125,623,155,3153459288
complementary_plate_italiana_102,Antipasto,Italiana,67500,41,3.5,rest_italiana_1,Bella Italia,Italiana,5.6487681,-73.5312843,2024,11,27,2,0,600,120,600,120,600,120,600,120,600,120,624,102,625,133,
complementary_plate_italiana_103,Pasta Carbonara,Italiana,70000,53,4.3,rest_italiana_12,Bella Italia,Italiana,5.6291382,-73.5135266,2025,9,30,1,0,480,1320,480,1320,480,1320,480,1320,480,1320,449,1348,526,1304,3641174589
complementary_plate_italiana_104,Antipasto,Italiana,70000,34,3.4,rest_italiana_8,Il Forno,Italiana,5.6598534,-73.5146515,2025,9,14,6,0,600,120,600,120,600,120,600,120,600,120,595,160,660,100,
complementary_plate_italiana_105,Lasaña Bolognesa,Italiana,57000,50,4.3,rest_italiana_12,La Trattoria,Italiana,5.6589917,-73.5162615,2024,8,10,5,0,720,1380,720,1380,720,1380,720,1380,720,1380,753,1395,727,1426,
complementary_plate_italiana_106,Lasaña Bolognesa,Italiana,63000,37,3.0,rest_italiana_18,Il Forno,Italiana,5.646013,-73.5393503,2025,9,4,3,1,720,1380,720,1380,720,1380,720,1380,720,1380,707,1370,672,1437,
complementary_plate_italiana_107,Gnocchi de la Casa,Italiana,45000,42,2.8,rest_italiana_11,Pasta & Vino,Italiana,5.6279817,-73.5108489,2024,10,15,1,0,720,1380,720,1380,720,1380,720,1380,720,1380,695,1356,711,1387,3965198928
complementary_plate_italiana_108,Antipasto,Italiana,52500,53,5.0,rest_italiana_20,Il Forno,Italiana,5.6472091,-73.5270588,2024,5,20,0,0,420,1380,420,1380,420,1380,420,1380,420,1380,360,1359,392,1440,
complementary_plate_italiana_109,Ossobuco Premium,Italiana,70000,45,3.4,rest_italiana_14,Pasta & Vino,Italiana,5.6228879,-73.5133978,2025,8,27,2,1,480,1320,480,1320,480,1320,480,1320,480,1320,516,1342,437,1308,3853730788
complementary_plate_italiana_110,Fettuccine Alfredo,Italiana,70000,40,3.7,rest_italiana_19,Pasta & Vino,Italiana,5.6212261,-73.5177369,2025,10,3,4,0,720,1380,720,1380,720,1380,720,1380,720,1380,691,1394,669,1378,3143586949
complementary_plate_italiana_111,Risotto,Italiana,36500,48,3.8,rest_italiana_10,La Trattoria,Italiana,5.6303073,-73.5262908,2024,8,22,3,0,720,1380,720,1380,720,1380,720,1380,720,1380,716,1368,746,1385,3390886610
complementary_plate_italiana_112,Pasta Carbonara,Italiana,37500,49,2.5,rest_italiana_3,Pasta & Vino,Italiana,5.6385049,-73.5346169,2025,9,2,1,0,600,120,600,120,600,120,600,120,600,120,569,174,596,128,3440653048
complementary_plate_italiana_113,Pasta Carbonara,Italiana,43500,64,4.0,rest_italiana_6,Pasta & Vino,Italiana,5.6547309,-73.5362232,2024,6,17,0,1,420,1380,420,1380,420,1380,420,1380,420,1380,365,1398,467,1382,
complementary_plate_italiana_114,Tiramisu,Italiana,45000,62,3.6,rest_italiana_16,Bella Italia,Italiana,5.6490868,-73.5067393,2025,6,4,2,1,420,1380,420,1380,420,1380,420,1380,420,1380,388,1416,373,1361,
complementary_plate_italiana_115,Tiramisu Clásico,Italiana,47500,67,3.8,rest_italiana_9,Bella Italia,Italiana,5.6497083,-73.5032641,2024,12,4,2,0,600,120,600,120,600,120,600,120,600,120,547,171,553,125,
complementary_plate_italiana_116,Ravioli,Italiana,70000,56,4.7,rest_italiana_14,Il Forno,Italiana,5.6370197,-73.5140085,2024,6,11,1,0,480,1320,480,1320,480,1320,480,1320,480,1320,421,1302,511,1352,3756167221
complementary_plate_italiana_117,Bruschetta de la Casa,Italiana,70000,32,3.7,rest_italiana_20,Pasta & Vino,Italiana,5.6338374,-73.5358626,2025,12,25,3,0,480,1320,480,1320,480,1320,480,1320,480,1320,519,1380,482,1361,3326182694
complementary_plate_italiana_118,Risotto,Italiana,70000,52,4.0,rest_italiana_2,Pasta & Vino,Italiana,5.6348416,-73.5239189,2024,12,30,0,0,480,1320,480,1320,480,1320,480,1320,480,1320,493,1302,435,1320,3883070279
complementary_plate_italiana_119,Pizza Margherita de la Casa,Italiana,42000,48,3.2,rest_italiana_19,La Trattoria,Italiana,5.659506,-73.5108424,2025,6,30,0,0,600,120,600,120,600,120,600,120,600,120,649,148,613,156,
complementary_plate_italiana_120,Gnocchi de la Casa,Italiana,47000,58,4.4,rest_italiana_12,Bella Italia,Italiana,5.6216044,-73.5088072,2025,2,4,1,0,480,1320,480,1320,480,1320,480,1320,480,1320,500,1332,432,1327,3794355615
complementary_plate_italiana_1,Risotto,Italiana,112500,36,3.0,rest_italiana_7,Bella Italia,Italiana,5.6546813,-73.5352713,2025,8,26,1,0,720,1380,720,1380,720,1380,720,1380,720,1380,695,1407,760,1356,
complementary_plate_italiana_2,Ossobuco Clásico,Italiana,134000,56,4.9,rest_italiana_18,Bella Italia,Italiana,5.643147,-73.5399988,2024,5,16,3,0,600,120,600,120,600,120,600,120,600,120,636,134,639,112,3706550501
complementary_plate_italiana_3,Calzone,Italiana,102500,39,4.4,rest_italiana_6,Pasta & Vino,Italiana,5.6375446,-73.5115145,2024,4,23,1,1,420,1380,420,1380,420,1380,420,1380,420,1380,466,1389,372,1361,3665447870
complementary_plate_italiana_4,Risotto Clásico,Italiana,123500,38,3.7,rest_italiana_11,Il Forno,Italiana,5.6490103,-73.5257362,2025,8,18,0,0,720,1380,720,1380,720,1380,720,1380,720,1380,693,1440,722,1394,
complementary_plate_italiana_5,Tiramisu,Italiana,150000,43,3.9,rest_italiana_18,Bella Italia,Italiana,5.6394668,-73.5298207,2024,7,13,5,0,480,1320,480,1320,480,1320,480,1320,480,1320,444,1364,459,1354,3549697911
complementary_plate_italiana_6,Pasta Carbonara,Italiana,134500,59,4.5,rest_italiana_5,Pasta & Vino,Italiana,5.6549369,-73.5394841,2025,5,13,1,0,600,120,600,120,600,120,600,120,600,120,619,179,549,115,
complementary_plate_italiana_7,Pasta Carbonara Clásico,Italiana,141500,47,4.0,rest_italiana_8,La Trattoria,Italiana,5.6560281,-73.518388,2025,3,12,2,1,420,1380,420,1380,420,1380,420,1380,420,1380,410,1367,477,1399,
complementary_plate_italiana_8,Fettuccine Alfredo,Italiana,76500,38,4.2,rest_italiana_8,Il Forno,Italiana,5.6368688,-73.505954,2024,2,26,0,0,480,1320,480,1320,480,1320,480,1320,480,1320,451,1360,439,1375,3223021021
complementary_plate_italiana_9,Lasaña Bolognesa,Italiana,70000,60,4.6,rest_italiana_20,Il Forno,Italiana,5.6310731,-73.5016947,2026,1,16,4,1,720,1380,720,1380,720,1380,720,1380,720,1380,716,1432,763,1377,3547796674
complementary_plate_italiana_10,Ravioli,Italiana,70000,38,3.8,rest_italiana_19,Pasta & Vino,Italiana,5.643694,-73.5173702,2024,5,5,6,1,600,120,600,120,600,120,600,120,600,120,593,161,610,162,3885282284
complementary_plate_italiana_11,Gnocchi,Italiana,150000,48,3.5,rest_italiana_18,Il Forno,Italiana,5.6564945,-73.5194215,2025,3,16,6,0,420,1380,420,1380,420,1380,420,1380,420,1380,450,1396,462,1383,
complementary_plate_italiana_12,Ravioli del Chef,Italiana,92000,48,5.0,rest_italiana_17,Il Forno,Italiana,5.6284265,-73.5365977,2025,10,31,4,1,480,1320,480,1320,480,1320,480,1320,480,1320,508,1307,461,1379,3425176033
complementary_plate_italiana_13,Tiramisu del Chef,Italiana,150000,33,3.5,rest_italiana_9,Il Forno,Italiana,5.6449187,-73.5180451,2024,10,18,4,0,420,1380,420,1380,420,1380,420,1380,420,1380,373,1427,389,1394,
complementary_plate_italiana_14,Gnocchi,Italiana,70000,57,4.6,rest_italiana_18,Il Forno,Italiana,5.6452624,-73.5248008,2026,1,15,3,1,600,120,600,120,600,120,600,120,600,120,619,146,603,165,
complementary_plate_italiana_15,Lasaña Bolognesa,Italiana,120500,30,3.5,rest_italiana_9,Bella Italia,Italiana,5.6493245,-73.5157146,2025,12,2,1,0,480,1320,480,1320,480,1320,480,1320,480,1320,534,1334,481,1380,
complementary_plate_italiana_16,Tiramisu Premium,Italiana,79500,52,3.9,rest_italiana_15,Pasta & Vino,Italiana,5.6252627,-73.5244509,2025,7,1,1,0,480,1320,480,1320,480,1320,480,1320,480,1320,511,1366,482,1345,3860740860
complementary_plate_italiana_17,Gnocchi,Italiana,139000,47,4.6,rest_italiana_20,Bella Italia,Italiana,5.648633,-73.530388,2026,1,31,5,0,420,1380,420,1380,420,1380,420,1380,420,1380,402,1379,432,1415,
complementary_plate_italiana_18,Bruschetta,Italiana,93000,43,2.9,rest_italiana_7,Pasta & Vino,Italiana,5.6563613,-73.5362014,2025,8,25,0,0,420,1380,420,1380,420,1380,420,1380,420,1380,435,1365,459,1359,
complementary_plate_italiana_19,Ossobuco Clásico,Italiana,93500,35,3.3,rest_italiana_13,La Trattoria,Italiana,5.6271873,-73.5274033,2025,11,2,6,1,720,1380,720,1380,720,1380,720,1380,720,1380,766,1373,663,1433,3406061383
complementary_plate_italiana_20,Risotto,Italiana,125500,45,3.8,rest_italiana_6,Bella Italia,Italiana,5.6295017,-73.5361342,2025,2,8,5,1,600,120,600,120,600,120,600,120,600,120,588,179,600,107,3620419133
complementary_plate_italiana_21,Gnocchi,Italiana,106500,52,4.2,rest_italiana_3,Bella Italia,Italiana,5.6588558,-73.5329241,2024,4,15,0,0,420,1380,420,1380,420,1380,420,1380,420,1380,423,1361,383,1383,
complementary_plate_italiana_22,Pizza Margherita Especial,Italiana,132000,33,3.6,rest_italiana_12,La Trattoria,Italiana,5.6272391,-73.5005066,2024,3,9,5,0,600,120,600,120,600,120,600,120,600,120,636,102,607,122,3253085957
complementary_plate_italiana_23,Risotto,Italiana,150000,42,4.3,rest_italiana_19,La Trattoria,Italiana,5.6541754,-73.5222359,2024,7,5,4,0,720,1380,720,1380,720,1380,720,1380,720,1380,660,1417,661,1350,
complementary_plate_italiana_24,Ossobuco,Italiana,105500,37,3.9,rest_italiana_4,Il Forno,Italiana,5.6396911,-73.5187251,2025,2,18,1,0,480,1320,480,1320,480,1320,480,1320,480,1320,442,1314,501,1369,3112019231
complementary_plate_italiana_25,Tiramisu Premium,Italiana,126000,40,3.6,rest_italiana_1,Il Forno,Italiana,5.6298892,-73.5050553,2024,11,8,4,0,420,1380,420,1380,420,1380,420,1380,420,1380,433,1372,474,1406,3305008482
complementary_plate_italiana_26,Pasta Carbonara,Italiana,148500,35,3.5,rest_italiana_17,Il Forno,Italiana,5.65483,-73.5001772,2024,6,12,2,0,480,1320,480,1320,480,1320,480,1320,480,1320,523,1329,539,1327,
complementary_plate_italiana_27,Bruschetta de la Casa,Italiana,100000,34,2.5,rest_italiana_4,Pasta & Vino,Italiana,5.6378122,-73.5166914,2024,11,5,1,0,480,1320,480,1320,480,1320,480,1320,480,1320,483,1314,497,1309,3604189314
complementary_plate_italiana_28,Ossobuco,Italiana,86500,56,4.9,rest_italiana_12,Pasta & Vino,Italiana,5.6405927,-73.507501,2025,12,26,4,0,420,1380,420,1380,420,1380,420,1380,420,1380,391,1396,378,1380,3718411775
complementary_plate_italiana_29,Pasta Carbonara Especial,Italiana,91000,34,3.9,rest_italiana_19,Bella Italia,Italiana,5.6343693,-73.5269224,2024,8,16,4,1,600,120,600,120,600,120,600,120,600,120,643,174,630,165,3473736122
complementary_plate_italiana_30,Ravioli,Italiana,112500,48,4.2,rest_italiana_14,Pasta & Vino,Italiana,5.643718,-73.5277702,2024,12,20,4,1,720,1380,720,1380,720,1380,720,1380,720,1380,696,1391,677,1407,3475725131
complementary_plate_italiana_31,Risotto,Italiana,109500,36,3.2,rest_italiana_16,Pasta & Vino,Italiana,5.626541,-73.5238919,2025,3,30,6,0,480,1320,480,1320,480,1320,480,1320,480,1320,482,1293,482,1303,3343889328
complementary_plate_italiana_32,Fettuccine Alfredo del Chef,Italiana,70000,33,3.7,rest_italiana_11,Il Forno,Italiana,5.6356433,-73.5130997,2024,4,21,6,0,480,1320,480,1320,480,1320,480,1320,480,1320,487,1295,444,1301,3508540958
complementary_plate_italiana_33,Risotto Especial,Italiana,84500,40,2.9,rest_italiana_17,Pasta & Vino,Italiana,5.6587765,-73.5127123,2024,9,4,2,0,480,1320,480,1320,480,1320,480,1320,480,1320,426,1328,469,1314,
complementary_plate_italiana_34,Pasta Carbonara,Italiana,94000,41,4.3,rest_italiana_11,Il Forno,Italiana,5.6303253,-73.5273904,2025,6,25,2,0,420,1380,420,1380,420,1380,420,1380,420,1380,447,1439,365,1377,3297252350
complementary_plate_italiana_35,Bruschetta,Italiana,150000,41,3.6,rest_italiana_4,Pasta & Vino,Italiana,5.6462695,-73.5346716,2025,7,11,4,0,720,1380,720,1380,720,1380,720,1380,720,1380,723,1376,733,1431,
complementary_plate_italiana_36,Lasaña Bolognesa Premium,Italiana,88500,53,5.0,rest_italiana_2,Bella Italia,Italiana,5.6330076,-73.5147041,2024,12,22,6,0,480,1320,480,1320,480,1320,480,1320,480,1320,535,1320,504,1332,3852148157
complementary_plate_italiana_37,Fettuccine Alfredo de la Casa,Italiana,150000,50,3.7,rest_italiana_9,Bella Italia,Italiana,5.6509389,-73.534867,2025,7,12,5,1,720,1380,720,1380,720,1380,720,1380,720,1380,736,1381,739,1435,
complementary_plate_italiana_38,Ravioli de la Casa,Italiana,87000,50,4.2,rest_italiana_1,Bella Italia,Italiana,5.6252349,-73.5168603,2024,6,2,6,1,480,1320,480,1320,480,1320,480,1320,480,1320,473,1342,468,1325,3208393598
complementary_plate_italiana_39,Tiramisu,Italiana,111000,42,3.1,rest_italiana_6,La Trattoria,Italiana,5.6587928,-73.5122631,2025,10,11,5,1,480,1320,480,1320,480,1320,480,1320,480,1320,509,1347,436,1374,
complementary_plate_italiana_40,Tiramisu,Italiana,70000,30,2.5,rest_italiana_18,Pasta & Vino,Italiana,5.6381516,-73.5119755,2025,4,21,0,0,480,1320,480,1320,480,1320,480,1320,480,1320,443,1358,461,1311,3186217428
complementary_plate_italiana_41,Pasta Carbonara,Italiana,117500,46,3.5,rest_italiana_18,Il Forno,Italiana,5.629442,-73.5098611,2025,11,10,0,1,420,1380,420,1380,420,1380,420,1380,420,1380,469,1422,393,1363,3632884217
complementary_plate_italiana_42,Ossobuco,Italiana,123000,37,4.2,rest_italiana_13,Il Forno,Italiana,5.6229399,-73.5050856,2025,12,30,1,0,720,1380,720,1380,720,1380,720,1380,720,1380,676,1416,664,1410,3194287443
complementary_plate_italiana_43,Ravioli,Italiana,132500,36,3.3,rest_italiana_5,Bella Italia,Italiana,5.6267903,-73.5200016,2024,11,15,4,1,480,1320,480,1320,480,1320,480,1320,480,1320,517,1378,523,1298,3481964670
complementary_plate_italiana_44,Ravioli Especial,Italiana,120000,48,4.2,rest_italiana_11,La Trattoria,Italiana,5.640791,-73.51079,2025,9,3,2,0,480,1320,480,1320,480,1320,480,1320,480,1320,504,1354,518,1314,3156896917
complementary_plate_italiana_45,Pizza Margherita,Italiana,80500,30,3.3,rest_italiana_17,Il Forno,Italiana,5.6334801,-73.5152331,2025,4,14,0,0,720,1380,720,1380,720,1380,720,1380,720,1380,704,1409,685,1432,3107199107
complementary_plate_italiana_46,Calzone Especial,Italiana,150000,47,4.5,rest_italiana_8,Pasta & Vino,Italiana,5.6531553,-73.5325344,2025,11,27,3,0,720,1380,720,1380,720,1380,720,1380,720,1380,683,1430,684,1392,
complementary_plate_italiana_47,Pasta Carbonara,Italiana,150000,40,4.5,rest_italiana_18,Pasta & Vino,Italiana,5.6372355,-73.5389724,2024,8,25,6,0,720,1380,720,1380,720,1380,720,1380,720,1380,678,1420,700,1357,3630333228
complementary_plate_italiana_48,Lasaña Bolognesa Premium,Italiana,150000,43,3.3,rest_italiana_1,La Trattoria,Italiana,5.6299486,-73.5286183,2025,1,12,6,0,720,1380,720,1380,720,1380,720,1380,720,1380,752,1391,707,1354,3618269566
complementary_plate_italiana_49,Calzone,Italiana,102500,50,3.7,rest_italiana_16,La Trattoria,Italiana,5.6446858,-73.5222787,2026,1,17,5,1,600,120,600,120,600,120,600,120,600,120,638,162,555,118,
complementary_plate_italiana_50,Tiramisu,Italiana,78500,55,4.4,rest_italiana_9,Pasta & Vino,Italiana,5.6482711,-73.5153158,2024,5,20,0,0,420,1380,420,1380,420,1380,420,1380,420,1380,447,1428,409,1407,
complementary_plate_asiática_1,Arroz Frito,Asiática,12000,64,3.1,rest_asiática_6,Asian Fusion,Asiática,5.6266817,-73.5060016,2024,4,25,3,1,600,120,600,120,600,120,600,120,600,120,601,109,598,158,3329842864
complementary_plate_asiática_2,Dumplings Premium,Asiática,16000,73,3.7,rest_asiática_14,Wok Express,Asiática,5.6267048,-73.5321502,2024,10,24,3,0,420,1380,420,1380,420,1380,420,1380,420,1380,472,1370,407,1352,3646873619
complementary_plate_asiática_3,Dumplings,Asiática,23000,64,3.5,rest_asiática_15,Orient Taste,Asiática,5.6214669,-73.534978,2024,10,23,2,1,600,120,600,120,600,120,600,120,600,120,556,170,585,116,3643443443
complementary_plate_asiática_4,Yakisoba,Asiática,14000,76,4.2,rest_asiática_7,Sushi Bar,Asiática,5.6494561,-73.5014608,2025,5,31,5,0,600,120,600,120,600,120,600,120,600,120,599,136,583,131,
complementary_plate_asiática_5,Arroz Frito del Chef,Asiática,19500,75,3.1,rest_asiática_10,Orient Taste,Asiática,5.6465522,-73.5356782,2025,1,19,6,0,720,1380,720,1380,720,1380,720,1380,720,1380,771,1434,760,1429,
complementary_plate_asiática_6,Yakisoba,Asiática,25000,72,4.5,rest_asiática_7,Orient Taste,Asiática,5.6389852,-73.5208604,2025,12,16,1,0,600,120,600,120,600,120,600,120,600,120,558,150,553,159,3166014115
complementary_plate_asiática_7,Poke Bowl,Asiática,25000,46,3.6,rest_asiática_7,Orient Taste,Asiática,5.6537668,-73.5165775,2026,1,13,1,1,420,1380,420,1380,420,1380,420,1380,420,1380,430,1370,444,1399,
complementary_plate_asiática_8,Yakisoba,Asiática,15000,65,3.2,rest_asiática_14,Sushi Bar,Asiática,5.6522268,-73.518345,2025,9,5,4,0,720,1380,720,1380,720,1380,720,1380,720,1380,694,1437,732,1369,
complementary_plate_asiática_9,Arroz Frito,Asiática,21500,55,4.2,rest_asiática_4,Wok Express,Asiática,5.6434142,-73.5365587,2024,3,16,5,0,600,120,600,120,600,120,600,120,600,120,571,106,637,152,3534733966
complementary_plate_asiática_10,Arroz Frito Clásico,Asiática,12000,78,4.6,rest_asiática_5,Asian Fusion,Asiática,5.6547309,-73.5377189,2025,7,14,0,0,480,1320,480,1320,480,1320,480,1320,480,1320,422,1291,537,1296,
complementary_plate_asiática_11,Arroz Frito,Asiática,17000,67,3.5,rest_asiática_11,Orient Taste,Asiática,5.6282336,-73.5357807,2024,10,8,1,0,420,1380,420,1380,420,1380,420,1380,420,1380,467,1358,406,1429,3502767120
complementary_plate_asiática_12,Pad Thai Premium,Asiática,17500,71,2.8,rest_asiática_4,Sushi Bar,Asiática,5.6244768,-73.5165765,2024,12,8,6,1,420,1380,420,1380,420,1380,420,1380,420,1380,398,1362,462,1421,3288759959
complementary_plate_asiática_13,Tom Yum Premium,Asiática,19000,78,4.3,rest_asiática_5,Wok Express,Asiática,5.63079,-73.5182262,2024,3,29,4,1,720,1380,720,1380,720,1380,720,1380,720,1380,731,1420,740,1410,3833321201
complementary_plate_asiática_14,Tempura,Asiática,12000,78,4.4,rest_asiática_19,Sushi Bar,Asiática,5.6222835,-73.5306504,2026,1,17,5,0,480,1320,480,1320,480,1320,480,1320,480,1320,516,1295,437,1338,3952563674
complementary_plate_asiática_15,Sushi Roll del Chef,Asiática,12000,82,4.0,rest_asiática_3,Asian Fusion,Asiática,5.6412468,-73.514489,2025,2,24,0,0,600,120,600,120,600,120,600,120,600,120,614,163,563,147,3272052588
complementary_plate_asiática_16,Yakisoba,Asiática,17500,85,3.8,rest_asiática_7,Sushi Bar,Asiática,5.6574642,-73.5071973,2025,10,16,3,0,480,1320,480,1320,480,1320,480,1320,480,1320,442,1307,499,1328,
complementary_plate_asiática_17,Tempura,Asiática,20000,57,3.5,rest_asiática_12,Orient Taste,Asiática,5.6215737,-73.5383368,2025,8,17,6,0,420,1380,420,1380,420,1380,420,1380,420,1380,451,1360,405,1427,3278073261
complementary_plate_asiática_18,Tempura,Asiática,19000,77,4.1,rest_asiática_8,Sushi Bar,Asiática,5.6248844,-73.5200748,2025,12,15,0,0,720,1380,720,1380,720,1380,720,1380,720,1380,725,1385,726,1353,3572195399
complementary_plate_asiática_19,Wok de Vegetales de la Casa,Asiática,23500,54,2.7,rest_asiática_18,Wok Express,Asiática,5.638088,-73.5124276,2025,3,3,0,0,420,1380,420,1380,420,1380,420,1380,420,1380,417,1405,403,1355,3991381511
complementary_plate_asiática_20,Sushi Roll,Asiática,25000,55,3.8,rest_asiática_13,Sushi Bar,Asiática,5.657355,-73.5299075,2024,10,13,6,1,720,1380,720,1380,720,1380,720,1380,720,1380,771,1429,661,1423,
complementary_plate_asiática_21,Dumplings,Asiática,15500,72,4.2,rest_asiática_11,Orient Taste,Asiática,5.6326462,-73.5276892,2024,12,17,1,0,480,1320,480,1320,480,1320,480,1320,480,1320,508,1376,454,1379,3253814126
complementary_plate_asiática_22,Tempura,Asiática,22500,68,3.9,rest_asiática_3,Wok Express,Asiática,5.6402894,-73.5154545,2024,11,3,6,0,420,1380,420,1380,420,1380,420,1380,420,1380,452,1383,430,1374,3780471226
complementary_plate_asiática_23,Curry Tailandés,Asiática,12000,76,3.7,rest_asiática_5,Asian Fusion,Asiática,5.6216629,-73.5040826,2025,12,2,1,0,480,1320,480,1320,480,1320,480,1320,480,1320,422,1306,523,1303,3486323212
complementary_plate_asiática_24,Tom Yum del Chef,Asiática,17500,73,3.5,rest_asiática_19,Wok Express,Asiática,5.6259337,-73.507603,2025,8,31,6,1,480,1320,480,1320,480,1320,480,1320,480,1320,530,1299,421,1291,3127639012
complementary_plate_asiática_25,Ramen,Asiática,14000,82,4.4,rest_asiática_3,Sushi Bar,Asiática,5.6594652,-73.5166748,2025,7,17,3,0,420,1380,420,1380,420,1380,420,1380,420,1380,460,1435,373,1428,
complementary_plate_asiática_26,Yakisoba,Asiática,18500,65,2.9,rest_asiática_13,Wok Express,Asiática,5.6586047,-73.5107911,2025,11,17,0,0,480,1320,480,1320,480,1320,480,1320,480,1320,511,1301,420,1345,
complementary_plate_asiática_27,Bibimbap de la Casa,Asiática,16000,73,4.3,rest_asiática_19,Asian Fusion,Asiática,5.6201976,-73.5254071,2024,3,16,5,0,720,1380,720,1380,720,1380,720,1380,720,1380,720,1375,750,1413,3969680828
complementary_plate_asiática_28,Pad Thai Clásico,Asiática,23000,47,3.5,rest_asiática_19,Sushi Bar,Asiática,5.6580725,-73.5143614,2024,7,31,2,0,600,120,600,120,600,120,600,120,600,120,563,154,540,100,
complementary_plate_asiática_29,Arroz Frito Premium,Asiática,25000,64,3.8,rest_asiática_19,Sushi Bar,Asiática,5.6455648,-73.5213527,2024,12,29,6,0,480,1320,480,1320,480,1320,480,1320,480,1320,509,1299,444,1313,
complementary_plate_asiática_30,Dumplings,Asiática,18500,73,3.0,rest_asiática_17,Asian Fusion,Asiática,5.6547167,-73.5324026,2025,6,5,3,0,600,120,600,120,600,120,600,120,600,120,604,171,576,117,
complementary_plate_asiática_31,Ramen,Asiática,18500,90,4.9,rest_asiática_14,Wok Express,Asiática,5.6381896,-73.5119305,2024,5,13,0,0,420,1380,420,1380,420,1380,420,1380,420,1380,396,1370,368,1357,3873030609
complementary_plate_asiática_32,Bibimbap Clásico,Asiática,24500,44,3.3,rest_asiática_9,Wok Express,Asiática,5.6406238,-73.5177414,2024,7,4,3,0,600,120,600,120,600,120,600,120,600,120,541,176,551,130,3155500286
complementary_plate_asiática_33,Wok de Vegetales Clásico,Asiática,21000,47,3.4,rest_asiática_19,Sushi Bar,Asiática,5.6395539,-73.5256551,2025,6,18,2,0,600,120,600,120,600,120,600,120,600,120,585,151,587,153,3516228240
complementary_plate_asiática_34,Tempura,Asiática,20000,66,4.1,rest_asiática_15,Orient Taste,Asiática,5.6466746,-73.5035464,2024,10,20,6,1,480,1320,480,1320,480,1320,480,1320,480,1320,508,1335,472,1349,
complementary_plate_asiática_35,Pad Thai de la Casa,Asiática,25000,65,4.4,rest_asiática_12,Sushi Bar,Asiática,5.6255861,-73.5391626,2024,12,24,1,0,720,1380,720,1380,720,1380,720,1380,720,1380,678,1399,713,1353,3895308044
complementary_plate_asiática_36,Pad Thai,Asiática,19500,78,4.8,rest_asiática_4,Sushi Bar,Asiática,5.6211989,-73.5273691,2025,6,29,6,0,600,120,600,120,600,120,600,120,600,120,641,174,655,112,3183532383
complementary_plate_asiática_37,Curry Tailandés,Asiática,16000,79,4.5,rest_asiática_10,Orient Taste,Asiática,5.6323172,-73.5377247,2025,8,28,3,0,600,120,600,120,600,120,600,120,600,120,600,109,574,133,3640328433
complementary_plate_asiática_38,Dumplings,Asiática,15000,88,4.4,rest_asiática_2,Sushi Bar,Asiática,5.6481872,-73.5093389,2024,9,25,2,0,720,1380,720,1380,720,1380,720,1380,720,1380,684,1412,737,1413,
complementary_plate_asiática_39,Bibimbap,Asiática,21500,46,3.1,rest_asiática_16,Sushi Bar,Asiática,5.6280741,-73.5119157,2024,8,24,5,0,480,1320,480,1320,480,1320,480,1320,480,1320,428,1331,510,1351,3993876461
complementary_plate_asiática_40,Pad Thai,Asiática,22500,51,3.6,rest_asiática_20,Asian Fusion,Asiática,5.6469373,-73.5267459,2024,3,8,4,1,600,120,600,120,600,120,600,120,600,120,602,91,579,170,
complementary_plate_asiática_41,Arroz Frito Premium,Asiática,16000,73,3.9,rest_asiática_16,Asian Fusion,Asiática,5.6587965,-73.5129735,2024,7,8,0,0,480,1320,480,1320,480,1320,480,1320,480,1320,496,1306,487,1326,
complementary_plate_asiática_42,Curry Tailandés Premium,Asiática,19500,83,4.5,rest_asiática_16,Asian Fusion,Asiática,5.623756,-73.5241625,2024,4,28,6,0,480,1320,480,1320,480,1320,480,1320,480,1320,477,1337,473,1321,3849040810
complementary_plate_asiática_43,Pad Thai del Chef,Asiática,13500,85,4.7,rest_asiática_19,Sushi Bar,Asiática,5.6469041,-73.5097498,2024,2,12,0,0,420,1380,420,1380,420,1380,420,1380,420,1380,433,1392,449,1374,
complementary_plate_asiática_44,Arroz Frito,Asiática,18000,94,4.8,rest_asiática_5,Wok Express,Asiática,5.63775,-73.5218327,2025,1,9,3,0,720,1380,720,1380,720,1380,720,1380,720,1380,722,1422,720,1352,3155376477
complementary_plate_asiática_45,Tom Yum,Asiática,19500,71,3.2,rest_asiática_7,Orient Taste,Asiática,5.6547257,-73.5235088,2025,1,4,5,0,480,1320,480,1320,480,1320,480,1320,480,1320,487,1352,479,1367,
complementary_plate_asiática_46,Curry Tailandés,Asiática,12000,81,3.5,rest_asiática_20,Asian Fusion,Asiática,5.627086,-73.5026108,2025,2,7,4,1,720,1380,720,1380,720,1380,720,1380,720,1380,706,1357,720,1381,3295217007
complementary_plate_asiática_47,Arroz Frito,Asiática,24000,55,2.8,rest_asiática_7,Sushi Bar,Asiática,5.647705,-73.5299648,2024,4,16,1,0,720,1380,720,1380,720,1380,720,1380,720,1380,760,1384,700,1412,
complementary_plate_asiática_48,Poke Bowl Clásico,Asiática,22000,68,4.2,rest_asiática_14,Sushi Bar,Asiática,5.6535246,-73.5351821,2025,1,17,4,0,420,1380,420,1380,420,1380,420,1380,420,1380,453,1357,454,1374,
complementary_plate_asiática_49,Sushi Roll,Asiática,14500,77,4.1,rest_asiática_12,Orient Taste,Asiática,5.6577846,-73.5166183,2025,11,18,1,1,420,1380,420,1380,420,1380,420,1380,420,1380,393,1376,378,1387,
complementary_plate_asiática_50,Pad Thai,Asiática,13500,66,3.1,rest_asiática_9,Asian Fusion,Asiática,5.6473299,-73.5012271,2025,10,19,6,1,720,1380,720,1380,720,1380,720,1380,720,1380,717,1430,708,1421,
complementary_plate_asiática_51,Wok de Vegetales,Asiática,23000,64,4.0,rest_asiática_1,Sushi Bar,Asiática,5.639887,-73.5248864,2025,3,13,3,0,420,1380,420,1380,420,1380,420,1380,420,1380,385,1440,437,1408,3830284174
complementary_plate_asiática_52,Arroz Frito,Asiática,18500,79,4.0,rest_asiática_1,Orient Taste,Asiática,5.6447139,-73.5375185,2024,7,23,1,1,480,1320,480,1320,480,1320,480,1320,480,1320,531,1331,490,1351,
complementary_plate_asiática_53,Sushi Roll,Asiática,19000,74,4.2,rest_asiática_19,Asian Fusion,Asiática,5.6547562,-73.5264278,2024,7,7,6,0,420,1380,420,1380,420,1380,420,1380,420,1380,410,1372,401,1428,
complementary_plate_asiática_54,Ramen,Asiática,12000,78,3.8,rest_asiática_6,Wok Express,Asiática,5.6428244,-73.5197627,2024,8,20,1,0,480,1320,480,1320,480,1320,480,1320,480,1320,512,1306,483,1298,3201158251
complementary_plate_asiática_55,Ramen,Asiática,16500,74,4.1,rest_asiática_13,Wok Express,Asiática,5.6212155,-73.5335231,2024,9,20,4,0,480,1320,480,1320,480,1320,480,1320,480,1320,516,1336,465,1333,3105478878
complementary_plate_asiática_56,Poke Bowl Premium,Asiática,25000,62,3.7,rest_asiática_4,Orient Taste,Asiática,5.6572379,-73.5136759,2025,8,28,3,0,600,120,600,120,600,120,600,120,600,120,622,140,628,109,
complementary_plate_asiática_57,Poke Bowl,Asiática,12500,79,4.6,rest_asiática_2,Sushi Bar,Asiática,5.6475811,-73.50009,2024,10,4,4,0,720,1380,720,1380,720,1380,720,1380,720,1380,690,1357,742,1437,
complementary_plate_asiática_58,Poke Bowl,Asiática,18500,75,3.7,rest_asiática_13,Orient Taste,Asiática,5.6470605,-73.5219304,2024,4,28,6,0,720,1380,720,1380,720,1380,720,1380,720,1380,757,1379,679,1367,
complementary_plate_asiática_59,Dumplings,Asiática,17000,74,2.9,rest_asiática_19,Wok Express,Asiática,5.628627,-73.5258109,2025,7,17,3,0,420,1380,420,1380,420,1380,420,1380,420,1380,423,1353,445,1439,3249943987
complementary_plate_asiática_60,Arroz Frito del Chef,Asiática,14500,83,4.1,rest_asiática_6,Asian Fusion,Asiática,5.6463554,-73.5239718,2024,9,3,1,1,720,1380,720,1380,720,1380,720,1380,720,1380,689,1424,722,1350,
complementary_plate_asiática_61,Tom Yum,Asiática,23000,54,3.9,rest_asiática_12,Asian Fusion,Asiática,5.6357546,-73.5353942,2024,7,17,2,1,720,1380,720,1380,720,1380,720,1380,720,1380,679,1418,660,1430,3319730336
complementary_plate_asiática_62,Wok de Vegetales,Asiática,19000,79,4.2,rest_asiática_13,Asian Fusion,Asiática,5.6460493,-73.5046691,2025,5,16,4,0,720,1380,720,1380,720,1380,720,1380,720,1380,766,1375,756,1427,
complementary_plate_asiática_63,Yakisoba,Asiática,12000,66,3.1,rest_asiática_6,Orient Taste,Asiática,5.6242637,-73.523407,2025,7,12,5,0,420,1380,420,1380,420,1380,420,1380,420,1380,417,1353,417,1427,3908220979
complementary_plate_asiática_64,Curry Tailandés Clásico,Asiática,22000,73,4.8,rest_asiática_10,Sushi Bar,Asiática,5.6463138,-73.524509,2024,6,9,6,0,480,1320,480,1320,480,1320,480,1320,480,1320,469,1303,515,1316,
complementary_plate_asiática_65,Bibimbap Clásico,Asiática,14000,74,2.5,rest_asiática_1,Sushi Bar,Asiática,5.6599765,-73.5136124,2024,9,1,6,0,600,120,600,120,600,120,600,120,600,120,546,172,620,119,
complementary_plate_asiática_66,Curry Tailandés,Asiática,14000,79,4.1,rest_asiática_15,Orient Taste,Asiática,5.6219285,-73.5223187,2025,3,8,5,1,480,1320,480,1320,480,1320,480,1320,480,1320,447,1313,530,1332,3790113536
complementary_plate_asiática_67,Bibimbap,Asiática,25000,66,4.3,rest_asiática_20,Sushi Bar,Asiática,5.659087,-73.5140707,2025,11,19,2,0,720,1380,720,1380,720,1380,720,1380,720,1380,777,1412,721,1421,
complementary_plate_asiática_68,Sushi Roll Especial,Asiática,18000,83,3.9,rest_asiática_13,Asian Fusion,Asiática,5.6362763,-73.5375421,2024,11,8,4,0,480,1320,480,1320,480,1320,480,1320,480,1320,529,1293,499,1296,3207252450
complementary_plate_asiática_69,Curry Tailandés Clásico,Asiática,18500,88,4.0,rest_asiática_14,Wok Express,Asiática,5.6548301,-73.5074511,2025,4,26,5,0,480,1320,480,1320,480,1320,480,1320,480,1320,426,1337,447,1372,
complementary_plate_asiática_70,Wok de Vegetales,Asiática,25000,48,3.8,rest_asiática_4,Orient Taste,Asiática,5.6512954,-73.5023798,2025,7,12,5,0,420,1380,420,1380,420,1380,420,1380,420,1380,458,1354,475,1365,
complementary_plate_asiática_71,Tom Yum,Asiática,23000,47,3.3,rest_asiática_1,Asian Fusion,Asiática,5.6426807,-73.5140494,2025,5,6,1,1,600,120,600,120,600,120,600,120,600,120,562,91,554,101,3469397535
complementary_plate_asiática_72,Ramen,Asiática,12000,82,4.5,rest_asiática_2,Orient Taste,Asiática,5.649538,-73.5018174,2026,1,7,2,1,480,1320,480,1320,480,1320,480,1320,480,1320,513,1378,439,1317,
complementary_plate_asiática_73,Sushi Roll,Asiática,13500,80,3.2,rest_asiática_3,Wok Express,Asiática,5.6551406,-73.5339427,2024,4,5,4,0,600,120,600,120,600,120,600,120,600,120,646,149,592,112,
complementary_plate_asiática_74,Sushi Roll,Asiática,14000,78,4.8,rest_asiática_15,Sushi Bar,Asiática,5.6361656,-73.5209034,2025,6,11,2,0,420,1380,420,1380,420,1380,420,1380,420,1380,452,1411,385,1384,3579288269
complementary_plate_asiática_75,Poke Bowl de la Casa,Asiática,14500,78,3.3,rest_asiática_10,Sushi Bar,Asiática,5.6330813,-73.5159277,2025,12,20,5,0,480,1320,480,1320,480,1320,480,1320,480,1320,531,1362,526,1345,3808523000
complementary_plate_asiática_76,Poke Bowl,Asiática,13000,79,4.5,rest_asiática_18,Asian Fusion,Asiática,5.6467037,-73.5167305,2024,7,22,0,0,480,1320,480,1320,480,1320,480,1320,480,1320,496,1337,478,1350,
complementary_plate_asiática_77,Pad Thai,Asiática,16000,74,4.2,rest_asiática_12,Asian Fusion,Asiática,5.6523138,-73.5239415,2024,10,16,2,0,420,1380,420,1380,420,1380,420,1380,420,1380,454,1431,404,1402,
complementary_plate_asiática_78,Yakisoba,Asiática,16500,84,5.0,rest_asiática_3,Asian Fusion,Asiática,5.6504914,-73.5264766,2024,11,21,3,0,720,1380,720,1380,720,1380,720,1380,720,1380,764,1436,756,1413,
complementary_plate_asiática_79,Tempura Premium,Asiática,15500,86,3.9,rest_asiática_17,Wok Express,Asiática,5.6519125,-73.534927,2025,2,20,3,0,720,1380,720,1380,720,1380,720,1380,720,1380,702,1395,742,1409,
complementary_plate_asiática_80,Bibimbap,Asiática,16500,89,4.8,rest_asiática_13,Sushi Bar,Asiática,5.6374233,-73.5243303,2024,2,28,2,0,420,1380,420,1380,420,1380,420,1380,420,1380,429,1430,466,1370,3845159869
complementary_plate_asiática_81,Sushi Roll,Asiática,14000,88,3.9,rest_asiática_18,Wok Express,Asiática,5.6527134,-73.5334936,2025,5,22,3,0,600,120,600,120,600,120,600,120,600,120,652,104,604,159,
complementary_plate_asiática_82,Tempura,Asiática,25000,58,3.2,rest_asiática_13,Asian Fusion,Asiática,5.6248084,-73.5106254,2024,7,25,3,1,720,1380,720,1380,720,1380,720,1380,720,1380,747,1440,760,1392,3657278528
complementary_plate_asiática_83,Tom Yum Especial,Asiática,23500,53,3.3,rest_asiática_15,Sushi Bar,Asiática,5.6417796,-73.5316468,2024,4,22,0,0,720,1380,720,1380,720,1380,720,1380,720,1380,733,1394,755,1402,3575756650
complementary_plate_asiática_84,Ramen,Asiática,25000,65,4.0,rest_asiática_10,Wok Express,Asiática,5.6202303,-73.5376574,2024,2,26,0,0,720,1380,720,1380,720,1380,720,1380,720,1380,751,1350,774,1414,3320957927
complementary_plate_asiática_85,Ramen Premium,Asiática,20500,49,3.3,rest_asiática_1,Wok Express,Asiática,5.6329834,-73.5179054,2026,1,21,2,0,600,120,600,120,600,120,600,120,600,120,578,116,609,171,3958311721
complementary_plate_asiática_86,Ramen,Asiática,12000,82,3.7,rest_asiática_14,Orient Taste,Asiática,5.6346585,-73.5161908,2025,10,8,2,0,480,1320,480,1320,480,1320,480,1320,480,1320,446,1313,525,1377,3710287293
complementary_plate_asiática_87,Arroz Frito,Asiática,17500,89,4.4,rest_asiática_14,Sushi Bar,Asiática,5.6358469,-73.5051235,2025,4,1,1,1,600,120,600,120,600,120,600,120,600,120,541,179,616,128,3338478194
complementary_plate_asiática_88,Arroz Frito,Asiática,12000,71,3.0,rest_asiática_16,Asian Fusion,Asiática,5.6478187,-73.5169207,2024,2,20,1,1,480,1320,480,1320,480,1320,480,1320,480,1320,506,1352,424,1353,
complementary_plate_asiática_89,Arroz Frito de la Casa,Asiática,25000,76,4.9,rest_asiática_2,Wok Express,Asiática,5.6355423,-73.5261808,2025,1,13,0,1,480,1320,480,1320,480,1320,480,1320,480,1320,474,1378,495,1369,3394054502
complementary_plate_asiática_90,Ramen,Asiática,12500,67,2.7,rest_asiática_13,Wok Express,Asiática,5.6379477,-73.5078795,2024,10,29,1,0,480,1320,480,1320,480,1320,480,1320,480,1320,480,1322,489,1301,3638959530
complementary_plate_asiática_1,Wok de Vegetales,Asiática,39500,62,5.0,rest_asiática_20,Orient Taste,Asiática,5.6295018,-73.5183888,2025,6,30,0,1,720,1380,720,1380,720,1380,720,1380,720,1380,737,1410,664,1391,3750754910
complementary_plate_asiática_2,Yakisoba del Chef,Asiática,32500,53,2.8,rest_asiática_17,Orient Taste,Asiática,5.6349301,-73.5368288,2025,11,28,4,0,480,1320,480,1320,480,1320,480,1320,480,1320,421,1377,436,1365,3197802512
complementary_plate_asiática_3,Poke Bowl,Asiática,45000,47,3.5,rest_asiática_19,Wok Express,Asiática,5.6290908,-73.517366,2025,5,23,4,0,600,120,600,120,600,120,600,120,600,120,575,179,612,139,3342477561
complementary_plate_asiática_4,Sushi Roll,Asiática,25500,67,3.8,rest_asiática_4,Asian Fusion,Asiática,5.6229278,-73.5036793,2024,11,27,2,0,600,120,600,120,600,120,600,120,600,120,562,147,577,110,3861897692
complementary_plate_asiática_5,Sushi Roll,Asiática,52500,49,4.3,rest_asiática_2,Sushi Bar,Asiática,5.6441379,-73.5241475,2025,1,17,4,0,480,1320,480,1320,480,1320,480,1320,480,1320,445,1351,482,1321,
complementary_plate_asiática_6,Bibimbap Premium,Asiática,55500,43,3.4,rest_asiática_4,Orient Taste,Asiática,5.6467285,-73.528147,2024,2,20,1,0,720,1380,720,1380,720,1380,720,1380,720,1380,688,1393,770,1437,
complementary_plate_asiática_7,Bibimbap,Asiática,37000,64,4.8,rest_asiática_14,Orient Taste,Asiática,5.6447796,-73.5342612,2025,1,27,0,0,720,1380,720,1380,720,1380,720,1380,720,1380,677,1366,754,1427,
complementary_plate_asiática_8,Tempura,Asiática,34000,60,4.0,rest_asiática_14,Orient Taste,Asiática,5.6385398,-73.5339422,2024,7,16,1,0,420,1380,420,1380,420,1380,420,1380,420,1380,441,1419,373,1403,3869420694
complementary_plate_asiática_9,Arroz Frito,Asiática,48500,67,3.8,rest_asiática_4,Sushi Bar,Asiática,5.6351914,-73.5226891,2025,9,19,4,0,480,1320,480,1320,480,1320,480,1320,480,1320,431,1323,532,1375,3861734711
complementary_plate_asiática_10,Curry Tailandés,Asiática,33500,64,4.0,rest_asiática_9,Asian Fusion,Asiática,5.6545333,-73.5161728,2024,7,16,1,1,720,1380,720,1380,720,1380,720,1380,720,1380,671,1423,683,1435,
complementary_plate_asiática_11,Dumplings,Asiática,32500,69,4.5,rest_asiática_7,Wok Express,Asiática,5.6407633,-73.5367754,2025,6,14,5,0,480,1320,480,1320,480,1320,480,1320,480,1320,521,1374,443,1364,3597725781
complementary_plate_asiática_12,Arroz Frito,Asiática,60000,40,4.0,rest_asiática_17,Wok Express,Asiática,5.6391673,-73.5024173,2025,10,14,1,0,420,1380,420,1380,420,1380,420,1380,420,1380,377,1439,410,1351,3384177329
complementary_plate_asiática_13,Tempura Premium,Asiática,60000,46,4.3,rest_asiática_16,Orient Taste,Asiática,5.6210257,-73.5097947,2024,10,5,5,0,480,1320,480,1320,480,1320,480,1320,480,1320,458,1307,460,1321,3392270693
complementary_plate_asiática_14,Yakisoba,Asiática,47000,55,3.2,rest_asiática_5,Wok Express,Asiática,5.6336499,-73.516535,2025,9,10,2,0,480,1320,480,1320,480,1320,480,1320,480,1320,442,1339,490,1371,3182272164
complementary_plate_asiática_15,Pad Thai,Asiática,31500,59,3.5,rest_asiática_12,Orient Taste,Asiática,5.6352078,-73.5068625,2024,5,7,1,0,480,1320,480,1320,480,1320,480,1320,480,1320,481,1355,429,1362,3430105023
complementary_plate_asiática_16,Sushi Roll de la Casa,Asiática,54000,31,3.3,rest_asiática_12,Wok Express,Asiática,5.6359529,-73.5367925,2025,7,24,3,1,420,1380,420,1380,420,1380,420,1380,420,1380,412,1357,456,1405,3877871858
complementary_plate_asiática_17,Tempura,Asiática,60000,32,3.3,rest_asiática_6,Orient Taste,Asiática,5.6432069,-73.5209264,2024,4,16,1,0,600,120,600,120,600,120,600,120,600,120,617,118,635,106,3206238773
complementary_plate_asiática_18,Sushi Roll,Asiática,51500,38,3.9,rest_asiática_5,Wok Express,Asiática,5.6413441,-73.5147963,2024,2,16,4,0,420,1380,420,1380,420,1380,420,1380,420,1380,423,1359,415,1426,3476018631
complementary_plate_asiática_19,Yakisoba Clásico,Asiática,29500,56,3.8,rest_asiática_20,Asian Fusion,Asiática,5.6443162,-73.5068539,2024,8,7,2,0,420,1380,420,1380,420,1380,420,1380,420,1380,395,1400,395,1409,
complementary_plate_asiática_20,Dumplings del Chef,Asiática,32500,54,4.2,rest_asiática_11,Sushi Bar,Asiática,5.6505953,-73.5086612,2024,10,14,0,0,420,1380,420,1380,420,1380,420,1380,420,1380,469,1410,425,1412,
complementary_plate_asiática_21,Yakisoba,Asiática,60000,33,3.6,rest_asiática_10,Asian Fusion,Asiática,5.6525194,-73.5289172,2025,5,5,0,0,600,120,600,120,600,120,600,120,600,120,583,158,606,168,
complementary_plate_asiática_22,Bibimbap,Asiática,48000,54,3.3,rest_asiática_11,Asian Fusion,Asiática,5.6487249,-73.5023648,2025,7,25,4,1,420,1380,420,1380,420,1380,420,1380,420,1380,478,1391,476,1380,
complementary_plate_asiática_23,Yakisoba,Asiática,44000,68,4.0,rest_asiática_10,Sushi Bar,Asiática,5.6582209,-73.5350262,2024,3,4,0,0,420,1380,420,1380,420,1380,420,1380,420,1380,393,1426,414,1435,
complementary_plate_asiática_24,Curry Tailandés del Chef,Asiática,46500,54,3.5,rest_asiática_10,Sushi Bar,Asiática,5.6207293,-73.5049947,2025,10,9,3,0,420,1380,420,1380,420,1380,420,1380,420,1380,451,1419,430,1391,3229295152
complementary_plate_asiática_25,Pad Thai de la Casa,Asiática,40000,62,3.3,rest_asiática_13,Asian Fusion,Asiática,5.6278311,-73.5011624,2025,5,31,5,1,720,1380,720,1380,720,1380,720,1380,720,1380,736,1431,766,1393,3453070228
complementary_plate_asiática_26,Arroz Frito,Asiática,41500,61,3.8,rest_asiática_4,Wok Express,Asiática,5.6203025,-73.5329139,2025,5,24,5,1,420,1380,420,1380,420,1380,420,1380,420,1380,479,1422,418,1418,3288016065
complementary_plate_asiática_27,Tempura,Asiática,52500,33,3.1,rest_asiática_19,Asian Fusion,Asiática,5.645899,-73.5111174,2024,9,1,6,1,600,120,600,120,600,120,600,120,600,120,540,98,564,122,
complementary_plate_asiática_28,Tempura,Asiática,56500,41,3.7,rest_asiática_13,Orient Taste,Asiática,5.6559212,-73.5383886,2024,11,16,5,0,720,1380,720,1380,720,1380,720,1380,720,1380,694,1356,714,1430,
complementary_plate_asiática_29,Sushi Roll,Asiática,30000,78,5.0,rest_asiática_4,Wok Express,Asiática,5.6297393,-73.5237831,2025,4,28,0,0,480,1320,480,1320,480,1320,480,1320,480,1320,437,1313,435,1336,3886859858
complementary_plate_asiática_30,Dumplings,Asiática,44500,44,2.9,rest_asiática_4,Wok Express,Asiática,5.6570814,-73.5193487,2026,1,27,1,0,720,1380,720,1380,720,1380,720,1380,720,1380,760,1362,778,1437,
complementary_plate_asiática_31,Curry Tailandés,Asiática,60000,43,3.5,rest_asiática_12,Asian Fusion,Asiática,5.6224107,-73.5167742,2024,7,21,6,0,420,1380,420,1380,420,1380,420,1380,420,1380,396,1405,390,1379,3166556571
complementary_plate_asiática_32,Curry Tailandés,Asiática,44500,62,4.6,rest_asiática_18,Orient Taste,Asiática,5.6573774,-73.5025625,2025,7,13,6,0,720,1380,720,1380,720,1380,720,1380,720,1380,662,1420,734,1390,
complementary_plate_asiática_33,Wok de Vegetales Especial,Asiática,32000,61,3.7,rest_asiática_14,Wok Express,Asiática,5.6340649,-73.51311,2025,5,30,4,0,720,1380,720,1380,720,1380,720,1380,720,1380,671,1423,754,1428,3578732560
complementary_plate_asiática_34,Curry Tailandés,Asiática,36500,76,4.8,rest_asiática_10,Wok Express,Asiática,5.6240568,-73.5207489,2025,6,7,5,1,720,1380,720,1380,720,1380,720,1380,720,1380,718,1428,681,1372,3758777093
complementary_plate_asiática_35,Ramen,Asiática,57000,37,4.2,rest_asiática_5,Orient Taste,Asiática,5.6394349,-73.507613,2024,11,10,6,1,600,120,600,120,600,120,600,120,600,120,597,117,569,102,3866651538
complementary_plate_asiática_36,Curry Tailandés de la Casa,Asiática,28000,61,4.5,rest_asiática_11,Orient Taste,Asiática,5.6302711,-73.5019787,2024,8,19,0,0,600,120,600,120,600,120,600,120,600,120,542,159,637,124,3925964727
complementary_plate_asiática_37,Tempura,Asiática,25000,63,3.7,rest_asiática_3,Asian Fusion,Asiática,5.6313949,-73.5391174,2025,9,12,4,1,480,1320,480,1320,480,1320,480,1320,480,1320,483,1354,498,1339,3390123749
complementary_plate_asiática_38,Arroz Frito,Asiática,48000,45,3.4,rest_asiática_10,Asian Fusion,Asiática,5.6322916,-73.5006991,2025,5,28,2,0,720,1380,720,1380,720,1380,720,1380,720,1380,760,1401,686,1377,3296084763
complementary_plate_asiática_39,Bibimbap,Asiática,51500,38,2.9,rest_asiática_1,Wok Express,Asiática,5.652121,-73.5365547,2024,10,31,3,1,600,120,600,120,600,120,600,120,600,120,616,150,543,177,
complementary_plate_asiática_40,Dumplings de la Casa,Asiática,40500,59,4.1,rest_asiática_9,Wok Express,Asiática,5.6415665,-73.5074245,2024,11,16,5,0,420,1380,420,1380,420,1380,420,1380,420,1380,406,1398,362,1412,3613746469
complementary_plate_asiática_41,Tempura,Asiática,60000,25,2.5,rest_asiática_17,Sushi Bar,Asiática,5.6324523,-73.5287866,2024,6,17,0,0,720,1380,720,1380,720,1380,720,1380,720,1380,694,1396,776,1383,3946802038
complementary_plate_asiática_42,Ramen Premium,Asiática,40500,60,4.5,rest_asiática_18,Wok Express,Asiática,5.6444134,-73.5347128,2024,5,17,4,0,480,1320,480,1320,480,1320,480,1320,480,1320,468,1336,426,1319,
complementary_plate_asiática_43,Tempura,Asiática,40500,53,4.3,rest_asiática_9,Sushi Bar,Asiática,5.648646,-73.5224058,2024,11,17,6,0,420,1380,420,1380,420,1380,420,1380,420,1380,370,1417,479,1382,
complementary_plate_asiática_44,Ramen,Asiática,35500,66,4.6,rest_asiática_2,Wok Express,Asiática,5.630905,-73.5142417,2024,5,12,6,0,720,1380,720,1380,720,1380,720,1380,720,1380,712,1389,681,1416,3127188467
complementary_plate_asiática_45,Pad Thai,Asiática,42000,40,2.9,rest_asiática_3,Sushi Bar,Asiática,5.636542,-73.5247619,2024,5,30,3,0,420,1380,420,1380,420,1380,420,1380,420,1380,430,1410,480,1404,3531271637
complementary_plate_asiática_46,Tempura,Asiática,46500,55,3.6,rest_asiática_5,Asian Fusion,Asiática,5.6248754,-73.5378174,2025,8,7,3,0,480,1320,480,1320,480,1320,480,1320,480,1320,454,1312,488,1305,3217959897
complementary_plate_asiática_47,Wok de Vegetales,Asiática,57000,45,3.2,rest_asiática_17,Wok Express,Asiática,5.627246,-73.5160216,2024,9,12,3,0,720,1380,720,1380,720,1380,720,1380,720,1380,760,1351,701,1371,3799783344
complementary_plate_asiática_48,Pad Thai Premium,Asiática,55500,34,2.9,rest_asiática_9,Asian Fusion,Asiática,5.6472447,-73.5039039,2024,6,29,5,1,600,120,600,120,600,120,600,120,600,120,557,111,546,150,
complementary_plate_asiática_49,Tom Yum,Asiática,34000,49,3.6,rest_asiática_13,Wok Express,Asiática,5.6272575,-73.5246714,2025,11,30,6,0,720,1380,720,1380,720,1380,720,1380,720,1380,718,1372,750,1364,3485560227
complementary_plate_asiática_50,Yakisoba del Chef,Asiática,47500,52,3.8,rest_asiática_15,Orient Taste,Asiática,5.6410065,-73.5313467,2024,8,18,6,0,480,1320,480,1320,480,1320,480,1320,480,1320,456,1348,487,1352,3983127564
complementary_plate_asiática_51,Pad Thai,Asiática,56500,33,2.9,rest_asiática_2,Orient Taste,Asiática,5.6483619,-73.5222969,2025,9,30,1,0,600,120,600,120,600,120,600,120,600,120,636,122,607,142,
complementary_plate_asiática_52,Ramen,Asiática,37000,63,3.7,rest_asiática_13,Orient Taste,Asiática,5.6242751,-73.5380655,2025,1,11,5,0,480,1320,480,1320,480,1320,480,1320,480,1320,496,1337,527,1328,3864993081
complementary_plate_asiática_53,Sushi Roll,Asiática,57500,43,3.4,rest_asiática_19,Sushi Bar,Asiática,5.6426925,-73.5071805,2024,11,3,6,0,420,1380,420,1380,420,1380,420,1380,420,1380,363,1390,422,1375,3284775632
complementary_plate_asiática_54,Curry Tailandés Clásico,Asiática,50500,31,3.3,rest_asiática_15,Orient Taste,Asiática,5.6302625,-73.5069464,2024,12,25,2,1,420,1380,420,1380,420,1380,420,1380,420,1380,410,1381,378,1352,3985820520
complementary_plate_asiática_55,Dumplings Premium,Asiática,34000,76,5.0,rest_asiática_4,Sushi Bar,Asiática,5.6585171,-73.51648,2024,4,22,0,0,420,1380,420,1380,420,1380,420,1380,420,1380,472,1376,419,1366,
complementary_plate_asiática_56,Yakisoba Especial,Asiática,36500,65,3.7,rest_asiática_17,Asian Fusion,Asiática,5.6393418,-73.5258759,2025,2,8,5,1,420,1380,420,1380,420,1380,420,1380,420,1380,366,1394,419,1399,3626947574
complementary_plate_asiática_57,Arroz Frito,Asiática,60000,47,4.5,rest_asiática_4,Sushi Bar,Asiática,5.6522397,-73.5080087,2026,1,26,0,0,480,1320,480,1320,480,1320,480,1320,480,1320,539,1351,428,1335,
complementary_plate_asiática_58,Yakisoba,Asiática,38000,60,3.6,rest_asiática_13,Wok Express,Asiática,5.6420091,-73.5178125,2024,11,4,0,0,420,1380,420,1380,420,1380,420,1380,420,1380,367,1353,425,1377,3291043666
complementary_plate_asiática_59,Arroz Frito,Asiática,34000,51,3.5,rest_asiática_16,Wok Express,Asiática,5.6217365,-73.5069627,2024,11,15,4,1,600,120,600,120,600,120,600,120,600,120,584,169,581,126,3365770169
complementary_plate_asiática_60,Poke Bowl,Asiática,48000,60,3.3,rest_asiática_11,Sushi Bar,Asiática,5.6453261,-73.5147416,2025,1,16,3,1,480,1320,480,1320,480,1320,480,1320,480,1320,505,1360,513,1362,
complementary_plate_asiática_61,Ramen,Asiática,60000,41,3.1,rest_asiática_8,Asian Fusion,Asiática,5.6580561,-73.5086238,2024,12,30,0,0,420,1380,420,1380,420,1380,420,1380,420,1380,378,1368,457,1375,
complementary_plate_asiática_62,Dumplings,Asiática,52000,44,3.7,rest_asiática_14,Orient Taste,Asiática,5.6440645,-73.5160575,2025,9,4,3,0,480,1320,480,1320,480,1320,480,1320,480,1320,458,1291,437,1314,
complementary_plate_asiática_63,Wok de Vegetales Especial,Asiática,51500,33,3.7,rest_asiática_6,Sushi Bar,Asiática,5.6527676,-73.5234344,2024,10,15,1,1,720,1380,720,1380,720,1380,720,1380,720,1380,660,1358,680,1354,
complementary_plate_asiática_64,Bibimbap Clásico,Asiática,46500,66,4.1,rest_asiática_19,Orient Taste,Asiática,5.6553683,-73.5016822,2025,5,18,6,0,480,1320,480,1320,480,1320,480,1320,480,1320,430,1375,478,1333,
complementary_plate_asiática_65,Tom Yum,Asiática,30000,51,3.2,rest_asiática_8,Asian Fusion,Asiática,5.6291232,-73.5183554,2024,6,8,5,0,420,1380,420,1380,420,1380,420,1380,420,1380,427,1369,445,1437,3928061690
complementary_plate_asiática_66,Poke Bowl,Asiática,36500,58,3.4,rest_asiática_19,Orient Taste,Asiática,5.6284818,-73.5157964,2025,12,16,1,0,480,1320,480,1320,480,1320,480,1320,480,1320,475,1351,454,1332,3527496219
complementary_plate_asiática_67,Curry Tailandés Premium,Asiática,32500,51,3.6,rest_asiática_4,Orient Taste,Asiática,5.6444392,-73.5311805,2025,9,3,2,0,420,1380,420,1380,420,1380,420,1380,420,1380,373,1368,431,1378,
complementary_plate_asiática_68,Arroz Frito,Asiática,25000,54,4.0,rest_asiática_20,Sushi Bar,Asiática,5.6364411,-73.514974,2025,8,24,6,1,600,120,600,120,600,120,600,120,600,120,635,141,593,162,3482207913
complementary_plate_asiática_69,Dumplings,Asiática,60000,52,4.3,rest_asiática_14,Orient Taste,Asiática,5.6535945,-73.5171357,2025,9,2,1,1,480,1320,480,1320,480,1320,480,1320,480,1320,519,1330,538,1297,
complementary_plate_asiática_70,Curry Tailandés,Asiática,54000,53,3.9,rest_asiática_19,Orient Taste,Asiática,5.6560009,-73.5326065,2024,12,28,5,0,480,1320,480,1320,480,1320,480,1320,480,1320,462,1337,435,1329,
complementary_plate_asiática_71,Bibimbap Clásico,Asiática,32500,55,4.2,rest_asiática_11,Sushi Bar,Asiática,5.6341369,-73.5376165,2024,6,4,1,1,600,120,600,120,600,120,600,120,600,120,595,120,576,121,3276106080
complementary_plate_asiática_72,Pad Thai,Asiática,60000,47,4.1,rest_asiática_5,Orient Taste,Asiática,5.6294748,-73.5158256,2025,11,4,1,0,480,1320,480,1320,480,1320,480,1320,480,1320,432,1300,430,1291,3896649918
complementary_plate_asiática_73,Wok de Vegetales Clásico,Asiática,60000,30,2.9,rest_asiática_19,Asian Fusion,Asiática,5.651221,-73.5094523,2024,3,26,1,0,480,1320,480,1320,480,1320,480,1320,480,1320,480,1312,424,1307,
complementary_plate_asiática_74,Sushi Roll Especial,Asiática,30500,56,3.8,rest_asiática_1,Wok Express,Asiática,5.6309922,-73.5190639,2024,5,18,5,0,480,1320,480,1320,480,1320,480,1320,480,1320,441,1329,462,1302,3911733463
complementary_plate_asiática_75,Ramen,Asiática,30000,58,4.0,rest_asiática_17,Asian Fusion,Asiática,5.6529046,-73.5309291,2024,5,17,4,0,720,1380,720,1380,720,1380,720,1380,720,1380,774,1400,765,1412,
complementary_plate_asiática_76,Wok de Vegetales,Asiática,50000,47,4.1,rest_asiática_20,Wok Express,Asiática,5.6369495,-73.5133391,2024,9,16,0,0,420,1380,420,1380,420,1380,420,1380,420,1380,377,1358,419,1427,3971078257
complementary_plate_asiática_77,Yakisoba,Asiática,41000,73,4.4,rest_asiática_12,Orient Taste,Asiática,5.646702,-73.5367958,2024,10,31,3,0,420,1380,420,1380,420,1380,420,1380,420,1380,364,1400,469,1393,
complementary_plate_asiática_78,Dumplings Premium,Asiática,50500,40,3.4,rest_asiática_11,Asian Fusion,Asiática,5.6238214,-73.5223267,2024,3,26,1,0,420,1380,420,1380,420,1380,420,1380,420,1380,443,1440,464,1401,3952512677
complementary_plate_asiática_79,Sushi Roll,Asiática,31500,64,4.2,rest_asiática_4,Wok Express,Asiática,5.6449544,-73.5334653,2025,9,8,0,1,720,1380,720,1380,720,1380,720,1380,720,1380,719,1369,750,1369,
complementary_plate_asiática_80,Tom Yum,Asiática,32000,63,4.2,rest_asiática_14,Sushi Bar,Asiática,5.6380707,-73.5326216,2024,10,1,1,1,720,1380,720,1380,720,1380,720,1380,720,1380,679,1359,696,1392,3808174746
complementary_plate_asiática_81,Poke Bowl Clásico,Asiática,49500,73,4.6,rest_asiática_2,Sushi Bar,Asiática,5.6434643,-73.5319082,2024,10,10,3,0,480,1320,480,1320,480,1320,480,1320,480,1320,539,1372,505,1375,3496685448
complementary_plate_asiática_82,Sushi Roll,Asiática,34500,58,3.7,rest_asiática_6,Asian Fusion,Asiática,5.6267206,-73.5245317,2025,1,4,5,1,720,1380,720,1380,720,1380,720,1380,720,1380,710,1374,704,1358,3799181967
complementary_plate_asiática_83,Arroz Frito,Asiática,36000,50,3.2,rest_asiática_14,Asian Fusion,Asiática,5.6494749,-73.537954,2024,2,13,1,0,600,120,600,120,600,120,600,120,600,120,624,140,640,180,
complementary_plate_asiática_84,Ramen,Asiática,41000,60,3.9,rest_asiática_2,Asian Fusion,Asiática,5.6545119,-73.5240883,2025,9,8,0,0,720,1380,720,1380,720,1380,720,1380,720,1380,660,1371,692,1403,
complementary_plate_asiática_85,Curry Tailandés de la Casa,Asiática,31000,56,3.7,rest_asiática_12,Wok Express,Asiática,5.6286696,-73.5195317,2026,1,28,2,0,720,1380,720,1380,720,1380,720,1380,720,1380,725,1427,723,1385,3746273495
complementary_plate_asiática_86,Poke Bowl,Asiática,42000,69,4.2,rest_asiática_17,Sushi Bar,Asiática,5.6238286,-73.5206682,2025,3,3,0,0,420,1380,420,1380,420,1380,420,1380,420,1380,403,1350,373,1411,3492668534
complementary_plate_asiática_87,Bibimbap,Asiática,51000,36,4.0,rest_asiática_19,Wok Express,Asiática,5.6209455,-73.5246886,2024,10,29,1,0,600,120,600,120,600,120,600,120,600,120,653,157,615,168,3953748460
complementary_plate_asiática_88,Dumplings,Asiática,28000,54,3.9,rest_asiática_14,Wok Express,Asiática,5.6456789,-73.5064341,2024,10,9,2,1,600,120,600,120,600,120,600,120,600,120,545,126,582,92,
complementary_plate_asiática_89,Curry Tailandés,Asiática,60000,35,2.5,rest_asiática_2,Asian Fusion,Asiática,5.6442838,-73.5341869,2024,4,10,2,0,720,1380,720,1380,720,1380,720,1380,720,1380,778,1390,766,1425,
complementary_plate_asiática_90,Curry Tailandés,Asiática,60000,39,3.9,rest_asiática_13,Orient Taste,Asiática,5.6418679,-73.5197721,2025,6,7,5,0,420,1380,420,1380,420,1380,420,1380,420,1380,410,1383,360,1417,3106519585
complementary_plate_asiática_91,Poke Bowl del Chef,Asiática,34500,67,3.8,rest_asiática_17,Orient Taste,Asiática,5.6292779,-73.5375183,2026,1,21,2,0,600,120,600,120,600,120,600,120,600,120,546,99,642,125,3913438530
complementary_plate_asiática_92,Yakisoba,Asiática,25000,61,5.0,rest_asiática_13,Wok Express,Asiática,5.6356362,-73.5371538,2025,6,11,2,0,480,1320,480,1320,480,1320,480,1320,480,1320,483,1364,447,1358,3121588887
complementary_plate_asiática_93,Yakisoba,Asiática,25000,75,4.8,rest_asiática_8,Asian Fusion,Asiática,5.6437791,-73.5170454,2024,4,15,0,1,720,1380,720,1380,720,1380,720,1380,720,1380,729,1433,685,1351,3358112117
complementary_plate_asiática_94,Pad Thai,Asiática,60000,49,4.2,rest_asiática_6,Asian Fusion,Asiática,5.6398707,-73.5173593,2024,12,8,6,1,480,1320,480,1320,480,1320,480,1320,480,1320,432,1306,539,1323,3795413737
complementary_plate_asiática_95,Wok de Vegetales,Asiática,33500,67,3.9,rest_asiática_5,Wok Express,Asiática,5.6595114,-73.5048787,2025,11,20,3,0,720,1380,720,1380,720,1380,720,1380,720,1380,753,1370,706,1362,
complementary_plate_asiática_96,Pad Thai,Asiática,44000,51,3.4,rest_asiática_4,Orient Taste,Asiática,5.6254576,-73.5176851,2025,2,26,2,1,480,1320,480,1320,480,1320,480,1320,480,1320,450,1298,519,1324,3105055769
complementary_plate_asiática_97,Ramen,Asiática,42500,61,4.2,rest_asiática_6,Wok Express,Asiática,5.6478058,-73.5016084,2025,2,10,0,1,480,1320,480,1320,480,1320,480,1320,480,1320,481,1375,498,1325,
complementary_plate_asiática_98,Bibimbap Especial,Asiática,58000,35,3.5,rest_asiática_5,Wok Express,Asiática,5.6361728,-73.5380522,2025,8,24,6,0,720,1380,720,1380,720,1380,720,1380,720,1380,729,1382,752,1352,3116613311
complementary_plate_asiática_99,Tempura Clásico,Asiática,25000,49,3.9,rest_asiática_13,Wok Express,Asiática,5.637128,-73.5360797,2025,2,23,6,1,720,1380,720,1380,720,1380,720,1380,720,1380,726,1438,728,1374,3198958695
complementary_plate_asiática_100,Curry Tailandés,Asiática,53000,57,4.3,rest_asiática_3,Orient Taste,Asiática,5.6487039,-73.5382374,2024,6,16,6,0,480,1320,480,1320,480,1320,480,1320,480,1320,523,1355,519,1341,
complementary_plate_asiática_101,Yakisoba,Asiática,49500,48,3.4,rest_asiática_15,Wok Express,Asiática,5.6476974,-73.5325889,2025,12,31,2,0,600,120,600,120,600,120,600,120,600,120,611,148,589,131,
complementary_plate_asiática_102,Arroz Frito,Asiática,40500,56,4.3,rest_asiática_11,Orient Taste,Asiática,5.6596502,-73.5183492,2026,1,30,4,1,480,1320,480,1320,480,1320,480,1320,480,1320,493,1335,422,1375,
complementary_plate_asiática_103,Poke Bowl del Chef,Asiática,25000,59,3.7,rest_asiática_16,Sushi Bar,Asiática,5.6251358,-73.5141771,2024,10,10,3,0,480,1320,480,1320,480,1320,480,1320,480,1320,437,1302,496,1356,3290124183
complementary_plate_asiática_104,Arroz Frito,Asiática,30500,71,4.9,rest_asiática_2,Orient Taste,Asiática,5.6241644,-73.5381766,2025,4,12,5,0,480,1320,480,1320,480,1320,480,1320,480,1320,499,1294,520,1371,3389514500
complementary_plate_asiática_105,Tom Yum,Asiática,50000,40,3.2,rest_asiática_9,Orient Taste,Asiática,5.6489736,-73.5021612,2025,9,3,2,0,480,1320,480,1320,480,1320,480,1320,480,1320,540,1328,505,1307,
complementary_plate_asiática_106,Tempura,Asiática,33500,56,3.2,rest_asiática_1,Asian Fusion,Asiática,5.6431355,-73.5063134,2024,12,17,1,0,600,120,600,120,600,120,600,120,600,120,549,157,586,99,3130271417
complementary_plate_asiática_107,Pad Thai del Chef,Asiática,51500,46,3.7,rest_asiática_4,Wok Express,Asiática,5.6309664,-73.5281355,2025,1,31,4,0,420,1380,420,1380,420,1380,420,1380,420,1380,401,1373,451,1361,3922627610
complementary_plate_asiática_108,Pad Thai,Asiática,41000,62,4.0,rest_asiática_2,Wok Express,Asiática,5.6231768,-73.5369125,2025,6,14,5,0,420,1380,420,1380,420,1380,420,1380,420,1380,458,1392,400,1365,3338823887
complementary_plate_asiática_109,Ramen del Chef,Asiática,37500,52,2.8,rest_asiática_10,Asian Fusion,Asiática,5.6234263,-73.5332045,2024,7,21,6,0,420,1380,420,1380,420,1380,420,1380,420,1380,467,1420,456,1419,3246914416
complementary_plate_asiática_110,Ramen,Asiática,34000,53,3.2,rest_asiática_5,Asian Fusion,Asiática,5.6557676,-73.5349222,2025,12,15,0,0,600,120,600,120,600,120,600,120,600,120,636,95,579,143,
complementary_plate_asiática_1,Tempura,Asiática,119500,40,4.5,rest_asiática_18,Asian Fusion,Asiática,5.6276747,-73.5350686,2024,12,18,2,0,480,1320,480,1320,480,1320,480,1320,480,1320,540,1365,420,1303,3593760616
complementary_plate_asiática_2,Curry Tailandés,Asiática,84000,28,2.5,rest_asiática_19,Sushi Bar,Asiática,5.6329349,-73.5192575,2025,8,1,4,0,420,1380,420,1380,420,1380,420,1380,420,1380,380,1425,480,1421,3802328500
complementary_plate_asiática_3,Pad Thai,Asiática,92500,33,3.8,rest_asiática_1,Sushi Bar,Asiática,5.6290663,-73.5301661,2024,12,16,0,0,480,1320,480,1320,480,1320,480,1320,480,1320,480,1317,513,1380,3792337945
complementary_plate_asiática_4,Dumplings,Asiática,62000,42,3.9,rest_asiática_17,Orient Taste,Asiática,5.6341999,-73.5256744,2025,7,24,3,0,720,1380,720,1380,720,1380,720,1380,720,1380,723,1420,690,1357,3754579873
complementary_plate_asiática_5,Bibimbap,Asiática,110500,39,3.9,rest_asiática_4,Sushi Bar,Asiática,5.622777,-73.5004198,2024,5,16,3,1,420,1380,420,1380,420,1380,420,1380,420,1380,377,1401,435,1402,3555835606
complementary_plate_asiática_6,Ramen,Asiática,84000,54,4.1,rest_asiática_5,Sushi Bar,Asiática,5.6407624,-73.5126274,2025,5,23,4,0,420,1380,420,1380,420,1380,420,1380,420,1380,442,1427,423,1350,3678046302
complementary_plate_asiática_7,Curry Tailandés Especial,Asiática,64500,55,4.5,rest_asiática_13,Wok Express,Asiática,5.6227045,-73.5020408,2024,3,8,4,0,480,1320,480,1320,480,1320,480,1320,480,1320,505,1321,436,1295,3558568113
complementary_plate_asiática_8,Yakisoba,Asiática,71000,37,3.0,rest_asiática_1,Wok Express,Asiática,5.6520143,-73.5342977,2024,2,25,6,1,720,1380,720,1380,720,1380,720,1380,720,1380,695,1364,733,1350,
complementary_plate_asiática_9,Pad Thai Especial,Asiática,83500,35,3.1,rest_asiática_14,Asian Fusion,Asiática,5.6293485,-73.5247144,2025,3,11,1,1,480,1320,480,1320,480,1320,480,1320,480,1320,463,1316,477,1308,3132059531
complementary_plate_asiática_10,Pad Thai,Asiática,110500,46,4.4,rest_asiática_8,Asian Fusion,Asiática,5.6416005,-73.5178107,2025,7,29,1,1,420,1380,420,1380,420,1380,420,1380,420,1380,416,1434,385,1431,3783652566
complementary_plate_asiática_11,Sushi Roll,Asiática,60000,27,2.8,rest_asiática_2,Sushi Bar,Asiática,5.6552032,-73.5369297,2025,12,6,5,1,600,120,600,120,600,120,600,120,600,120,575,145,546,122,
complementary_plate_asiática_12,Pad Thai,Asiática,120000,52,3.8,rest_asiática_1,Sushi Bar,Asiática,5.6460351,-73.5398325,2024,11,27,2,1,420,1380,420,1380,420,1380,420,1380,420,1380,386,1402,374,1386,
complementary_plate_asiática_13,Yakisoba,Asiática,65500,48,4.8,rest_asiática_9,Sushi Bar,Asiática,5.6413183,-73.5131826,2024,3,4,0,1,480,1320,480,1320,480,1320,480,1320,480,1320,495,1348,464,1328,3309839791
complementary_plate_asiática_14,Tempura Especial,Asiática,76000,46,3.7,rest_asiática_16,Sushi Bar,Asiática,5.6329734,-73.5143272,2024,4,17,2,1,600,120,600,120,600,120,600,120,600,120,574,110,601,118,3920578486
complementary_plate_asiática_15,Ramen,Asiática,94000,37,3.4,rest_asiática_9,Asian Fusion,Asiática,5.6333201,-73.5235684,2024,8,21,2,0,720,1380,720,1380,720,1380,720,1380,720,1380,730,1415,742,1368,3559807087
complementary_plate_asiática_16,Tom Yum,Asiática,115000,45,4.0,rest_asiática_4,Wok Express,Asiática,5.6467795,-73.5204142,2024,7,6,5,0,420,1380,420,1380,420,1380,420,1380,420,1380,470,1434,426,1389,
complementary_plate_asiática_17,Poke Bowl del Chef,Asiática,60000,40,3.7,rest_asiática_16,Sushi Bar,Asiática,5.6597656,-73.5233823,2024,5,5,6,0,420,1380,420,1380,420,1380,420,1380,420,1380,392,1381,456,1435,
complementary_plate_asiática_18,Poke Bowl,Asiática,78000,43,3.5,rest_asiática_16,Asian Fusion,Asiática,5.6464736,-73.5390398,2026,2,5,3,0,720,1380,720,1380,720,1380,720,1380,720,1380,662,1391,758,1438,
complementary_plate_asiática_19,Wok de Vegetales,Asiática,67500,40,4.1,rest_asiática_7,Asian Fusion,Asiática,5.6423113,-73.5265851,2024,6,16,6,1,720,1380,720,1380,720,1380,720,1380,720,1380,673,1389,752,1404,3892990365
complementary_plate_asiática_20,Curry Tailandés Clásico,Asiática,78000,31,3.3,rest_asiática_12,Wok Express,Asiática,5.649226,-73.5329167,2025,2,27,3,1,420,1380,420,1380,420,1380,420,1380,420,1380,372,1398,420,1429,
complementary_plate_asiática_21,Dumplings Especial,Asiática,120000,40,3.7,rest_asiática_19,Wok Express,Asiática,5.6386082,-73.536063,2025,10,24,4,0,720,1380,720,1380,720,1380,720,1380,720,1380,728,1392,723,1379,3495599225
complementary_plate_asiática_22,Dumplings,Asiática,70500,35,3.5,rest_asiática_18,Wok Express,Asiática,5.6224057,-73.5017312,2025,10,24,4,1,720,1380,720,1380,720,1380,720,1380,720,1380,712,1355,686,1409,3545804692
complementary_plate_asiática_23,Ramen,Asiática,98500,47,4.8,rest_asiática_14,Wok Express,Asiática,5.6424919,-73.5160256,2024,6,15,5,0,720,1380,720,1380,720,1380,720,1380,720,1380,688,1377,687,1397,3872912088
complementary_plate_asiática_24,Curry Tailandés,Asiática,120000,42,3.8,rest_asiática_4,Sushi Bar,Asiática,5.658305,-73.5108537,2024,5,21,1,0,420,1380,420,1380,420,1380,420,1380,420,1380,442,1425,473,1407,
complementary_plate_asiática_25,Curry Tailandés,Asiática,73500,43,3.9,rest_asiática_6,Asian Fusion,Asiática,5.6270121,-73.5273855,2024,8,1,3,0,420,1380,420,1380,420,1380,420,1380,420,1380,461,1426,428,1430,3447674032
complementary_plate_asiática_26,Arroz Frito,Asiática,83500,38,3.6,rest_asiática_9,Sushi Bar,Asiática,5.6476002,-73.5242741,2024,6,27,3,0,600,120,600,120,600,120,600,120,600,120,644,117,641,142,
complementary_plate_asiática_27,Tempura,Asiática,120000,34,3.9,rest_asiática_4,Sushi Bar,Asiática,5.6280373,-73.530523,2026,1,10,5,0,600,120,600,120,600,120,600,120,600,120,629,134,659,135,3614928341
complementary_plate_asiática_28,Curry Tailandés Premium,Asiática,102500,42,4.1,rest_asiática_7,Sushi Bar,Asiática,5.6414331,-73.5361214,2025,7,7,0,0,420,1380,420,1380,420,1380,420,1380,420,1380,384,1372,465,1370,3844502740
complementary_plate_asiática_29,Curry Tailandés,Asiática,101500,36,3.6,rest_asiática_7,Wok Express,Asiática,5.6238671,-73.5328387,2025,10,9,3,0,420,1380,420,1380,420,1380,420,1380,420,1380,418,1357,444,1407,3235097824
complementary_plate_asiática_30,Tom Yum,Asiática,106000,45,4.1,rest_asiática_13,Sushi Bar,Asiática,5.6380148,-73.5080994,2024,10,9,2,0,420,1380,420,1380,420,1380,420,1380,420,1380,466,1437,415,1369,3602182771
complementary_plate_asiática_31,Yakisoba de la Casa,Asiática,61000,28,2.9,rest_asiática_6,Wok Express,Asiática,5.6502465,-73.5128982,2025,11,12,2,0,720,1380,720,1380,720,1380,720,1380,720,1380,707,1354,728,1372,
complementary_plate_asiática_32,Curry Tailandés,Asiática,60000,48,3.8,rest_asiática_17,Sushi Bar,Asiática,5.6339029,-73.5181228,2025,5,10,5,0,480,1320,480,1320,480,1320,480,1320,480,1320,439,1343,433,1345,3882341884
complementary_plate_asiática_33,Bibimbap,Asiática,74500,47,3.4,rest_asiática_6,Orient Taste,Asiática,5.6465965,-73.5209964,2024,11,28,3,1,600,120,600,120,600,120,600,120,600,120,560,166,608,174,
complementary_plate_asiática_34,Tom Yum Especial,Asiática,86000,30,3.2,rest_asiática_10,Sushi Bar,Asiática,5.651818,-73.5031026,2024,12,18,2,1,420,1380,420,1380,420,1380,420,1380,420,1380,400,1383,437,1377,
complementary_plate_asiática_35,Ramen Premium,Asiática,60000,43,2.9,rest_asiática_18,Wok Express,Asiática,5.6570871,-73.5370906,2025,6,16,0,0,600,120,600,120,600,120,600,120,600,120,658,101,651,164,
complementary_plate_asiática_36,Sushi Roll,Asiática,87500,51,3.8,rest_asiática_8,Sushi Bar,Asiática,5.6293857,-73.528776,2025,9,30,1,0,600,120,600,120,600,120,600,120,600,120,590,173,614,107,3512668851
complementary_plate_asiática_37,Arroz Frito,Asiática,60000,39,3.8,rest_asiática_9,Wok Express,Asiática,5.6359726,-73.5260025,2025,5,17,5,0,480,1320,480,1320,480,1320,480,1320,480,1320,450,1358,490,1300,3889603629
complementary_plate_asiática_38,Tempura Premium,Asiática,65000,53,4.0,rest_asiática_3,Sushi Bar,Asiática,5.6260966,-73.508703,2025,6,26,3,0,720,1380,720,1380,720,1380,720,1380,720,1380,765,1372,665,1404,3667958552
complementary_plate_asiática_39,Poke Bowl,Asiática,78000,50,4.1,rest_asiática_6,Asian Fusion,Asiática,5.6596993,-73.5002994,2024,10,23,2,0,600,120,600,120,600,120,600,120,600,120,549,144,632,171,
complementary_plate_asiática_40,Sushi Roll Especial,Asiática,120000,31,3.2,rest_asiática_11,Wok Express,Asiática,5.65708,-73.5303732,2025,11,13,3,0,420,1380,420,1380,420,1380,420,1380,420,1380,363,1354,457,1351,
complementary_plate_mexicana_1,Burritos,Mexicana,11500,63,2.5,rest_mexicana_20,El Azteca,Mexicana,5.6415983,-73.5050277,2025,12,10,2,0,480,1320,480,1320,480,1320,480,1320,480,1320,430,1378,444,1351,3600720504
complementary_plate_mexicana_2,Burritos del Chef,Mexicana,12500,67,3.3,rest_mexicana_9,El Azteca,Mexicana,5.6536813,-73.5067751,2025,4,13,6,0,720,1380,720,1380,720,1380,720,1380,720,1380,705,1390,708,1436,
complementary_plate_mexicana_3,Tamales,Mexicana,11500,76,4.2,rest_mexicana_17,El Azteca,Mexicana,5.6408383,-73.5310137,2024,9,22,6,0,480,1320,480,1320,480,1320,480,1320,480,1320,489,1308,496,1375,3300556420
complementary_plate_mexicana_4,Tacos al Pastor,Mexicana,12500,88,4.9,rest_mexicana_17,Cantina,Mexicana,5.6449434,-73.5240267,2025,12,27,5,1,720,1380,720,1380,720,1380,720,1380,720,1380,682,1386,724,1429,
complementary_plate_mexicana_5,Tacos al Pastor,Mexicana,22000,65,4.4,rest_mexicana_12,Sabor Mexicano,Mexicana,5.623565,-73.5236131,2025,1,16,3,0,600,120,600,120,600,120,600,120,600,120,543,95,616,96,3754609008
complementary_plate_mexicana_6,Quesadillas,Mexicana,13000,96,4.7,rest_mexicana_14,Taquería,Mexicana,5.6502108,-73.5008712,2025,6,10,1,0,480,1320,480,1320,480,1320,480,1320,480,1320,466,1356,455,1357,
complementary_plate_mexicana_7,Pozole,Mexicana,11500,76,3.7,rest_mexicana_19,El Azteca,Mexicana,5.6251085,-73.5327643,2025,8,16,5,1,420,1380,420,1380,420,1380,420,1380,420,1380,425,1379,401,1397,3503545199
complementary_plate_mexicana_8,Tacos al Pastor,Mexicana,17000,69,3.8,rest_mexicana_20,Sabor Mexicano,Mexicana,5.6530427,-73.5080337,2024,12,13,4,1,480,1320,480,1320,480,1320,480,1320,480,1320,490,1295,500,1350,
complementary_plate_mexicana_9,Pozole del Chef,Mexicana,22000,70,4.7,rest_mexicana_3,Sabor Mexicano,Mexicana,5.6512811,-73.5266323,2025,10,1,2,0,420,1380,420,1380,420,1380,420,1380,420,1380,460,1352,458,1429,
complementary_plate_mexicana_10,Guacamole,Mexicana,21500,79,5.0,rest_mexicana_17,Taquería,Mexicana,5.6483498,-73.5107652,2024,7,17,2,0,420,1380,420,1380,420,1380,420,1380,420,1380,462,1356,478,1365,
complementary_plate_mexicana_11,Quesadillas,Mexicana,17000,81,4.0,rest_mexicana_8,Cantina,Mexicana,5.6214464,-73.5231996,2024,9,14,5,0,420,1380,420,1380,420,1380,420,1380,420,1380,440,1383,469,1432,3879772433
complementary_plate_mexicana_12,Burritos,Mexicana,14000,86,4.1,rest_mexicana_3,Sabor Mexicano,Mexicana,5.6321251,-73.5168656,2025,9,1,0,0,600,120,600,120,600,120,600,120,600,120,631,114,607,172,3554636180
complementary_plate_mexicana_13,Tostadas,Mexicana,13500,92,4.3,rest_mexicana_10,El Azteca,Mexicana,5.6305245,-73.5066955,2024,12,16,0,0,600,120,600,120,600,120,600,120,600,120,619,176,577,111,3404861147
complementary_plate_mexicana_14,Fajitas del Chef,Mexicana,14500,83,4.0,rest_mexicana_4,Cantina,Mexicana,5.6344055,-73.5078334,2025,7,2,2,0,480,1320,480,1320,480,1320,480,1320,480,1320,451,1343,516,1306,3628364258
complementary_plate_mexicana_15,Guacamole,Mexicana,16000,86,4.5,rest_mexicana_12,Cantina,Mexicana,5.6235057,-73.5053431,2025,8,30,5,0,420,1380,420,1380,420,1380,420,1380,420,1380,370,1409,471,1355,3386067413
complementary_plate_mexicana_16,Enchiladas Clásico,Mexicana,12500,79,3.6,rest_mexicana_6,El Azteca,Mexicana,5.6574783,-73.5376153,2024,7,30,1,0,420,1380,420,1380,420,1380,420,1380,420,1380,470,1355,383,1401,
complementary_plate_mexicana_17,Chilaquiles,Mexicana,22000,58,3.0,rest_mexicana_10,Cantina,Mexicana,5.6421521,-73.512318,2025,4,26,5,0,720,1380,720,1380,720,1380,720,1380,720,1380,770,1352,745,1360,3774440854
complementary_plate_mexicana_18,Tostadas,Mexicana,15500,69,3.7,rest_mexicana_11,Sabor Mexicano,Mexicana,5.632221,-73.5344005,2025,4,30,2,0,720,1380,720,1380,720,1380,720,1380,720,1380,753,1363,707,1380,3957661631
complementary_plate_mexicana_19,Mole,Mexicana,14000,93,4.8,rest_mexicana_2,El Azteca,Mexicana,5.6358793,-73.5233673,2024,3,5,1,0,600,120,600,120,600,120,600,120,600,120,618,179,547,176,3737315010
complementary_plate_mexicana_20,Enchiladas Clásico,Mexicana,11000,86,3.8,rest_mexicana_4,El Azteca,Mexicana,5.6378881,-73.5180565,2024,2,12,0,1,720,1380,720,1380,720,1380,720,1380,720,1380,686,1377,686,1395,3790875943
complementary_plate_mexicana_21,Burritos,Mexicana,17000,68,3.1,rest_mexicana_15,Cantina,Mexicana,5.6440238,-73.5238904,2024,8,17,5,0,720,1380,720,1380,720,1380,720,1380,720,1380,763,1368,763,1363,
complementary_plate_mexicana_22,Burritos,Mexicana,15000,81,3.6,rest_mexicana_7,Sabor Mexicano,Mexicana,5.6406272,-73.5192155,2024,9,20,4,0,480,1320,480,1320,480,1320,480,1320,480,1320,497,1315,450,1365,3360188297
complementary_plate_mexicana_23,Guacamole Especial,Mexicana,10000,92,4.3,rest_mexicana_17,Taquería,Mexicana,5.6567757,-73.5001389,2024,5,21,1,1,600,120,600,120,600,120,600,120,600,120,622,131,568,95,
complementary_plate_mexicana_24,Guacamole del Chef,Mexicana,10000,78,4.3,rest_mexicana_6,Taquería,Mexicana,5.6398785,-73.5345913,2026,1,27,1,0,420,1380,420,1380,420,1380,420,1380,420,1380,409,1362,419,1414,3927464883
complementary_plate_mexicana_25,Fajitas Especial,Mexicana,14500,82,4.2,rest_mexicana_17,Sabor Mexicano,Mexicana,5.6596863,-73.5129818,2024,6,5,2,0,480,1320,480,1320,480,1320,480,1320,480,1320,523,1293,495,1303,
complementary_plate_mexicana_26,Pozole Clásico,Mexicana,17500,93,4.5,rest_mexicana_4,El Azteca,Mexicana,5.654057,-73.52416,2024,6,6,3,1,720,1380,720,1380,720,1380,720,1380,720,1380,748,1398,702,1410,
complementary_plate_mexicana_27,Guacamole,Mexicana,19500,74,3.8,rest_mexicana_2,El Azteca,Mexicana,5.6283404,-73.5346796,2025,9,22,0,0,480,1320,480,1320,480,1320,480,1320,480,1320,532,1369,507,1317,3428784374
complementary_plate_mexicana_28,Tostadas,Mexicana,19000,80,4.2,rest_mexicana_18,El Azteca,Mexicana,5.6572238,-73.5336505,2025,10,18,5,0,420,1380,420,1380,420,1380,420,1380,420,1380,437,1359,463,1365,
complementary_plate_mexicana_29,Fajitas del Chef,Mexicana,18500,69,3.6,rest_mexicana_7,Sabor Mexicano,Mexicana,5.6246547,-73.5020291,2024,12,16,0,0,720,1380,720,1380,720,1380,720,1380,720,1380,689,1400,727,1411,3318960444
complementary_plate_mexicana_30,Tostadas,Mexicana,13000,89,5.0,rest_mexicana_9,Sabor Mexicano,Mexicana,5.652698,-73.5048159,2024,11,1,4,0,720,1380,720,1380,720,1380,720,1380,720,1380,780,1377,737,1427,
complementary_plate_mexicana_31,Tacos al Pastor,Mexicana,11500,72,3.8,rest_mexicana_17,El Azteca,Mexicana,5.6352249,-73.5037183,2025,9,26,4,1,420,1380,420,1380,420,1380,420,1380,420,1380,413,1359,371,1382,3548628740
complementary_plate_mexicana_32,Fajitas,Mexicana,16500,87,5.0,rest_mexicana_14,Cantina,Mexicana,5.655119,-73.5003387,2024,11,25,0,0,480,1320,480,1320,480,1320,480,1320,480,1320,526,1336,500,1292,
complementary_plate_mexicana_33,Tacos al Pastor Especial,Mexicana,20000,58,4.1,rest_mexicana_13,Sabor Mexicano,Mexicana,5.6547223,-73.5316674,2025,2,2,6,1,480,1320,480,1320,480,1320,480,1320,480,1320,434,1306,474,1292,
complementary_plate_mexicana_34,Pozole,Mexicana,19500,79,3.7,rest_mexicana_4,El Azteca,Mexicana,5.652237,-73.5257824,2025,7,4,4,0,480,1320,480,1320,480,1320,480,1320,480,1320,524,1293,469,1309,
complementary_plate_mexicana_35,Guacamole,Mexicana,16500,83,4.3,rest_mexicana_19,Sabor Mexicano,Mexicana,5.6516012,-73.5132312,2024,11,17,6,0,720,1380,720,1380,720,1380,720,1380,720,1380,692,1393,705,1356,
complementary_plate_mexicana_36,Pozole del Chef,Mexicana,11000,81,3.5,rest_mexicana_9,Sabor Mexicano,Mexicana,5.6321872,-73.5206479,2024,8,18,6,0,600,120,600,120,600,120,600,120,600,120,620,152,594,161,3609851703
complementary_plate_mexicana_37,Tacos al Pastor de la Casa,Mexicana,16500,84,4.3,rest_mexicana_10,Sabor Mexicano,Mexicana,5.6232368,-73.5232644,2025,2,21,4,0,480,1320,480,1320,480,1320,480,1320,480,1320,434,1320,458,1360,3495858362
complementary_plate_mexicana_38,Mole Premium,Mexicana,11500,78,4.5,rest_mexicana_7,Cantina,Mexicana,5.6361192,-73.5256876,2025,12,21,6,0,600,120,600,120,600,120,600,120,600,120,650,175,656,160,3465409125
complementary_plate_mexicana_39,Pozole,Mexicana,14000,92,4.3,rest_mexicana_2,Taquería,Mexicana,5.626941,-73.5162488,2024,5,27,0,0,420,1380,420,1380,420,1380,420,1380,420,1380,438,1365,366,1363,3388768584
complementary_plate_mexicana_40,Quesadillas de la Casa,Mexicana,13000,80,3.9,rest_mexicana_6,El Azteca,Mexicana,5.647798,-73.5169763,2024,6,20,3,1,480,1320,480,1320,480,1320,480,1320,480,1320,522,1327,456,1363,
complementary_plate_mexicana_41,Pozole,Mexicana,20000,71,4.3,rest_mexicana_17,Cantina,Mexicana,5.633844,-73.5335417,2025,11,7,4,0,600,120,600,120,600,120,600,120,600,120,638,169,613,138,3507366383
complementary_plate_mexicana_42,Pozole Premium,Mexicana,13000,75,4.0,rest_mexicana_19,Sabor Mexicano,Mexicana,5.6590244,-73.5211304,2025,3,5,2,0,720,1380,720,1380,720,1380,720,1380,720,1380,728,1396,734,1399,
complementary_plate_mexicana_43,Tamales,Mexicana,18000,79,4.0,rest_mexicana_7,Sabor Mexicano,Mexicana,5.6456389,-73.5178611,2025,8,11,0,0,420,1380,420,1380,420,1380,420,1380,420,1380,362,1414,473,1389,
complementary_plate_mexicana_44,Guacamole,Mexicana,22000,63,4.2,rest_mexicana_20,Taquería,Mexicana,5.6528992,-73.5171885,2024,12,16,0,0,720,1380,720,1380,720,1380,720,1380,720,1380,767,1378,697,1368,
complementary_plate_mexicana_45,Chilaquiles Especial,Mexicana,22000,55,4.0,rest_mexicana_7,Cantina,Mexicana,5.625301,-73.5315957,2025,8,12,1,0,600,120,600,120,600,120,600,120,600,120,559,140,621,105,3602270770
complementary_plate_mexicana_46,Pozole,Mexicana,22000,60,4.0,rest_mexicana_8,El Azteca,Mexicana,5.6544806,-73.5103091,2024,4,12,4,0,720,1380,720,1380,720,1380,720,1380,720,1380,726,1427,688,1391,
complementary_plate_mexicana_47,Fajitas Especial,Mexicana,18500,79,3.2,rest_mexicana_19,Sabor Mexicano,Mexicana,5.6569103,-73.538992,2024,2,26,0,1,480,1320,480,1320,480,1320,480,1320,480,1320,527,1326,525,1290,
complementary_plate_mexicana_48,Guacamole,Mexicana,15000,74,4.3,rest_mexicana_5,El Azteca,Mexicana,5.6394825,-73.5258067,2024,7,29,0,1,420,1380,420,1380,420,1380,420,1380,420,1380,363,1420,462,1368,3238692571
complementary_plate_mexicana_49,Guacamole,Mexicana,14500,71,3.4,rest_mexicana_1,Taquería,Mexicana,5.6442501,-73.5087915,2025,6,30,0,1,420,1380,420,1380,420,1380,420,1380,420,1380,371,1420,408,1423,
complementary_plate_mexicana_50,Quesadillas del Chef,Mexicana,10000,72,4.1,rest_mexicana_11,El Azteca,Mexicana,5.6505924,-73.5174443,2024,7,1,0,0,600,120,600,120,600,120,600,120,600,120,552,176,646,177,
complementary_plate_mexicana_51,Guacamole,Mexicana,22000,44,3.0,rest_mexicana_10,Sabor Mexicano,Mexicana,5.6269935,-73.5295535,2024,6,15,5,0,420,1380,420,1380,420,1380,420,1380,420,1380,467,1374,459,1384,3840984409
complementary_plate_mexicana_52,Chilaquiles Especial,Mexicana,13500,79,4.1,rest_mexicana_17,Taquería,Mexicana,5.6401026,-73.5122019,2024,3,25,0,1,480,1320,480,1320,480,1320,480,1320,480,1320,529,1293,526,1311,3269618124
complementary_plate_mexicana_53,Burritos de la Casa,Mexicana,19500,80,4.2,rest_mexicana_3,Sabor Mexicano,Mexicana,5.6359465,-73.5173044,2025,11,22,5,0,600,120,600,120,600,120,600,120,600,120,656,139,548,97,3391947386
complementary_plate_mexicana_54,Guacamole,Mexicana,10000,91,4.2,rest_mexicana_10,El Azteca,Mexicana,5.625855,-73.5081503,2025,11,16,6,0,420,1380,420,1380,420,1380,420,1380,420,1380,465,1353,366,1358,3299104446
complementary_plate_mexicana_55,Pozole,Mexicana,22000,61,4.4,rest_mexicana_14,Cantina,Mexicana,5.6347014,-73.510599,2024,4,20,5,0,420,1380,420,1380,420,1380,420,1380,420,1380,366,1408,412,1372,3363091135
complementary_plate_mexicana_56,Nachos,Mexicana,22000,66,4.6,rest_mexicana_15,Cantina,Mexicana,5.6227269,-73.5155957,2024,11,12,1,0,480,1320,480,1320,480,1320,480,1320,480,1320,513,1337,448,1371,3908809916
complementary_plate_mexicana_57,Quesadillas de la Casa,Mexicana,20500,68,4.1,rest_mexicana_5,Sabor Mexicano,Mexicana,5.6210325,-73.5204729,2024,6,6,3,0,600,120,600,120,600,120,600,120,600,120,560,97,631,147,3395237045
complementary_plate_mexicana_58,Mole,Mexicana,22000,58,4.5,rest_mexicana_2,Cantina,Mexicana,5.6254067,-73.5346727,2025,1,9,3,0,480,1320,480,1320,480,1320,480,1320,480,1320,491,1301,515,1352,3845382619
complementary_plate_mexicana_59,Tostadas,Mexicana,11000,84,3.8,rest_mexicana_7,El Azteca,Mexicana,5.6585246,-73.5295467,2025,11,30,6,0,480,1320,480,1320,480,1320,480,1320,480,1320,518,1323,422,1340,
complementary_plate_mexicana_60,Fajitas,Mexicana,20500,55,3.1,rest_mexicana_12,Sabor Mexicano,Mexicana,5.6419812,-73.523236,2025,7,14,0,1,720,1380,720,1380,720,1380,720,1380,720,1380,718,1379,671,1366,3141535944
complementary_plate_mexicana_61,Chilaquiles,Mexicana,19500,62,2.8,rest_mexicana_4,Sabor Mexicano,Mexicana,5.6586329,-73.516028,2024,3,14,3,0,480,1320,480,1320,480,1320,480,1320,480,1320,479,1359,538,1300,
complementary_plate_mexicana_62,Guacamole,Mexicana,13000,67,3.7,rest_mexicana_15,El Azteca,Mexicana,5.6372999,-73.5194517,2025,9,24,2,1,720,1380,720,1380,720,1380,720,1380,720,1380,660,1398,674,1378,3237657017
complementary_plate_mexicana_63,Chilaquiles,Mexicana,19000,89,4.6,rest_mexicana_9,El Azteca,Mexicana,5.6324726,-73.5284726,2025,3,29,5,0,420,1380,420,1380,420,1380,420,1380,420,1380,408,1365,384,1377,3878393556
complementary_plate_mexicana_64,Quesadillas Clásico,Mexicana,15000,72,3.9,rest_mexicana_14,Taquería,Mexicana,5.6402457,-73.5397414,2025,11,2,6,0,720,1380,720,1380,720,1380,720,1380,720,1380,770,1424,701,1356,3518840046
complementary_plate_mexicana_65,Pozole,Mexicana,22000,41,2.6,rest_mexicana_16,Taquería,Mexicana,5.6375805,-73.5201504,2024,12,26,3,0,420,1380,420,1380,420,1380,420,1380,420,1380,366,1380,417,1376,3719803297
complementary_plate_mexicana_66,Pozole,Mexicana,18000,78,2.9,rest_mexicana_1,Sabor Mexicano,Mexicana,5.6242266,-73.528575,2025,11,22,5,0,720,1380,720,1380,720,1380,720,1380,720,1380,775,1409,754,1413,3316249590
complementary_plate_mexicana_67,Tostadas Especial,Mexicana,22000,63,4.2,rest_mexicana_17,Sabor Mexicano,Mexicana,5.6456331,-73.5106157,2025,5,15,3,1,480,1320,480,1320,480,1320,480,1320,480,1320,532,1352,534,1365,
complementary_plate_mexicana_68,Mole,Mexicana,14500,60,2.8,rest_mexicana_14,Cantina,Mexicana,5.6286415,-73.5390421,2025,6,12,3,0,720,1380,720,1380,720,1380,720,1380,720,1380,733,1419,703,1412,3326625075
complementary_plate_mexicana_69,Quesadillas,Mexicana,17000,75,3.8,rest_mexicana_1,El Azteca,Mexicana,5.6447835,-73.5166069,2024,12,15,6,0,720,1380,720,1380,720,1380,720,1380,720,1380,772,1364,768,1415,
complementary_plate_mexicana_70,Chilaquiles del Chef,Mexicana,15500,81,3.7,rest_mexicana_4,Cantina,Mexicana,5.646008,-73.502341,2024,12,21,5,1,720,1380,720,1380,720,1380,720,1380,720,1380,733,1407,754,1352,
complementary_plate_mexicana_71,Enchiladas del Chef,Mexicana,13000,66,3.4,rest_mexicana_12,Sabor Mexicano,Mexicana,5.626081,-73.5330236,2026,1,22,3,0,600,120,600,120,600,120,600,120,600,120,629,97,591,153,3201303168
complementary_plate_mexicana_72,Quesadillas,Mexicana,13500,91,4.6,rest_mexicana_6,El Azteca,Mexicana,5.622454,-73.521134,2025,3,8,5,0,600,120,600,120,600,120,600,120,600,120,609,108,550,174,3993048246
complementary_plate_mexicana_73,Fajitas,Mexicana,17500,75,3.7,rest_mexicana_9,Cantina,Mexicana,5.6512305,-73.5363431,2025,10,22,2,1,600,120,600,120,600,120,600,120,600,120,626,174,586,91,
complementary_plate_mexicana_74,Quesadillas,Mexicana,12000,86,3.8,rest_mexicana_19,Sabor Mexicano,Mexicana,5.638392,-73.5149727,2025,3,8,5,1,720,1380,720,1380,720,1380,720,1380,720,1380,753,1359,726,1433,3419703424
complementary_plate_mexicana_75,Tamales,Mexicana,19500,72,4.2,rest_mexicana_14,El Azteca,Mexicana,5.6223266,-73.5179787,2025,6,11,2,0,600,120,600,120,600,120,600,120,600,120,636,166,545,161,3112275520
complementary_plate_mexicana_76,Fajitas del Chef,Mexicana,10000,66,3.6,rest_mexicana_18,Sabor Mexicano,Mexicana,5.6597947,-73.5237054,2024,3,30,5,1,480,1320,480,1320,480,1320,480,1320,480,1320,440,1306,534,1294,
complementary_plate_mexicana_77,Nachos Clásico,Mexicana,21500,68,4.0,rest_mexicana_3,Taquería,Mexicana,5.6223112,-73.5191449,2024,4,15,0,0,420,1380,420,1380,420,1380,420,1380,420,1380,424,1387,442,1366,3433425854
complementary_plate_mexicana_78,Chilaquiles Especial,Mexicana,16000,70,3.3,rest_mexicana_12,Cantina,Mexicana,5.6478014,-73.504137,2025,11,5,2,0,420,1380,420,1380,420,1380,420,1380,420,1380,417,1430,429,1414,
complementary_plate_mexicana_79,Guacamole,Mexicana,14000,70,3.7,rest_mexicana_20,Sabor Mexicano,Mexicana,5.6593472,-73.5321482,2026,1,11,6,1,720,1380,720,1380,720,1380,720,1380,720,1380,774,1419,711,1407,
complementary_plate_mexicana_80,Mole,Mexicana,13500,77,3.1,rest_mexicana_20,Cantina,Mexicana,5.6295672,-73.5390974,2024,9,18,2,1,420,1380,420,1380,420,1380,420,1380,420,1380,408,1359,438,1358,3734553769
complementary_plate_mexicana_81,Tamales del Chef,Mexicana,10000,85,3.8,rest_mexicana_5,Cantina,Mexicana,5.62569,-73.5055334,2025,9,2,1,0,600,120,600,120,600,120,600,120,600,120,609,109,649,169,3415904404
complementary_plate_mexicana_82,Tostadas,Mexicana,10000,80,3.5,rest_mexicana_6,Taquería,Mexicana,5.6248554,-73.5169153,2024,12,25,2,0,720,1380,720,1380,720,1380,720,1380,720,1380,723,1354,761,1432,3403637712
complementary_plate_mexicana_83,Pozole Clásico,Mexicana,20000,74,5.0,rest_mexicana_20,Cantina,Mexicana,5.632131,-73.5043737,2025,1,12,6,0,420,1380,420,1380,420,1380,420,1380,420,1380,366,1439,394,1353,3428306709
complementary_plate_mexicana_84,Burritos,Mexicana,20000,50,4.0,rest_mexicana_12,Sabor Mexicano,Mexicana,5.6240418,-73.5161222,2025,2,21,4,0,600,120,600,120,600,120,600,120,600,120,612,94,543,176,3726567778
complementary_plate_mexicana_85,Tamales,Mexicana,22000,72,4.3,rest_mexicana_20,Sabor Mexicano,Mexicana,5.6476865,-73.5075936,2025,2,10,0,0,420,1380,420,1380,420,1380,420,1380,420,1380,383,1417,410,1408,
complementary_plate_mexicana_86,Pozole,Mexicana,22000,64,4.5,rest_mexicana_8,El Azteca,Mexicana,5.6224917,-73.5228131,2025,1,2,3,0,720,1380,720,1380,720,1380,720,1380,720,1380,741,1381,741,1367,3288675279
complementary_plate_mexicana_87,Burritos,Mexicana,11000,92,4.5,rest_mexicana_18,El Azteca,Mexicana,5.6403769,-73.5100056,2025,7,30,2,0,480,1320,480,1320,480,1320,480,1320,480,1320,463,1341,441,1323,3583440647
complementary_plate_mexicana_88,Tamales,Mexicana,14000,74,3.9,rest_mexicana_8,Sabor Mexicano,Mexicana,5.6598679,-73.5034783,2024,2,26,0,0,600,120,600,120,600,120,600,120,600,120,562,133,589,111,
complementary_plate_mexicana_89,Burritos,Mexicana,10000,59,2.8,rest_mexicana_12,Cantina,Mexicana,5.6525588,-73.5171151,2025,1,24,4,0,420,1380,420,1380,420,1380,420,1380,420,1380,373,1378,470,1414,
complementary_plate_mexicana_90,Fajitas,Mexicana,22000,54,4.1,rest_mexicana_10,El Azteca,Mexicana,5.6446088,-73.5327686,2024,9,25,2,0,600,120,600,120,600,120,600,120,600,120,606,123,589,161,
complementary_plate_mexicana_91,Tamales,Mexicana,17000,88,4.2,rest_mexicana_16,Taquería,Mexicana,5.6322501,-73.5292481,2025,10,14,1,1,720,1380,720,1380,720,1380,720,1380,720,1380,660,1374,699,1430,3435778320
complementary_plate_mexicana_92,Fajitas,Mexicana,11500,66,3.4,rest_mexicana_3,El Azteca,Mexicana,5.6449558,-73.5320542,2025,12,30,1,0,720,1380,720,1380,720,1380,720,1380,720,1380,666,1375,726,1440,
complementary_plate_mexicana_93,Nachos,Mexicana,13500,66,3.3,rest_mexicana_7,El Azteca,Mexicana,5.6410817,-73.5301257,2025,3,8,5,0,720,1380,720,1380,720,1380,720,1380,720,1380,710,1389,671,1391,3997903193
complementary_plate_mexicana_94,Enchiladas de la Casa,Mexicana,12500,78,3.4,rest_mexicana_14,Taquería,Mexicana,5.6370433,-73.5277434,2025,6,8,6,1,720,1380,720,1380,720,1380,720,1380,720,1380,753,1372,706,1429,3770168716
complementary_plate_mexicana_95,Quesadillas,Mexicana,16000,76,3.8,rest_mexicana_3,Taquería,Mexicana,5.6252284,-73.5177946,2025,4,22,1,0,420,1380,420,1380,420,1380,420,1380,420,1380,365,1352,439,1384,3463733648
complementary_plate_mexicana_96,Tostadas Especial,Mexicana,22000,72,4.4,rest_mexicana_2,Cantina,Mexicana,5.6554642,-73.5164803,2024,7,12,4,0,420,1380,420,1380,420,1380,420,1380,420,1380,382,1408,409,1428,
complementary_plate_mexicana_97,Enchiladas del Chef,Mexicana,22000,49,3.0,rest_mexicana_6,El Azteca,Mexicana,5.6379914,-73.52294,2024,12,22,6,0,600,120,600,120,600,120,600,120,600,120,540,124,586,106,3565293807
complementary_plate_mexicana_98,Fajitas del Chef,Mexicana,17000,84,3.5,rest_mexicana_18,Cantina,Mexicana,5.6277849,-73.5153832,2024,11,3,6,1,420,1380,420,1380,420,1380,420,1380,420,1380,431,1404,413,1357,3799617708
complementary_plate_mexicana_99,Mole,Mexicana,21500,50,3.7,rest_mexicana_9,El Azteca,Mexicana,5.6347104,-73.536737,2024,3,23,5,0,420,1380,420,1380,420,1380,420,1380,420,1380,398,1371,377,1413,3490449925
complementary_plate_mexicana_100,Nachos,Mexicana,22000,66,3.8,rest_mexicana_20,Sabor Mexicano,Mexicana,5.6365652,-73.5364885,2025,4,1,1,0,600,120,600,120,600,120,600,120,600,120,586,130,640,168,3382128546
complementary_plate_mexicana_1,Tacos al Pastor,Mexicana,50000,37,4.0,rest_mexicana_2,Taquería,Mexicana,5.6531015,-73.5331268,2025,12,28,6,0,480,1320,480,1320,480,1320,480,1320,480,1320,523,1378,474,1332,
complementary_plate_mexicana_2,Pozole Especial,Mexicana,31000,42,2.7,rest_mexicana_4,Sabor Mexicano,Mexicana,5.6493446,-73.5192769,2025,9,25,3,0,420,1380,420,1380,420,1380,420,1380,420,1380,407,1431,389,1425,
complementary_plate_mexicana_3,Fajitas,Mexicana,38000,43,3.3,rest_mexicana_14,Sabor Mexicano,Mexicana,5.6507722,-73.5314402,2024,4,29,0,0,420,1380,420,1380,420,1380,420,1380,420,1380,368,1376,360,1391,
complementary_plate_mexicana_4,Tostadas,Mexicana,37000,45,2.5,rest_mexicana_20,Cantina,Mexicana,5.6204413,-73.5286686,2024,6,16,6,1,480,1320,480,1320,480,1320,480,1320,480,1320,456,1328,456,1356,3350850748
complementary_plate_mexicana_5,Guacamole,Mexicana,34000,60,4.8,rest_mexicana_14,Cantina,Mexicana,5.6366462,-73.5239875,2025,4,13,6,0,720,1380,720,1380,720,1380,720,1380,720,1380,723,1438,779,1378,3428446606
complementary_plate_mexicana_6,Mole Clásico,Mexicana,40500,53,3.2,rest_mexicana_3,El Azteca,Mexicana,5.6392538,-73.5075254,2025,7,7,0,0,480,1320,480,1320,480,1320,480,1320,480,1320,436,1336,528,1355,3416210997
complementary_plate_mexicana_7,Mole,Mexicana,49500,67,4.4,rest_mexicana_7,Taquería,Mexicana,5.6207677,-73.5394455,2025,9,30,1,0,720,1380,720,1380,720,1380,720,1380,720,1380,750,1419,763,1363,3151039740
complementary_plate_mexicana_8,Tacos al Pastor,Mexicana,23500,54,3.7,rest_mexicana_17,Taquería,Mexicana,5.6303925,-73.5140248,2025,11,6,3,0,480,1320,480,1320,480,1320,480,1320,480,1320,500,1329,499,1301,3678150170
complementary_plate_mexicana_9,Mole,Mexicana,33000,68,4.0,rest_mexicana_18,El Azteca,Mexicana,5.6504116,-73.5132449,2026,1,13,1,0,600,120,600,120,600,120,600,120,600,120,573,152,560,116,
complementary_plate_mexicana_10,Pozole,Mexicana,46000,46,3.4,rest_mexicana_16,Sabor Mexicano,Mexicana,5.6254844,-73.5080538,2025,2,13,3,1,600,120,600,120,600,120,600,120,600,120,591,156,630,101,3998180848
complementary_plate_mexicana_11,Nachos,Mexicana,45000,67,4.2,rest_mexicana_19,Cantina,Mexicana,5.6414124,-73.5026899,2025,9,1,0,0,420,1380,420,1380,420,1380,420,1380,420,1380,393,1396,431,1430,3210627230
complementary_plate_mexicana_12,Pozole de la Casa,Mexicana,26500,45,3.1,rest_mexicana_13,Sabor Mexicano,Mexicana,5.6286081,-73.5391945,2025,10,25,5,0,420,1380,420,1380,420,1380,420,1380,420,1380,378,1429,371,1415,3328861172
complementary_plate_mexicana_13,Chilaquiles,Mexicana,36500,65,3.9,rest_mexicana_7,Cantina,Mexicana,5.6204848,-73.5338487,2024,3,5,1,0,720,1380,720,1380,720,1380,720,1380,720,1380,751,1406,675,1432,3977233143
complementary_plate_mexicana_14,Pozole,Mexicana,43500,62,3.7,rest_mexicana_11,Sabor Mexicano,Mexicana,5.6296481,-73.5045531,2026,1,8,3,0,600,120,600,120,600,120,600,120,600,120,640,117,658,162,3884067234
complementary_plate_mexicana_15,Enchiladas Premium,Mexicana,41000,57,4.4,rest_mexicana_11,Taquería,Mexicana,5.659035,-73.5216593,2024,11,26,1,0,720,1380,720,1380,720,1380,720,1380,720,1380,679,1423,732,1428,
complementary_plate_mexicana_16,Enchiladas Clásico,Mexicana,36500,52,2.9,rest_mexicana_8,El Azteca,Mexicana,5.6520615,-73.5174164,2024,2,18,6,0,420,1380,420,1380,420,1380,420,1380,420,1380,390,1420,430,1368,
complementary_plate_mexicana_17,Burritos,Mexicana,50000,33,3.4,rest_mexicana_8,Cantina,Mexicana,5.6583831,-73.5134789,2024,9,20,4,0,420,1380,420,1380,420,1380,420,1380,420,1380,431,1389,394,1403,
complementary_plate_mexicana_18,Tamales,Mexicana,35500,45,2.8,rest_mexicana_16,El Azteca,Mexicana,5.6395142,-73.5128373,2024,6,25,1,0,600,120,600,120,600,120,600,120,600,120,577,121,660,92,3889197781
complementary_plate_mexicana_19,Chilaquiles,Mexicana,35500,74,4.8,rest_mexicana_3,Sabor Mexicano,Mexicana,5.6243894,-73.5027304,2024,11,13,2,0,720,1380,720,1380,720,1380,720,1380,720,1380,774,1407,737,1424,3428858169
complementary_plate_mexicana_20,Chilaquiles de la Casa,Mexicana,50000,27,3.2,rest_mexicana_16,Taquería,Mexicana,5.6419184,-73.500122,2025,7,2,2,0,480,1320,480,1320,480,1320,480,1320,480,1320,462,1321,505,1366,3889700400
complementary_plate_mexicana_21,Enchiladas,Mexicana,50000,44,3.0,rest_mexicana_4,Taquería,Mexicana,5.6381751,-73.5111937,2024,3,17,6,0,720,1380,720,1380,720,1380,720,1380,720,1380,734,1421,777,1416,3833413782
complementary_plate_mexicana_22,Quesadillas,Mexicana,25000,76,5.0,rest_mexicana_18,Taquería,Mexicana,5.6537743,-73.5285112,2025,5,11,6,1,420,1380,420,1380,420,1380,420,1380,420,1380,410,1356,430,1374,
complementary_plate_mexicana_23,Chilaquiles,Mexicana,25500,39,2.9,rest_mexicana_12,Sabor Mexicano,Mexicana,5.6239233,-73.5048099,2024,2,28,2,0,600,120,600,120,600,120,600,120,600,120,606,154,604,162,3536721569
complementary_plate_mexicana_24,Tacos al Pastor Especial,Mexicana,24500,50,3.5,rest_mexicana_9,Sabor Mexicano,Mexicana,5.6395296,-73.5380312,2026,1,20,1,0,720,1380,720,1380,720,1380,720,1380,720,1380,690,1431,728,1400,3240269593
complementary_plate_mexicana_25,Tamales del Chef,Mexicana,41500,68,5.0,rest_mexicana_15,El Azteca,Mexicana,5.6260019,-73.5307568,2025,10,17,4,0,720,1380,720,1380,720,1380,720,1380,720,1380,778,1399,742,1360,3903626798
complementary_plate_mexicana_26,Burritos,Mexicana,40500,68,4.3,rest_mexicana_19,Sabor Mexicano,Mexicana,5.632987,-73.5041046,2024,4,19,4,0,420,1380,420,1380,420,1380,420,1380,420,1380,466,1370,386,1423,3365438169
complementary_plate_mexicana_27,Enchiladas,Mexicana,43500,53,3.5,rest_mexicana_20,Sabor Mexicano,Mexicana,5.6494943,-73.5297523,2025,12,10,2,0,420,1380,420,1380,420,1380,420,1380,420,1380,444,1353,371,1388,
complementary_plate_mexicana_28,Enchiladas,Mexicana,41000,59,4.3,rest_mexicana_20,Cantina,Mexicana,5.6390407,-73.531174,2025,11,3,0,0,480,1320,480,1320,480,1320,480,1320,480,1320,493,1343,480,1300,3792429509
complementary_plate_mexicana_29,Mole,Mexicana,30000,61,3.3,rest_mexicana_4,Sabor Mexicano,Mexicana,5.6350355,-73.534475,2025,8,29,4,1,720,1380,720,1380,720,1380,720,1380,720,1380,710,1356,741,1369,3762112826
complementary_plate_mexicana_30,Burritos,Mexicana,43500,55,3.0,rest_mexicana_4,Taquería,Mexicana,5.6357791,-73.5056355,2025,10,11,5,1,600,120,600,120,600,120,600,120,600,120,599,174,557,96,3771774143
complementary_plate_mexicana_31,Tacos al Pastor,Mexicana,50000,49,3.6,rest_mexicana_5,Taquería,Mexicana,5.6383779,-73.5199977,2024,11,6,2,0,600,120,600,120,600,120,600,120,600,120,553,106,656,113,3612127729
complementary_plate_mexicana_32,Mole Especial,Mexicana,44000,38,2.8,rest_mexicana_7,El Azteca,Mexicana,5.6514007,-73.5130043,2024,7,1,0,1,600,120,600,120,600,120,600,120,600,120,659,121,565,169,
complementary_plate_mexicana_33,Pozole,Mexicana,38000,61,3.9,rest_mexicana_4,El Azteca,Mexicana,5.6556834,-73.5304373,2024,8,22,3,0,600,120,600,120,600,120,600,120,600,120,583,116,608,91,
complementary_plate_mexicana_34,Tacos al Pastor de la Casa,Mexicana,45500,49,3.3,rest_mexicana_1,Sabor Mexicano,Mexicana,5.6582134,-73.5096784,2025,2,26,2,0,420,1380,420,1380,420,1380,420,1380,420,1380,382,1362,371,1386,
complementary_plate_mexicana_35,Quesadillas,Mexicana,27500,50,2.5,rest_mexicana_12,Sabor Mexicano,Mexicana,5.6514761,-73.5095998,2024,2,20,1,0,720,1380,720,1380,720,1380,720,1380,720,1380,679,1426,696,1398,
complementary_plate_mexicana_36,Tacos al Pastor Premium,Mexicana,33000,48,3.5,rest_mexicana_19,El Azteca,Mexicana,5.6326163,-73.5274961,2025,9,28,6,1,600,120,600,120,600,120,600,120,600,120,647,98,643,173,3393992460
complementary_plate_mexicana_37,Burritos,Mexicana,41500,58,3.2,rest_mexicana_12,Sabor Mexicano,Mexicana,5.6475254,-73.5235727,2024,11,29,4,0,480,1320,480,1320,480,1320,480,1320,480,1320,519,1302,449,1348,
complementary_plate_mexicana_38,Enchiladas Clásico,Mexicana,39000,54,4.3,rest_mexicana_1,Taquería,Mexicana,5.6375041,-73.5316124,2025,8,31,6,0,420,1380,420,1380,420,1380,420,1380,420,1380,409,1389,457,1366,3599755894
complementary_plate_mexicana_39,Fajitas,Mexicana,46000,54,3.8,rest_mexicana_18,Cantina,Mexicana,5.6301868,-73.5009376,2025,6,15,6,1,600,120,600,120,600,120,600,120,600,120,659,96,594,105,3152829582
complementary_plate_mexicana_40,Tacos al Pastor,Mexicana,29500,53,3.9,rest_mexicana_14,Taquería,Mexicana,5.6536349,-73.5141759,2024,11,22,4,0,420,1380,420,1380,420,1380,420,1380,420,1380,367,1371,436,1429,
complementary_plate_mexicana_41,Tostadas,Mexicana,26000,70,4.4,rest_mexicana_11,Taquería,Mexicana,5.6215371,-73.5026182,2025,2,21,4,0,600,120,600,120,600,120,600,120,600,120,569,106,556,126,3201241406
complementary_plate_mexicana_42,Tacos al Pastor,Mexicana,28000,66,4.1,rest_mexicana_8,El Azteca,Mexicana,5.6560705,-73.5278646,2026,1,4,6,0,720,1380,720,1380,720,1380,720,1380,720,1380,765,1437,740,1432,
complementary_plate_mexicana_43,Chilaquiles,Mexicana,32500,68,3.9,rest_mexicana_14,Cantina,Mexicana,5.6384591,-73.5087244,2025,1,25,5,0,480,1320,480,1320,480,1320,480,1320,480,1320,422,1368,466,1341,3289151982
complementary_plate_mexicana_44,Fajitas,Mexicana,26000,62,3.9,rest_mexicana_8,Cantina,Mexicana,5.6454881,-73.5093657,2025,8,14,3,0,480,1320,480,1320,480,1320,480,1320,480,1320,467,1346,495,1376,
complementary_plate_mexicana_45,Chilaquiles,Mexicana,26500,59,4.0,rest_mexicana_18,Taquería,Mexicana,5.6463742,-73.5123338,2025,12,23,1,0,600,120,600,120,600,120,600,120,600,120,647,103,557,122,
complementary_plate_mexicana_46,Enchiladas,Mexicana,25000,65,4.6,rest_mexicana_8,Cantina,Mexicana,5.6558047,-73.5013744,2024,7,19,4,0,480,1320,480,1320,480,1320,480,1320,480,1320,522,1355,435,1294,
complementary_plate_mexicana_47,Chilaquiles,Mexicana,22000,51,2.5,rest_mexicana_1,Taquería,Mexicana,5.6454668,-73.5242578,2024,7,29,0,0,600,120,600,120,600,120,600,120,600,120,591,125,637,101,
complementary_plate_mexicana_48,Tacos al Pastor Especial,Mexicana,36500,68,4.3,rest_mexicana_2,El Azteca,Mexicana,5.6445573,-73.5347713,2024,2,16,4,1,420,1380,420,1380,420,1380,420,1380,420,1380,417,1363,378,1425,
complementary_plate_mexicana_49,Chilaquiles,Mexicana,33500,55,4.0,rest_mexicana_8,Taquería,Mexicana,5.6226661,-73.5131316,2024,10,21,0,0,480,1320,480,1320,480,1320,480,1320,480,1320,445,1355,425,1342,3317597539
complementary_plate_mexicana_50,Nachos,Mexicana,29000,64,3.7,rest_mexicana_6,Sabor Mexicano,Mexicana,5.6407363,-73.5108276,2024,12,23,0,0,480,1320,480,1320,480,1320,480,1320,480,1320,426,1326,466,1357,3878905250
complementary_plate_mexicana_51,Quesadillas,Mexicana,46000,51,2.9,rest_mexicana_14,El Azteca,Mexicana,5.6260068,-73.5169976,2024,11,6,2,1,720,1380,720,1380,720,1380,720,1380,720,1380,663,1352,732,1405,3758022303
complementary_plate_mexicana_52,Tostadas,Mexicana,37500,38,2.5,rest_mexicana_7,Sabor Mexicano,Mexicana,5.6494974,-73.5317273,2024,3,21,3,1,420,1380,420,1380,420,1380,420,1380,420,1380,423,1353,386,1365,
complementary_plate_mexicana_53,Guacamole de la Casa,Mexicana,26000,49,3.5,rest_mexicana_12,Sabor Mexicano,Mexicana,5.6404889,-73.5198218,2025,11,18,1,0,720,1380,720,1380,720,1380,720,1380,720,1380,765,1406,778,1382,3459248303
complementary_plate_mexicana_54,Tacos al Pastor,Mexicana,35500,50,3.3,rest_mexicana_14,El Azteca,Mexicana,5.6472091,-73.5275124,2024,12,21,5,1,720,1380,720,1380,720,1380,720,1380,720,1380,766,1367,749,1410,
complementary_plate_mexicana_55,Tacos al Pastor Especial,Mexicana,45000,53,3.9,rest_mexicana_19,Taquería,Mexicana,5.6216669,-73.5229013,2024,11,6,2,1,480,1320,480,1320,480,1320,480,1320,480,1320,459,1332,500,1365,3377759847
complementary_plate_mexicana_56,Mole,Mexicana,29500,59,3.9,rest_mexicana_18,Sabor Mexicano,Mexicana,5.6233917,-73.5141913,2024,7,30,1,0,600,120,600,120,600,120,600,120,600,120,555,122,544,92,3399153303
complementary_plate_mexicana_57,Pozole Especial,Mexicana,47500,67,4.7,rest_mexicana_2,El Azteca,Mexicana,5.6486529,-73.5101914,2025,8,14,3,0,420,1380,420,1380,420,1380,420,1380,420,1380,433,1350,400,1381,
complementary_plate_mexicana_58,Tamales de la Casa,Mexicana,27500,63,3.4,rest_mexicana_8,Cantina,Mexicana,5.6228834,-73.530711,2024,4,23,1,0,480,1320,480,1320,480,1320,480,1320,480,1320,523,1365,458,1372,3908212860
complementary_plate_mexicana_59,Burritos de la Casa,Mexicana,38000,63,4.1,rest_mexicana_14,El Azteca,Mexicana,5.6228503,-73.523787,2025,10,25,5,1,720,1380,720,1380,720,1380,720,1380,720,1380,719,1425,716,1437,3630247824
complementary_plate_mexicana_60,Tacos al Pastor,Mexicana,49000,61,3.6,rest_mexicana_8,El Azteca,Mexicana,5.6204843,-73.5292335,2025,5,28,2,0,480,1320,480,1320,480,1320,480,1320,480,1320,439,1317,482,1326,3741068358
complementary_plate_mexicana_61,Tostadas,Mexicana,48500,73,4.8,rest_mexicana_19,El Azteca,Mexicana,5.6582601,-73.5320547,2024,6,20,3,0,420,1380,420,1380,420,1380,420,1380,420,1380,415,1373,386,1438,
complementary_plate_mexicana_62,Quesadillas Premium,Mexicana,24500,51,3.0,rest_mexicana_15,Taquería,Mexicana,5.6495003,-73.5086645,2025,7,2,2,0,600,120,600,120,600,120,600,120,600,120,643,91,548,123,
complementary_plate_mexicana_63,Burritos,Mexicana,23500,46,2.7,rest_mexicana_1,Taquería,Mexicana,5.6341301,-73.5036299,2025,8,28,3,0,600,120,600,120,600,120,600,120,600,120,644,159,648,111,3933718626
complementary_plate_mexicana_64,Enchiladas,Mexicana,26500,73,4.6,rest_mexicana_4,Cantina,Mexicana,5.6318614,-73.5251907,2025,9,9,1,0,480,1320,480,1320,480,1320,480,1320,480,1320,528,1359,540,1300,3550532127
complementary_plate_mexicana_65,Tamales del Chef,Mexicana,50000,47,3.8,rest_mexicana_18,Taquería,Mexicana,5.6339881,-73.5099488,2025,11,26,2,1,600,120,600,120,600,120,600,120,600,120,542,158,604,170,3100122019
complementary_plate_mexicana_66,Burritos,Mexicana,45500,52,3.1,rest_mexicana_17,El Azteca,Mexicana,5.6509861,-73.5041202,2024,8,21,2,0,420,1380,420,1380,420,1380,420,1380,420,1380,398,1418,377,1370,
complementary_plate_mexicana_67,Tostadas,Mexicana,35500,69,4.5,rest_mexicana_18,Taquería,Mexicana,5.6464548,-73.506155,2025,5,17,5,0,600,120,600,120,600,120,600,120,600,120,604,137,596,91,
complementary_plate_mexicana_68,Burritos Premium,Mexicana,22500,58,3.1,rest_mexicana_19,Sabor Mexicano,Mexicana,5.6274078,-73.5326875,2025,1,13,0,0,600,120,600,120,600,120,600,120,600,120,600,130,600,175,3855153721
complementary_plate_mexicana_69,Pozole,Mexicana,22000,52,3.2,rest_mexicana_16,Sabor Mexicano,Mexicana,5.6269644,-73.5017483,2024,9,1,6,0,420,1380,420,1380,420,1380,420,1380,420,1380,436,1401,371,1432,3262276479
complementary_plate_mexicana_70,Tostadas,Mexicana,31000,54,4.1,rest_mexicana_16,Cantina,Mexicana,5.6239358,-73.5249329,2024,6,24,0,0,720,1380,720,1380,720,1380,720,1380,720,1380,736,1435,714,1421,3779291277
complementary_plate_mexicana_71,Mole,Mexicana,26000,63,3.8,rest_mexicana_14,Taquería,Mexicana,5.6464121,-73.5264304,2024,6,22,5,0,420,1380,420,1380,420,1380,420,1380,420,1380,365,1425,405,1379,
complementary_plate_mexicana_72,Pozole,Mexicana,50000,35,3.9,rest_mexicana_18,Cantina,Mexicana,5.6505749,-73.5375027,2025,4,22,1,0,420,1380,420,1380,420,1380,420,1380,420,1380,414,1355,423,1420,
complementary_plate_mexicana_73,Chilaquiles,Mexicana,30000,52,3.5,rest_mexicana_10,Cantina,Mexicana,5.6306019,-73.5205531,2025,8,4,0,0,420,1380,420,1380,420,1380,420,1380,420,1380,452,1398,405,1363,3723884014
complementary_plate_mexicana_74,Guacamole,Mexicana,40500,55,3.9,rest_mexicana_20,Sabor Mexicano,Mexicana,5.6208378,-73.5356395,2025,5,11,6,1,600,120,600,120,600,120,600,120,600,120,629,171,576,168,3263231741
complementary_plate_mexicana_75,Quesadillas,Mexicana,46500,52,3.8,rest_mexicana_18,Taquería,Mexicana,5.6232869,-73.5300584,2025,9,3,2,0,480,1320,480,1320,480,1320,480,1320,480,1320,454,1347,485,1329,3880734275
complementary_plate_mexicana_76,Tamales de la Casa,Mexicana,48500,53,4.0,rest_mexicana_18,El Azteca,Mexicana,5.6587144,-73.5273223,2024,7,31,2,0,480,1320,480,1320,480,1320,480,1320,480,1320,469,1308,440,1335,
complementary_plate_mexicana_77,Nachos,Mexicana,29500,60,4.0,rest_mexicana_2,Sabor Mexicano,Mexicana,5.6318178,-73.5076469,2024,5,19,6,1,480,1320,480,1320,480,1320,480,1320,480,1320,484,1363,521,1318,3773505466
complementary_plate_mexicana_78,Tostadas,Mexicana,50000,38,4.1,rest_mexicana_1,Taquería,Mexicana,5.6507689,-73.5049805,2024,11,28,3,0,720,1380,720,1380,720,1380,720,1380,720,1380,693,1400,721,1369,
complementary_plate_mexicana_79,Tamales Premium,Mexicana,28500,51,3.6,rest_mexicana_20,El Azteca,Mexicana,5.6449865,-73.5279013,2024,3,31,6,0,480,1320,480,1320,480,1320,480,1320,480,1320,458,1299,447,1304,
complementary_plate_mexicana_80,Enchiladas,Mexicana,40000,36,2.6,rest_mexicana_11,Cantina,Mexicana,5.6352776,-73.5056521,2026,2,6,4,0,720,1380,720,1380,720,1380,720,1380,720,1380,751,1402,673,1379,3775379087
complementary_plate_mexicana_81,Tostadas,Mexicana,37000,53,2.9,rest_mexicana_1,El Azteca,Mexicana,5.6282275,-73.5057108,2024,2,20,1,0,720,1380,720,1380,720,1380,720,1380,720,1380,665,1382,701,1421,3280024509
complementary_plate_mexicana_82,Chilaquiles,Mexicana,50000,44,4.1,rest_mexicana_4,Taquería,Mexicana,5.6248555,-73.509414,2024,5,16,3,1,420,1380,420,1380,420,1380,420,1380,420,1380,476,1385,456,1388,3771233411
complementary_plate_mexicana_83,Mole,Mexicana,44500,60,3.2,rest_mexicana_14,Taquería,Mexicana,5.6446005,-73.5341322,2024,7,6,5,1,420,1380,420,1380,420,1380,420,1380,420,1380,443,1354,471,1374,
complementary_plate_mexicana_84,Tostadas,Mexicana,26000,49,3.6,rest_mexicana_18,El Azteca,Mexicana,5.6509854,-73.5123871,2024,6,8,5,0,480,1320,480,1320,480,1320,480,1320,480,1320,480,1351,534,1298,
complementary_plate_mexicana_85,Quesadillas,Mexicana,36000,60,3.3,rest_mexicana_9,Taquería,Mexicana,5.6457562,-73.502199,2024,11,10,6,1,480,1320,480,1320,480,1320,480,1320,480,1320,530,1341,479,1360,
complementary_plate_mexicana_86,Tamales,Mexicana,22000,56,3.2,rest_mexicana_13,Cantina,Mexicana,5.6412121,-73.5126984,2024,5,6,0,0,480,1320,480,1320,480,1320,480,1320,480,1320,520,1318,527,1331,3655469036
complementary_plate_mexicana_87,Enchiladas,Mexicana,35500,63,4.1,rest_mexicana_20,Cantina,Mexicana,5.621678,-73.5267353,2024,2,24,5,1,600,120,600,120,600,120,600,120,600,120,618,174,608,169,3344987166
complementary_plate_mexicana_88,Nachos,Mexicana,37500,50,3.7,rest_mexicana_11,Taquería,Mexicana,5.6587396,-73.5199768,2025,3,8,5,0,420,1380,420,1380,420,1380,420,1380,420,1380,479,1414,408,1422,
complementary_plate_mexicana_89,Burritos,Mexicana,42500,71,4.2,rest_mexicana_16,Sabor Mexicano,Mexicana,5.6519486,-73.514171,2025,12,9,1,0,420,1380,420,1380,420,1380,420,1380,420,1380,462,1434,366,1364,
complementary_plate_mexicana_90,Tacos al Pastor,Mexicana,26500,58,3.5,rest_mexicana_3,Taquería,Mexicana,5.6317129,-73.5195772,2024,10,9,2,1,720,1380,720,1380,720,1380,720,1380,720,1380,749,1398,773,1438,3110425111
complementary_plate_mexicana_1,Guacamole,Mexicana,50000,41,3.8,rest_mexicana_14,El Azteca,Mexicana,5.6591988,-73.5352019,2025,5,28,2,0,480,1320,480,1320,480,1320,480,1320,480,1320,449,1366,488,1361,
complementary_plate_mexicana_2,Fajitas,Mexicana,68500,31,3.1,rest_mexicana_1,Cantina,Mexicana,5.6440753,-73.5275174,2024,9,27,4,0,480,1320,480,1320,480,1320,480,1320,480,1320,485,1364,453,1331,
complementary_plate_mexicana_3,Nachos Clásico,Mexicana,82000,41,3.3,rest_mexicana_2,El Azteca,Mexicana,5.6432969,-73.5079042,2025,8,7,3,0,480,1320,480,1320,480,1320,480,1320,480,1320,496,1373,503,1363,3370798310
complementary_plate_mexicana_4,Mole del Chef,Mexicana,56500,42,4.3,rest_mexicana_16,Cantina,Mexicana,5.6499229,-73.5055433,2024,11,22,4,1,600,120,600,120,600,120,600,120,600,120,588,177,650,125,
complementary_plate_mexicana_5,Tacos al Pastor Clásico,Mexicana,59000,33,3.5,rest_mexicana_12,El Azteca,Mexicana,5.6524708,-73.534508,2024,11,30,5,1,480,1320,480,1320,480,1320,480,1320,480,1320,461,1345,453,1310,
complementary_plate_mexicana_6,Tamales,Mexicana,90000,37,3.7,rest_mexicana_8,El Azteca,Mexicana,5.6462591,-73.5019045,2025,3,17,0,0,600,120,600,120,600,120,600,120,600,120,583,158,654,93,
complementary_plate_mexicana_7,Nachos de la Casa,Mexicana,90000,36,3.9,rest_mexicana_6,Sabor Mexicano,Mexicana,5.6251238,-73.5268471,2024,4,29,0,1,480,1320,480,1320,480,1320,480,1320,480,1320,474,1306,451,1337,3891580151
complementary_plate_mexicana_8,Guacamole,Mexicana,50000,47,4.3,rest_mexicana_2,El Azteca,Mexicana,5.6335307,-73.5135075,2025,6,17,1,0,420,1380,420,1380,420,1380,420,1380,420,1380,449,1387,366,1363,3814770802
complementary_plate_mexicana_9,Quesadillas,Mexicana,83500,45,3.9,rest_mexicana_16,Cantina,Mexicana,5.6571233,-73.509927,2024,11,25,0,1,600,120,600,120,600,120,600,120,600,120,560,113,555,112,
complementary_plate_mexicana_10,Tamales,Mexicana,90000,36,3.8,rest_mexicana_3,Taquería,Mexicana,5.6289846,-73.5075222,2025,10,23,3,0,420,1380,420,1380,420,1380,420,1380,420,1380,411,1367,457,1390,3681600233
complementary_plate_mexicana_11,Tostadas Clásico,Mexicana,82500,42,3.9,rest_mexicana_1,Cantina,Mexicana,5.6348867,-73.50217,2025,12,7,6,0,420,1380,420,1380,420,1380,420,1380,420,1380,450,1362,371,1397,3385987964
complementary_plate_mexicana_12,Chilaquiles del Chef,Mexicana,65000,40,4.0,rest_mexicana_3,Sabor Mexicano,Mexicana,5.6372831,-73.5274832,2025,7,21,0,0,480,1320,480,1320,480,1320,480,1320,480,1320,480,1365,486,1340,3657575480
complementary_plate_mexicana_13,Chilaquiles,Mexicana,90000,33,3.7,rest_mexicana_6,Cantina,Mexicana,5.6375762,-73.5056597,2025,5,13,1,1,420,1380,420,1380,420,1380,420,1380,420,1380,416,1351,479,1384,3253328591
complementary_plate_mexicana_14,Tacos al Pastor,Mexicana,66500,49,4.7,rest_mexicana_16,El Azteca,Mexicana,5.6445176,-73.5347325,2025,6,17,1,0,480,1320,480,1320,480,1320,480,1320,480,1320,438,1304,537,1311,
complementary_plate_mexicana_15,Mole,Mexicana,53500,36,3.7,rest_mexicana_18,Taquería,Mexicana,5.657723,-73.5117984,2024,10,22,1,0,720,1380,720,1380,720,1380,720,1380,720,1380,715,1394,749,1425,
complementary_plate_mexicana_16,Nachos,Mexicana,71500,56,4.2,rest_mexicana_11,Sabor Mexicano,Mexicana,5.6296277,-73.5103209,2024,9,9,0,0,720,1380,720,1380,720,1380,720,1380,720,1380,707,1383,725,1372,3110298825
complementary_plate_mexicana_17,Pozole Clásico,Mexicana,72000,33,3.7,rest_mexicana_12,El Azteca,Mexicana,5.6248601,-73.5128911,2024,4,9,1,0,420,1380,420,1380,420,1380,420,1380,420,1380,462,1384,366,1354,3378424805
complementary_plate_mexicana_18,Burritos,Mexicana,86500,39,4.0,rest_mexicana_15,Sabor Mexicano,Mexicana,5.6278988,-73.5299074,2025,9,2,1,0,600,120,600,120,600,120,600,120,600,120,583,108,651,115,3234406801
complementary_plate_mexicana_19,Chilaquiles,Mexicana,58000,40,4.2,rest_mexicana_8,Cantina,Mexicana,5.655477,-73.5050783,2025,7,10,3,0,600,120,600,120,600,120,600,120,600,120,627,169,633,100,
complementary_plate_mexicana_20,Tostadas,Mexicana,50000,35,3.4,rest_mexicana_16,Sabor Mexicano,Mexicana,5.6458324,-73.5332457,2025,11,24,0,0,720,1380,720,1380,720,1380,720,1380,720,1380,722,1371,663,1374,
complementary_plate_mexicana_21,Tamales Premium,Mexicana,52000,47,3.9,rest_mexicana_11,Taquería,Mexicana,5.6314363,-73.5378546,2025,5,21,2,0,480,1320,480,1320,480,1320,480,1320,480,1320,503,1359,427,1298,3232988788
complementary_plate_mexicana_22,Fajitas del Chef,Mexicana,86000,37,3.6,rest_mexicana_20,Sabor Mexicano,Mexicana,5.6526379,-73.5113014,2025,5,9,4,0,480,1320,480,1320,480,1320,480,1320,480,1320,469,1367,521,1319,
complementary_plate_mexicana_23,Tacos al Pastor,Mexicana,50000,34,3.0,rest_mexicana_3,Taquería,Mexicana,5.6544548,-73.520981,2024,8,28,2,1,420,1380,420,1380,420,1380,420,1380,420,1380,468,1379,472,1389,
complementary_plate_mexicana_24,Burritos Clásico,Mexicana,74000,54,4.4,rest_mexicana_9,Sabor Mexicano,Mexicana,5.6538606,-73.5060361,2025,4,27,6,0,600,120,600,120,600,120,600,120,600,120,600,154,576,155,
complementary_plate_mexicana_25,Tostadas,Mexicana,90000,31,3.2,rest_mexicana_3,El Azteca,Mexicana,5.6567571,-73.5246641,2024,3,4,0,1,420,1380,420,1380,420,1380,420,1380,420,1380,393,1383,414,1356,
complementary_plate_mexicana_26,Burritos,Mexicana,89500,43,3.3,rest_mexicana_20,El Azteca,Mexicana,5.6300896,-73.5332689,2025,6,5,3,0,720,1380,720,1380,720,1380,720,1380,720,1380,717,1440,760,1420,3716734077
complementary_plate_mexicana_27,Pozole,Mexicana,90000,38,3.2,rest_mexicana_19,Cantina,Mexicana,5.6502017,-73.5065423,2024,5,10,4,1,720,1380,720,1380,720,1380,720,1380,720,1380,728,1408,724,1415,
complementary_plate_mexicana_28,Nachos Clásico,Mexicana,74500,46,3.4,rest_mexicana_5,Cantina,Mexicana,5.6384216,-73.5180436,2024,6,24,0,1,720,1380,720,1380,720,1380,720,1380,720,1380,773,1438,736,1357,3778840982
complementary_plate_mexicana_29,Nachos,Mexicana,90000,47,3.9,rest_mexicana_20,Taquería,Mexicana,5.6536799,-73.5324322,2025,11,7,4,1,480,1320,480,1320,480,1320,480,1320,480,1320,455,1347,507,1307,
complementary_plate_mexicana_30,Tostadas,Mexicana,72500,40,3.3,rest_mexicana_17,Cantina,Mexicana,5.6491396,-73.5111846,2025,8,24,6,0,420,1380,420,1380,420,1380,420,1380,420,1380,382,1384,376,1376,
complementary_plate_mariscos_1,Salmon Grillado,Mariscos,35000,47,3.2,rest_mariscos_13,Del Mar,Mariscos,5.6510579,-73.5195555,2026,1,7,2,0,720,1380,720,1380,720,1380,720,1380,720,1380,732,1363,679,1364,
complementary_plate_mariscos_2,Ceviche del Chef,Mariscos,22500,65,3.8,rest_mariscos_5,Pescados & Mariscos,Mariscos,5.6462465,-73.5158275,2025,8,19,1,0,720,1380,720,1380,720,1380,720,1380,720,1380,682,1416,770,1415,
complementary_plate_mariscos_3,Langostinos,Mariscos,22500,58,3.8,rest_mariscos_3,Mar Azul,Mariscos,5.6270972,-73.5215641,2026,1,21,2,1,480,1320,480,1320,480,1320,480,1320,480,1320,524,1304,421,1313,3506587001
complementary_plate_mariscos_4,Ceviche,Mariscos,35000,46,3.2,rest_mariscos_4,Del Mar,Mariscos,5.6418011,-73.5068516,2025,1,7,1,0,600,120,600,120,600,120,600,120,600,120,595,138,554,95,3878684909
complementary_plate_mariscos_5,Paella Clásico,Mariscos,18000,74,3.8,rest_mariscos_18,Mar Azul,Mariscos,5.6593868,-73.5068175,2025,6,11,2,0,480,1320,480,1320,480,1320,480,1320,480,1320,524,1327,444,1337,
complementary_plate_mariscos_6,Pargo Rojo,Mariscos,23000,70,4.3,rest_mariscos_9,Mar Azul,Mariscos,5.6574955,-73.5116244,2024,9,30,0,1,420,1380,420,1380,420,1380,420,1380,420,1380,443,1381,442,1360,
complementary_plate_mariscos_7,Pargo Rojo,Mariscos,18000,82,4.4,rest_mariscos_1,Mar Azul,Mariscos,5.6217269,-73.5357839,2026,1,2,4,0,720,1380,720,1380,720,1380,720,1380,720,1380,684,1390,699,1402,3177859932
complementary_plate_mariscos_8,Ceviche,Mariscos,19500,75,4.0,rest_mariscos_19,La Costa,Mariscos,5.6265926,-73.5064458,2025,3,6,3,1,480,1320,480,1320,480,1320,480,1320,480,1320,478,1341,537,1313,3808930454
complementary_plate_mariscos_9,Ostras,Mariscos,35000,76,5.0,rest_mariscos_13,Del Mar,Mariscos,5.6252692,-73.5131595,2024,3,24,6,1,600,120,600,120,600,120,600,120,600,120,646,99,582,92,3102050053
complementary_plate_mariscos_10,Paella Clásico,Mariscos,18500,85,4.2,rest_mariscos_3,Mar Azul,Mariscos,5.6490392,-73.512119,2024,2,12,0,0,420,1380,420,1380,420,1380,420,1380,420,1380,371,1359,361,1432,
complementary_plate_mariscos_11,Cazuela de Mariscos,Mariscos,26000,62,4.0,rest_mariscos_16,La Costa,Mariscos,5.6527114,-73.5254807,2024,5,14,1,0,420,1380,420,1380,420,1380,420,1380,420,1380,360,1407,429,1391,
complementary_plate_mariscos_12,Paella,Mariscos,32000,62,5.0,rest_mariscos_18,Pescados & Mariscos,Mariscos,5.6285405,-73.5048288,2025,4,11,4,0,480,1320,480,1320,480,1320,480,1320,480,1320,467,1361,517,1314,3504638865
complementary_plate_mariscos_13,Paella,Mariscos,35000,59,4.6,rest_mariscos_17,Del Mar,Mariscos,5.6402341,-73.5109851,2026,1,22,3,0,600,120,600,120,600,120,600,120,600,120,608,162,612,169,3303888505
complementary_plate_mariscos_14,Pargo Rojo,Mariscos,22000,62,4.0,rest_mariscos_3,Del Mar,Mariscos,5.6536281,-73.5354964,2024,5,18,5,0,600,120,600,120,600,120,600,120,600,120,611,161,606,171,
complementary_plate_mariscos_15,Camarones al Ajillo,Mariscos,19500,94,4.5,rest_mariscos_15,Mar Azul,Mariscos,5.6493121,-73.5236889,2024,7,3,2,1,480,1320,480,1320,480,1320,480,1320,480,1320,467,1365,474,1313,
complementary_plate_mariscos_16,Ceviche Premium,Mariscos,19500,72,4.1,rest_mariscos_12,Del Mar,Mariscos,5.6416895,-73.5045448,2024,2,19,0,1,480,1320,480,1320,480,1320,480,1320,480,1320,508,1366,450,1306,3351119332
complementary_plate_mariscos_17,Trucha del Chef,Mariscos,35000,67,4.3,rest_mariscos_3,La Costa,Mariscos,5.6436139,-73.5381121,2025,9,17,2,1,720,1380,720,1380,720,1380,720,1380,720,1380,708,1351,698,1360,3751044041
complementary_plate_mariscos_18,Viudo de Pescado,Mariscos,18000,78,3.9,rest_mariscos_3,La Costa,Mariscos,5.6403344,-73.5015433,2024,2,14,2,0,420,1380,420,1380,420,1380,420,1380,420,1380,402,1415,400,1365,3413713875
complementary_plate_mariscos_19,Cazuela de Mariscos,Mariscos,30500,61,3.5,rest_mariscos_3,Pescados & Mariscos,Mariscos,5.6319019,-73.5128335,2025,4,25,4,1,600,120,600,120,600,120,600,120,600,120,577,139,617,113,3423029615
complementary_plate_mariscos_20,Arroz con Camarones,Mariscos,32000,61,5.0,rest_mariscos_17,Del Mar,Mariscos,5.6426009,-73.514745,2025,3,1,5,0,720,1380,720,1380,720,1380,720,1380,720,1380,715,1384,682,1370,3677050999
complementary_plate_mariscos_21,Ostras Clásico,Mariscos,18000,73,4.1,rest_mariscos_18,Pescados & Mariscos,Mariscos,5.6475554,-73.5291776,2025,10,22,2,0,600,120,600,120,600,120,600,120,600,120,546,180,652,123,
complementary_plate_mariscos_22,Camarones al Ajillo,Mariscos,20000,72,4.3,rest_mariscos_19,Pescados & Mariscos,Mariscos,5.6549329,-73.5300483,2026,2,4,2,0,420,1380,420,1380,420,1380,420,1380,420,1380,407,1412,466,1355,
complementary_plate_mariscos_23,Ostras,Mariscos,27500,57,4.5,rest_mariscos_13,Mar Azul,Mariscos,5.6454517,-73.5023177,2025,12,4,3,0,720,1380,720,1380,720,1380,720,1380,720,1380,768,1396,723,1350,
complementary_plate_mariscos_24,Arroz con Camarones,Mariscos,18000,78,3.9,rest_mariscos_16,Pescados & Mariscos,Mariscos,5.6504449,-73.5280691,2025,4,27,6,0,420,1380,420,1380,420,1380,420,1380,420,1380,412,1385,366,1408,
complementary_plate_mariscos_25,Ostras Clásico,Mariscos,24500,70,4.3,rest_mariscos_3,Mar Azul,Mariscos,5.6264029,-73.5089798,2025,12,9,1,1,720,1380,720,1380,720,1380,720,1380,720,1380,777,1421,738,1391,3127397770
complementary_plate_mariscos_26,Langostinos,Mariscos,35000,73,4.6,rest_mariscos_13,Del Mar,Mariscos,5.6384623,-73.5242751,2025,11,24,0,0,720,1380,720,1380,720,1380,720,1380,720,1380,680,1438,693,1407,3944799071
complementary_plate_mariscos_27,Trucha,Mariscos,35000,60,4.2,rest_mariscos_4,Mar Azul,Mariscos,5.6203733,-73.5344298,2025,11,5,2,0,480,1320,480,1320,480,1320,480,1320,480,1320,481,1298,427,1334,3419312830
complementary_plate_mariscos_28,Cazuela de Mariscos Especial,Mariscos,33500,73,5.0,rest_mariscos_14,La Costa,Mariscos,5.6298672,-73.5395714,2025,7,31,3,0,480,1320,480,1320,480,1320,480,1320,480,1320,498,1312,528,1349,3723437251
complementary_plate_mariscos_29,Ceviche Premium,Mariscos,23500,60,4.1,rest_mariscos_2,Pescados & Mariscos,Mariscos,5.6490585,-73.5182297,2025,12,24,2,1,480,1320,480,1320,480,1320,480,1320,480,1320,515,1336,449,1346,
complementary_plate_mariscos_30,Salmon Grillado,Mariscos,21500,62,4.4,rest_mariscos_3,Del Mar,Mariscos,5.6596724,-73.5009688,2025,5,20,1,0,480,1320,480,1320,480,1320,480,1320,480,1320,523,1345,495,1330,
complementary_plate_mariscos_31,Arroz con Camarones del Chef,Mariscos,22000,64,3.8,rest_mariscos_19,Del Mar,Mariscos,5.6239671,-73.5252346,2024,12,10,1,0,420,1380,420,1380,420,1380,420,1380,420,1380,449,1387,389,1432,3834839509
complementary_plate_mariscos_32,Pulpo a la Gallega Especial,Mariscos,22000,66,3.7,rest_mariscos_20,Del Mar,Mariscos,5.6360598,-73.5257123,2025,11,8,5,0,600,120,600,120,600,120,600,120,600,120,584,106,616,122,3402480887
complementary_plate_mariscos_33,Cazuela de Mariscos,Mariscos,29000,52,3.5,rest_mariscos_9,Mar Azul,Mariscos,5.6520028,-73.5262363,2026,1,1,3,0,600,120,600,120,600,120,600,120,600,120,565,129,643,158,
complementary_plate_mariscos_34,Salmon Grillado,Mariscos,24500,70,4.2,rest_mariscos_6,Pescados & Mariscos,Mariscos,5.6281614,-73.5191782,2024,3,7,3,0,480,1320,480,1320,480,1320,480,1320,480,1320,439,1335,519,1361,3918507042
complementary_plate_mariscos_35,Viudo de Pescado,Mariscos,35000,56,4.2,rest_mariscos_5,Pescados & Mariscos,Mariscos,5.6422034,-73.5223734,2025,2,26,2,1,600,120,600,120,600,120,600,120,600,120,654,127,567,136,3945061653
complementary_plate_mariscos_36,Ceviche de la Casa,Mariscos,19500,70,3.9,rest_mariscos_18,Pescados & Mariscos,Mariscos,5.6493229,-73.5048034,2024,6,14,4,0,480,1320,480,1320,480,1320,480,1320,480,1320,471,1324,489,1345,
complementary_plate_mariscos_37,Trucha,Mariscos,22000,71,4.4,rest_mariscos_11,La Costa,Mariscos,5.6446394,-73.5197792,2025,8,9,5,0,420,1380,420,1380,420,1380,420,1380,420,1380,474,1388,479,1419,
complementary_plate_mariscos_38,Paella del Chef,Mariscos,35000,70,4.8,rest_mariscos_11,Mar Azul,Mariscos,5.627521,-73.5196897,2025,3,5,2,0,600,120,600,120,600,120,600,120,600,120,657,170,648,128,3668019093
complementary_plate_mariscos_39,Ostras,Mariscos,20500,56,4.0,rest_mariscos_20,La Costa,Mariscos,5.6342154,-73.5344651,2024,11,4,0,0,600,120,600,120,600,120,600,120,600,120,644,146,658,125,3243013743
complementary_plate_mariscos_40,Langostinos,Mariscos,35000,74,5.0,rest_mariscos_2,Mar Azul,Mariscos,5.6513517,-73.5006904,2024,6,8,5,0,420,1380,420,1380,420,1380,420,1380,420,1380,370,1396,410,1370,
complementary_plate_mariscos_41,Ostras,Mariscos,24500,68,4.2,rest_mariscos_20,Mar Azul,Mariscos,5.6421691,-73.5300011,2024,3,26,1,0,420,1380,420,1380,420,1380,420,1380,420,1380,373,1355,423,1430,3168412170
complementary_plate_mariscos_42,Trucha Especial,Mariscos,21500,68,3.9,rest_mariscos_11,Mar Azul,Mariscos,5.6202092,-73.5370654,2025,9,14,6,0,720,1380,720,1380,720,1380,720,1380,720,1380,672,1360,672,1409,3977904844
complementary_plate_mariscos_43,Ostras,Mariscos,18000,85,3.9,rest_mariscos_20,Mar Azul,Mariscos,5.6504396,-73.5134742,2024,12,18,2,0,600,120,600,120,600,120,600,120,600,120,627,139,546,177,
complementary_plate_mariscos_44,Salmon Grillado,Mariscos,27000,66,4.4,rest_mariscos_5,Mar Azul,Mariscos,5.6214125,-73.5161853,2025,11,14,4,0,720,1380,720,1380,720,1380,720,1380,720,1380,700,1384,749,1360,3210679554
complementary_plate_mariscos_45,Camarones al Ajillo Especial,Mariscos,18000,79,4.1,rest_mariscos_14,Mar Azul,Mariscos,5.6498294,-73.5233942,2025,8,29,4,0,600,120,600,120,600,120,600,120,600,120,655,130,640,162,
complementary_plate_mariscos_46,Ostras Clásico,Mariscos,35000,58,3.4,rest_mariscos_20,La Costa,Mariscos,5.6280992,-73.5231123,2024,11,13,2,0,480,1320,480,1320,480,1320,480,1320,480,1320,460,1304,463,1317,3920906059
complementary_plate_mariscos_47,Cazuela de Mariscos Premium,Mariscos,21000,60,4.3,rest_mariscos_20,Pescados & Mariscos,Mariscos,5.6583229,-73.5085974,2024,10,20,6,0,480,1320,480,1320,480,1320,480,1320,480,1320,476,1326,425,1353,
complementary_plate_mariscos_48,Salmon Grillado,Mariscos,35000,69,4.9,rest_mariscos_3,Pescados & Mariscos,Mariscos,5.6347176,-73.5321715,2024,3,26,1,0,420,1380,420,1380,420,1380,420,1380,420,1380,450,1425,446,1396,3907649504
complementary_plate_mariscos_49,Langostinos Especial,Mariscos,35000,57,4.2,rest_mariscos_19,Pescados & Mariscos,Mariscos,5.6330773,-73.5071899,2024,3,2,5,0,480,1320,480,1320,480,1320,480,1320,480,1320,470,1326,506,1369,3877319953
complementary_plate_mariscos_50,Langostinos,Mariscos,25000,54,4.1,rest_mariscos_3,La Costa,Mariscos,5.6259555,-73.5140501,2025,12,3,2,0,480,1320,480,1320,480,1320,480,1320,480,1320,455,1334,436,1294,3617060720
complementary_plate_mariscos_51,Pargo Rojo del Chef,Mariscos,35000,67,4.4,rest_mariscos_8,La Costa,Mariscos,5.6322242,-73.5232412,2025,2,17,0,0,480,1320,480,1320,480,1320,480,1320,480,1320,448,1373,463,1368,3334043642
complementary_plate_mariscos_52,Cazuela de Mariscos,Mariscos,26000,53,3.9,rest_mariscos_19,Del Mar,Mariscos,5.655066,-73.5216789,2024,9,26,3,0,420,1380,420,1380,420,1380,420,1380,420,1380,378,1355,406,1399,
complementary_plate_mariscos_53,Ceviche,Mariscos,32500,74,4.5,rest_mariscos_16,Del Mar,Mariscos,5.6598534,-73.5297341,2024,11,14,3,0,480,1320,480,1320,480,1320,480,1320,480,1320,470,1363,474,1360,
complementary_plate_mariscos_54,Viudo de Pescado,Mariscos,21000,66,3.7,rest_mariscos_7,Pescados & Mariscos,Mariscos,5.6347324,-73.5099154,2025,6,28,5,0,480,1320,480,1320,480,1320,480,1320,480,1320,519,1379,534,1320,3878176278
complementary_plate_mariscos_55,Ceviche,Mariscos,21000,47,3.5,rest_mariscos_13,Del Mar,Mariscos,5.6379444,-73.519485,2024,10,25,4,0,420,1380,420,1380,420,1380,420,1380,420,1380,434,1439,407,1378,3382145481
complementary_plate_mariscos_56,Salmon Grillado,Mariscos,35000,68,4.7,rest_mariscos_16,Mar Azul,Mariscos,5.6488828,-73.5271658,2025,11,24,0,0,420,1380,420,1380,420,1380,420,1380,420,1380,401,1351,387,1370,
complementary_plate_mariscos_57,Arroz con Camarones,Mariscos,27000,65,4.1,rest_mariscos_9,Del Mar,Mariscos,5.6554478,-73.516158,2024,8,5,0,0,600,120,600,120,600,120,600,120,600,120,580,122,556,140,
complementary_plate_mariscos_58,Ostras Premium,Mariscos,35000,56,2.8,rest_mariscos_11,Pescados & Mariscos,Mariscos,5.6437218,-73.5001706,2025,3,28,4,0,480,1320,480,1320,480,1320,480,1320,480,1320,500,1313,504,1363,3829494596
complementary_plate_mariscos_59,Salmon Grillado de la Casa,Mariscos,35000,65,4.1,rest_mariscos_8,Mar Azul,Mariscos,5.635661,-73.5225895,2025,2,7,4,0,480,1320,480,1320,480,1320,480,1320,480,1320,421,1294,493,1295,3345742638
complementary_plate_mariscos_60,Arroz con Camarones Especial,Mariscos,35000,74,4.6,rest_mariscos_13,Mar Azul,Mariscos,5.6365049,-73.5031723,2025,1,9,3,1,600,120,600,120,600,120,600,120,600,120,605,122,571,91,3299537919
complementary_plate_mariscos_1,Pulpo a la Gallega Clásico,Mariscos,66000,42,4.1,rest_mariscos_19,Del Mar,Mariscos,5.6478247,-73.5261993,2025,3,1,5,1,720,1380,720,1380,720,1380,720,1380,720,1380,761,1367,738,1350,
complementary_plate_mariscos_2,Cazuela de Mariscos,Mariscos,56500,45,4.2,rest_mariscos_6,Del Mar,Mariscos,5.6201287,-73.5378107,2025,3,24,0,1,420,1380,420,1380,420,1380,420,1380,420,1380,469,1422,470,1373,3818090269
complementary_plate_mariscos_3,Arroz con Camarones Premium,Mariscos,80000,57,4.3,rest_mariscos_12,Del Mar,Mariscos,5.6447836,-73.5318303,2025,1,24,4,0,480,1320,480,1320,480,1320,480,1320,480,1320,449,1320,473,1375,
complementary_plate_mariscos_4,Ostras,Mariscos,76500,59,4.6,rest_mariscos_4,Mar Azul,Mariscos,5.6342197,-73.5232522,2024,11,8,4,0,480,1320,480,1320,480,1320,480,1320,480,1320,452,1349,479,1293,3788163739
complementary_plate_mariscos_5,Ceviche,Mariscos,38500,72,4.4,rest_mariscos_6,Del Mar,Mariscos,5.6517679,-73.5312146,2024,2,20,1,0,420,1380,420,1380,420,1380,420,1380,420,1380,467,1370,388,1420,
complementary_plate_mariscos_6,Cazuela de Mariscos,Mariscos,69000,40,3.9,rest_mariscos_12,Del Mar,Mariscos,5.6237196,-73.5399909,2026,2,2,0,0,720,1380,720,1380,720,1380,720,1380,720,1380,668,1395,776,1417,3834166252
complementary_plate_mariscos_7,Langostinos,Mariscos,80000,51,4.2,rest_mariscos_18,La Costa,Mariscos,5.6435281,-73.5033999,2024,7,23,1,0,600,120,600,120,600,120,600,120,600,120,553,104,604,145,3380976631
complementary_plate_mariscos_8,Arroz con Camarones Especial,Mariscos,59500,43,4.3,rest_mariscos_17,Del Mar,Mariscos,5.6392389,-73.5062448,2024,7,17,2,0,420,1380,420,1380,420,1380,420,1380,420,1380,432,1409,448,1410,3822176367
complementary_plate_mariscos_9,Viudo de Pescado,Mariscos,42000,66,4.7,rest_mariscos_18,Pescados & Mariscos,Mariscos,5.645693,-73.5103083,2025,11,30,6,1,480,1320,480,1320,480,1320,480,1320,480,1320,516,1333,537,1320,
complementary_plate_mariscos_10,Trucha,Mariscos,80000,56,4.4,rest_mariscos_4,La Costa,Mariscos,5.6225941,-73.5332874,2025,12,14,6,0,720,1380,720,1380,720,1380,720,1380,720,1380,725,1424,721,1372,3131280152
complementary_plate_mariscos_11,Ceviche,Mariscos,35000,67,4.3,rest_mariscos_10,Pescados & Mariscos,Mariscos,5.6431994,-73.5351855,2024,5,18,5,0,720,1380,720,1380,720,1380,720,1380,720,1380,752,1411,680,1350,3302769993
complementary_plate_mariscos_12,Pulpo a la Gallega,Mariscos,80000,56,4.4,rest_mariscos_9,La Costa,Mariscos,5.6424594,-73.5372958,2024,9,26,3,0,720,1380,720,1380,720,1380,720,1380,720,1380,677,1434,679,1357,3735503309
complementary_plate_mariscos_13,Cazuela de Mariscos,Mariscos,38000,59,3.8,rest_mariscos_20,La Costa,Mariscos,5.6424264,-73.5110388,2024,6,25,1,0,720,1380,720,1380,720,1380,720,1380,720,1380,778,1417,755,1364,3461325560
complementary_plate_mariscos_14,Ostras,Mariscos,41500,61,4.2,rest_mariscos_7,Mar Azul,Mariscos,5.6441395,-73.5028477,2024,4,28,6,0,480,1320,480,1320,480,1320,480,1320,480,1320,506,1306,514,1370,
complementary_plate_mariscos_15,Arroz con Camarones,Mariscos,70000,37,4.1,rest_mariscos_12,Del Mar,Mariscos,5.6470587,-73.5227786,2024,9,15,6,0,420,1380,420,1380,420,1380,420,1380,420,1380,479,1439,379,1378,
complementary_plate_mariscos_16,Ceviche Premium,Mariscos,49000,65,3.9,rest_mariscos_11,Mar Azul,Mariscos,5.6521996,-73.5352344,2024,12,6,4,0,480,1320,480,1320,480,1320,480,1320,480,1320,451,1337,511,1314,
complementary_plate_mariscos_17,Salmon Grillado Especial,Mariscos,65500,43,4.3,rest_mariscos_8,La Costa,Mariscos,5.6307928,-73.5195043,2024,6,7,4,1,600,120,600,120,600,120,600,120,600,120,572,140,565,90,3530551414
complementary_plate_mariscos_18,Cazuela de Mariscos,Mariscos,80000,43,3.9,rest_mariscos_3,Pescados & Mariscos,Mariscos,5.653002,-73.5260467,2025,9,24,2,0,600,120,600,120,600,120,600,120,600,120,598,135,590,164,
complementary_plate_mariscos_19,Salmon Grillado Especial,Mariscos,48000,71,4.2,rest_mariscos_13,Del Mar,Mariscos,5.6399302,-73.525007,2025,4,7,0,0,720,1380,720,1380,720,1380,720,1380,720,1380,736,1361,713,1437,3171264168
complementary_plate_mariscos_20,Ceviche,Mariscos,64500,58,4.9,rest_mariscos_20,La Costa,Mariscos,5.6230823,-73.5151468,2025,11,30,6,1,720,1380,720,1380,720,1380,720,1380,720,1380,734,1417,687,1365,3325018904
complementary_plate_mariscos_21,Langostinos de la Casa,Mariscos,45000,74,4.5,rest_mariscos_17,Del Mar,Mariscos,5.622342,-73.5112513,2026,1,23,4,0,600,120,600,120,600,120,600,120,600,120,560,109,612,100,3794576461
complementary_plate_mariscos_22,Paella de la Casa,Mariscos,53500,49,4.2,rest_mariscos_13,Del Mar,Mariscos,5.6333695,-73.5355759,2025,12,27,5,0,420,1380,420,1380,420,1380,420,1380,420,1380,411,1421,473,1397,3785583714
complementary_plate_mariscos_23,Trucha Clásico,Mariscos,67500,56,4.5,rest_mariscos_10,La Costa,Mariscos,5.6513959,-73.5385764,2025,12,7,6,0,600,120,600,120,600,120,600,120,600,120,659,109,550,163,
complementary_plate_mariscos_24,Paella,Mariscos,54000,43,4.3,rest_mariscos_10,Pescados & Mariscos,Mariscos,5.6483072,-73.5002268,2024,3,7,3,0,420,1380,420,1380,420,1380,420,1380,420,1380,398,1433,364,1406,
complementary_plate_mariscos_25,Pulpo a la Gallega,Mariscos,35000,65,3.9,rest_mariscos_15,Del Mar,Mariscos,5.6515446,-73.5306909,2025,8,19,1,0,720,1380,720,1380,720,1380,720,1380,720,1380,732,1403,704,1351,
complementary_plate_mariscos_26,Paella Especial,Mariscos,62500,46,5.0,rest_mariscos_5,Mar Azul,Mariscos,5.6406908,-73.5378468,2025,4,10,3,0,720,1380,720,1380,720,1380,720,1380,720,1380,768,1371,709,1367,3429885449
complementary_plate_mariscos_27,Ostras,Mariscos,51500,60,4.9,rest_mariscos_5,La Costa,Mariscos,5.637608,-73.532405,2025,5,10,5,0,720,1380,720,1380,720,1380,720,1380,720,1380,760,1402,745,1367,3201824010
complementary_plate_mariscos_28,Pargo Rojo,Mariscos,66000,45,3.3,rest_mariscos_8,Del Mar,Mariscos,5.6258981,-73.5384417,2025,9,8,0,0,480,1320,480,1320,480,1320,480,1320,480,1320,488,1353,496,1377,3444245844
complementary_plate_mariscos_29,Paella,Mariscos,62000,48,3.9,rest_mariscos_11,Pescados & Mariscos,Mariscos,5.6331277,-73.5243276,2024,7,13,5,0,480,1320,480,1320,480,1320,480,1320,480,1320,504,1366,493,1377,3464845460
complementary_plate_mariscos_30,Camarones al Ajillo,Mariscos,46500,52,3.4,rest_mariscos_8,La Costa,Mariscos,5.6373608,-73.5079039,2024,8,11,6,0,720,1380,720,1380,720,1380,720,1380,720,1380,752,1386,718,1373,3951483861
complementary_plate_mariscos_31,Ostras,Mariscos,55000,54,4.6,rest_mariscos_12,Mar Azul,Mariscos,5.623544,-73.5263502,2024,2,14,2,1,720,1380,720,1380,720,1380,720,1380,720,1380,693,1375,764,1354,3334515334
complementary_plate_mariscos_32,Camarones al Ajillo de la Casa,Mariscos,80000,54,4.0,rest_mariscos_11,La Costa,Mariscos,5.6288245,-73.5222327,2024,9,13,4,1,600,120,600,120,600,120,600,120,600,120,543,137,632,124,3681794294
complementary_plate_mariscos_33,Camarones al Ajillo Clásico,Mariscos,46000,56,4.1,rest_mariscos_12,Pescados & Mariscos,Mariscos,5.643929,-73.5129765,2024,11,16,5,1,600,120,600,120,600,120,600,120,600,120,615,124,632,171,3162344912
complementary_plate_mariscos_34,Trucha,Mariscos,66500,52,3.9,rest_mariscos_7,Mar Azul,Mariscos,5.6494265,-73.5196442,2024,11,22,4,0,420,1380,420,1380,420,1380,420,1380,420,1380,410,1399,479,1426,
complementary_plate_mariscos_35,Camarones al Ajillo,Mariscos,50000,48,4.8,rest_mariscos_11,Mar Azul,Mariscos,5.6599339,-73.5055422,2024,6,30,6,0,720,1380,720,1380,720,1380,720,1380,720,1380,670,1372,703,1386,
complementary_plate_mariscos_36,Pargo Rojo,Mariscos,58500,53,4.4,rest_mariscos_13,La Costa,Mariscos,5.6573245,-73.5053586,2024,6,27,3,1,480,1320,480,1320,480,1320,480,1320,480,1320,524,1333,443,1341,
complementary_plate_mariscos_37,Langostinos,Mariscos,49500,56,4.3,rest_mariscos_8,La Costa,Mariscos,5.6457026,-73.5396036,2025,9,20,5,0,420,1380,420,1380,420,1380,420,1380,420,1380,468,1407,383,1364,
complementary_plate_mariscos_38,Pulpo a la Gallega,Mariscos,70500,57,4.7,rest_mariscos_18,La Costa,Mariscos,5.6368499,-73.5088781,2024,4,11,3,0,480,1320,480,1320,480,1320,480,1320,480,1320,454,1313,469,1305,3254318968
complementary_plate_mariscos_39,Cazuela de Mariscos,Mariscos,50500,44,3.8,rest_mariscos_7,La Costa,Mariscos,5.6454471,-73.5215707,2025,3,27,3,0,720,1380,720,1380,720,1380,720,1380,720,1380,761,1370,780,1403,
complementary_plate_mariscos_40,Viudo de Pescado,Mariscos,80000,47,4.5,rest_mariscos_18,Mar Azul,Mariscos,5.6514261,-73.5004464,2026,1,7,2,0,600,120,600,120,600,120,600,120,600,120,612,142,568,174,
complementary_plate_mariscos_41,Arroz con Camarones,Mariscos,42500,51,3.4,rest_mariscos_12,Mar Azul,Mariscos,5.6247334,-73.5206707,2025,11,17,0,1,600,120,600,120,600,120,600,120,600,120,660,157,645,135,3317421877
complementary_plate_mariscos_42,Arroz con Camarones,Mariscos,49000,66,3.8,rest_mariscos_14,La Costa,Mariscos,5.6363962,-73.5005242,2025,8,10,6,1,480,1320,480,1320,480,1320,480,1320,480,1320,537,1361,455,1330,3269186634
complementary_plate_mariscos_43,Viudo de Pescado,Mariscos,50000,43,3.8,rest_mariscos_6,Del Mar,Mariscos,5.6535921,-73.5098172,2025,7,23,2,0,420,1380,420,1380,420,1380,420,1380,420,1380,394,1437,443,1436,
complementary_plate_mariscos_44,Langostinos de la Casa,Mariscos,69500,52,4.5,rest_mariscos_19,Del Mar,Mariscos,5.6353533,-73.5300558,2025,9,24,2,1,600,120,600,120,600,120,600,120,600,120,641,133,652,108,3417612272
complementary_plate_mariscos_45,Langostinos,Mariscos,62000,44,3.5,rest_mariscos_2,Mar Azul,Mariscos,5.6428749,-73.5184642,2025,4,27,6,0,600,120,600,120,600,120,600,120,600,120,627,131,592,114,3141604850
complementary_plate_mariscos_46,Trucha,Mariscos,55000,37,3.3,rest_mariscos_17,La Costa,Mariscos,5.6435108,-73.5003146,2025,3,10,0,0,420,1380,420,1380,420,1380,420,1380,420,1380,464,1369,464,1406,3713729809
complementary_plate_mariscos_47,Arroz con Camarones Especial,Mariscos,50000,52,4.7,rest_mariscos_11,La Costa,Mariscos,5.6273791,-73.5056988,2025,7,31,3,1,480,1320,480,1320,480,1320,480,1320,480,1320,423,1309,481,1377,3563663586
complementary_plate_mariscos_48,Pulpo a la Gallega,Mariscos,69500,50,4.0,rest_mariscos_13,Mar Azul,Mariscos,5.6344894,-73.5361053,2025,6,29,6,0,720,1380,720,1380,720,1380,720,1380,720,1380,675,1404,663,1427,3223061236
complementary_plate_mariscos_49,Langostinos,Mariscos,53500,47,4.6,rest_mariscos_5,La Costa,Mariscos,5.6333805,-73.5117451,2025,2,12,2,1,600,120,600,120,600,120,600,120,600,120,561,94,565,105,3457566297
complementary_plate_mariscos_50,Arroz con Camarones,Mariscos,36500,65,4.8,rest_mariscos_12,Del Mar,Mariscos,5.6210479,-73.5261768,2025,5,30,4,0,720,1380,720,1380,720,1380,720,1380,720,1380,776,1353,736,1432,3945060751
complementary_plate_mariscos_51,Salmon Grillado,Mariscos,68000,52,4.3,rest_mariscos_6,Pescados & Mariscos,Mariscos,5.6209677,-73.5397207,2025,9,8,0,0,420,1380,420,1380,420,1380,420,1380,420,1380,438,1395,465,1434,3148544005
complementary_plate_mariscos_52,Trucha,Mariscos,35000,56,4.1,rest_mariscos_10,Pescados & Mariscos,Mariscos,5.6532679,-73.5238608,2026,2,5,3,0,600,120,600,120,600,120,600,120,600,120,569,179,618,114,
complementary_plate_mariscos_53,Camarones al Ajillo,Mariscos,80000,48,4.5,rest_mariscos_14,Pescados & Mariscos,Mariscos,5.6309228,-73.5306098,2024,11,30,5,0,600,120,600,120,600,120,600,120,600,120,628,178,646,118,3260511339
complementary_plate_mariscos_54,Ceviche,Mariscos,63500,45,4.3,rest_mariscos_17,Del Mar,Mariscos,5.6407232,-73.5072452,2025,12,22,0,0,420,1380,420,1380,420,1380,420,1380,420,1380,364,1410,410,1361,3373617386
complementary_plate_mariscos_55,Trucha Premium,Mariscos,80000,55,4.6,rest_mariscos_4,Del Mar,Mariscos,5.631949,-73.5265068,2025,12,29,0,0,600,120,600,120,600,120,600,120,600,120,617,153,640,105,3342377134
complementary_plate_mariscos_56,Camarones al Ajillo,Mariscos,54500,46,3.5,rest_mariscos_18,Pescados & Mariscos,Mariscos,5.6576272,-73.5068991,2024,7,15,0,0,600,120,600,120,600,120,600,120,600,120,555,109,590,102,
complementary_plate_mariscos_57,Paella Clásico,Mariscos,44500,66,4.6,rest_mariscos_16,La Costa,Mariscos,5.6303719,-73.5399761,2024,12,21,5,0,480,1320,480,1320,480,1320,480,1320,480,1320,529,1353,505,1370,3949185065
complementary_plate_mariscos_58,Langostinos Premium,Mariscos,60000,61,4.9,rest_mariscos_6,Pescados & Mariscos,Mariscos,5.6371863,-73.5276872,2025,9,14,6,0,420,1380,420,1380,420,1380,420,1380,420,1380,416,1383,376,1368,3479469899
complementary_plate_mariscos_59,Arroz con Camarones,Mariscos,49000,64,4.0,rest_mariscos_6,Pescados & Mariscos,Mariscos,5.6549092,-73.5303534,2024,3,28,3,0,480,1320,480,1320,480,1320,480,1320,480,1320,516,1367,457,1322,
complementary_plate_mariscos_60,Pargo Rojo Clásico,Mariscos,80000,49,3.8,rest_mariscos_2,Pescados & Mariscos,Mariscos,5.6536773,-73.5306573,2025,1,22,2,1,420,1380,420,1380,420,1380,420,1380,420,1380,411,1357,408,1373,
complementary_plate_mariscos_61,Langostinos,Mariscos,46500,60,4.2,rest_mariscos_2,Mar Azul,Mariscos,5.6274441,-73.5372725,2024,8,11,6,0,720,1380,720,1380,720,1380,720,1380,720,1380,766,1431,761,1411,3384391299
complementary_plate_mariscos_62,Langostinos,Mariscos,80000,54,4.3,rest_mariscos_18,La Costa,Mariscos,5.6521057,-73.532515,2025,6,17,1,0,600,120,600,120,600,120,600,120,600,120,627,152,575,103,
complementary_plate_mariscos_63,Ceviche Especial,Mariscos,56000,53,5.0,rest_mariscos_6,Pescados & Mariscos,Mariscos,5.6383275,-73.517778,2025,1,8,2,1,480,1320,480,1320,480,1320,480,1320,480,1320,503,1361,461,1309,3289831809
complementary_plate_mariscos_64,Langostinos,Mariscos,63000,50,5.0,rest_mariscos_12,Del Mar,Mariscos,5.6393188,-73.5283456,2024,4,5,4,1,480,1320,480,1320,480,1320,480,1320,480,1320,485,1326,504,1341,3365797081
complementary_plate_mariscos_65,Ceviche,Mariscos,59500,38,4.1,rest_mariscos_3,La Costa,Mariscos,5.6253392,-73.5233042,2024,7,4,3,0,480,1320,480,1320,480,1320,480,1320,480,1320,460,1325,521,1350,3208401466
complementary_plate_mariscos_66,Cazuela de Mariscos,Mariscos,74000,55,4.6,rest_mariscos_14,La Costa,Mariscos,5.6232241,-73.5249253,2025,3,6,3,0,480,1320,480,1320,480,1320,480,1320,480,1320,467,1301,474,1324,3251904154
complementary_plate_mariscos_67,Ostras,Mariscos,48000,65,4.7,rest_mariscos_11,Pescados & Mariscos,Mariscos,5.6491176,-73.5049638,2024,6,11,1,1,480,1320,480,1320,480,1320,480,1320,480,1320,492,1375,431,1363,
complementary_plate_mariscos_68,Ceviche Especial,Mariscos,43000,62,4.2,rest_mariscos_14,La Costa,Mariscos,5.6398584,-73.503788,2025,8,18,0,0,600,120,600,120,600,120,600,120,600,120,585,113,547,151,3383775566
complementary_plate_mariscos_69,Viudo de Pescado,Mariscos,41000,54,3.6,rest_mariscos_10,Mar Azul,Mariscos,5.637474,-73.5202817,2025,9,6,5,0,480,1320,480,1320,480,1320,480,1320,480,1320,429,1369,530,1373,3192307454
complementary_plate_mariscos_70,Pargo Rojo,Mariscos,35000,51,3.5,rest_mariscos_2,Del Mar,Mariscos,5.6491803,-73.5267938,2024,12,18,2,1,720,1380,720,1380,720,1380,720,1380,720,1380,733,1381,756,1405,
complementary_plate_mariscos_71,Viudo de Pescado,Mariscos,35000,63,4.6,rest_mariscos_15,Pescados & Mariscos,Mariscos,5.6506205,-73.535728,2025,9,24,2,1,720,1380,720,1380,720,1380,720,1380,720,1380,669,1371,714,1412,
complementary_plate_mariscos_72,Trucha,Mariscos,73000,53,4.4,rest_mariscos_18,Del Mar,Mariscos,5.6263563,-73.5018639,2024,4,13,5,1,480,1320,480,1320,480,1320,480,1320,480,1320,478,1333,509,1363,3666786750
complementary_plate_mariscos_73,Salmon Grillado,Mariscos,45500,51,3.6,rest_mariscos_4,La Costa,Mariscos,5.644409,-73.5375909,2025,7,14,0,0,420,1380,420,1380,420,1380,420,1380,420,1380,390,1431,479,1376,
complementary_plate_mariscos_74,Trucha,Mariscos,51500,41,3.3,rest_mariscos_8,La Costa,Mariscos,5.6254142,-73.528094,2025,8,4,0,0,600,120,600,120,600,120,600,120,600,120,582,129,564,93,3156620918
complementary_plate_mariscos_75,Cazuela de Mariscos,Mariscos,50500,38,3.6,rest_mariscos_16,Mar Azul,Mariscos,5.650055,-73.5280774,2025,2,14,4,1,720,1380,720,1380,720,1380,720,1380,720,1380,665,1370,675,1425,
complementary_plate_mariscos_76,Pulpo a la Gallega,Mariscos,35000,70,4.4,rest_mariscos_5,Mar Azul,Mariscos,5.6462782,-73.5271839,2026,2,5,3,1,420,1380,420,1380,420,1380,420,1380,420,1380,396,1422,441,1408,
complementary_plate_mariscos_77,Salmon Grillado de la Casa,Mariscos,56500,45,4.7,rest_mariscos_19,Del Mar,Mariscos,5.6582646,-73.5334285,2025,4,8,1,1,600,120,600,120,600,120,600,120,600,120,590,129,579,159,
complementary_plate_mariscos_78,Paella de la Casa,Mariscos,69000,54,4.0,rest_mariscos_2,La Costa,Mariscos,5.6227583,-73.5086735,2024,11,27,2,0,600,120,600,120,600,120,600,120,600,120,658,129,653,101,3500274299
complementary_plate_mariscos_79,Camarones al Ajillo,Mariscos,37500,62,4.4,rest_mariscos_7,Pescados & Mariscos,Mariscos,5.6222822,-73.5351001,2024,10,13,6,0,420,1380,420,1380,420,1380,420,1380,420,1380,364,1352,412,1381,3856434955
complementary_plate_mariscos_80,Arroz con Camarones de la Casa,Mariscos,38500,63,4.0,rest_mariscos_19,Mar Azul,Mariscos,5.6312875,-73.5146037,2025,10,17,4,0,600,120,600,120,600,120,600,120,600,120,574,162,594,168,3789324172
complementary_plate_mariscos_81,Camarones al Ajillo,Mariscos,72000,57,4.4,rest_mariscos_15,La Costa,Mariscos,5.6304682,-73.5350462,2024,6,9,6,0,720,1380,720,1380,720,1380,720,1380,720,1380,732,1439,708,1378,3453748733
complementary_plate_mariscos_82,Trucha,Mariscos,62000,28,3.0,rest_mariscos_7,Del Mar,Mariscos,5.6298792,-73.5371786,2024,3,18,0,1,720,1380,720,1380,720,1380,720,1380,720,1380,707,1394,674,1370,3801525546
complementary_plate_mariscos_83,Pargo Rojo,Mariscos,53500,44,4.2,rest_mariscos_13,La Costa,Mariscos,5.6562502,-73.5036228,2024,5,21,1,0,420,1380,420,1380,420,1380,420,1380,420,1380,390,1360,469,1390,
complementary_plate_mariscos_84,Pulpo a la Gallega Clásico,Mariscos,35500,59,3.8,rest_mariscos_10,La Costa,Mariscos,5.6299818,-73.5323948,2025,6,25,2,0,420,1380,420,1380,420,1380,420,1380,420,1380,412,1434,415,1381,3390144720
complementary_plate_mariscos_85,Paella,Mariscos,45000,60,4.6,rest_mariscos_8,Pescados & Mariscos,Mariscos,5.630878,-73.50715,2024,5,25,5,0,480,1320,480,1320,480,1320,480,1320,480,1320,521,1329,498,1305,3140322851
complementary_plate_mariscos_86,Pargo Rojo de la Casa,Mariscos,65500,46,4.3,rest_mariscos_17,La Costa,Mariscos,5.6503759,-73.5182148,2026,1,20,1,0,420,1380,420,1380,420,1380,420,1380,420,1380,434,1407,396,1378,
complementary_plate_mariscos_87,Trucha,Mariscos,49500,54,2.9,rest_mariscos_19,Del Mar,Mariscos,5.6379896,-73.5368857,2025,6,28,5,0,720,1380,720,1380,720,1380,720,1380,720,1380,688,1356,735,1392,3476201735
complementary_plate_mariscos_88,Pargo Rojo,Mariscos,52500,62,5.0,rest_mariscos_6,Mar Azul,Mariscos,5.6510684,-73.5017821,2024,3,1,4,0,480,1320,480,1320,480,1320,480,1320,480,1320,451,1310,433,1291,
complementary_plate_mariscos_89,Pulpo a la Gallega del Chef,Mariscos,37500,53,3.7,rest_mariscos_10,La Costa,Mariscos,5.6226146,-73.5301216,2025,7,24,3,1,600,120,600,120,600,120,600,120,600,120,637,95,601,131,3486187353
complementary_plate_mariscos_90,Arroz con Camarones Premium,Mariscos,60500,43,3.5,rest_mariscos_1,Mar Azul,Mariscos,5.6395028,-73.5056142,2025,6,1,6,0,420,1380,420,1380,420,1380,420,1380,420,1380,403,1410,462,1424,3509572047
complementary_plate_mariscos_91,Paella Premium,Mariscos,55000,54,4.7,rest_mariscos_2,Pescados & Mariscos,Mariscos,5.6213445,-73.5332476,2024,7,6,5,0,420,1380,420,1380,420,1380,420,1380,420,1380,395,1422,415,1388,3929999907
complementary_plate_mariscos_92,Cazuela de Mariscos,Mariscos,54000,42,4.1,rest_mariscos_13,Del Mar,Mariscos,5.6225061,-73.5058423,2025,3,2,6,0,720,1380,720,1380,720,1380,720,1380,720,1380,774,1395,673,1367,3959245339
complementary_plate_mariscos_93,Salmon Grillado,Mariscos,49000,59,3.9,rest_mariscos_18,Del Mar,Mariscos,5.6562575,-73.5394708,2026,2,4,2,1,600,120,600,120,600,120,600,120,600,120,564,132,614,133,
complementary_plate_mariscos_94,Cazuela de Mariscos,Mariscos,68500,52,5.0,rest_mariscos_10,La Costa,Mariscos,5.6255698,-73.5195288,2024,7,21,6,0,480,1320,480,1320,480,1320,480,1320,480,1320,538,1363,498,1317,3475613276
complementary_plate_mariscos_95,Langostinos,Mariscos,50500,46,5.0,rest_mariscos_18,Pescados & Mariscos,Mariscos,5.6412968,-73.5092223,2024,7,31,2,0,420,1380,420,1380,420,1380,420,1380,420,1380,449,1391,410,1399,3643128750
complementary_plate_mariscos_96,Langostinos Premium,Mariscos,47500,65,4.6,rest_mariscos_8,Pescados & Mariscos,Mariscos,5.6364438,-73.5026082,2026,1,3,5,0,480,1320,480,1320,480,1320,480,1320,480,1320,533,1316,457,1313,3618352971
complementary_plate_mariscos_97,Paella,Mariscos,61500,49,4.3,rest_mariscos_10,Mar Azul,Mariscos,5.6338937,-73.5036319,2026,1,18,6,0,420,1380,420,1380,420,1380,420,1380,420,1380,418,1387,383,1383,3260317028
complementary_plate_mariscos_98,Ostras,Mariscos,54500,41,4.2,rest_mariscos_1,Del Mar,Mariscos,5.6559933,-73.507215,2024,8,2,4,0,600,120,600,120,600,120,600,120,600,120,631,164,593,154,
complementary_plate_mariscos_99,Pargo Rojo de la Casa,Mariscos,50000,55,4.3,rest_mariscos_3,Mar Azul,Mariscos,5.6208729,-73.5044723,2025,9,3,2,1,420,1380,420,1380,420,1380,420,1380,420,1380,450,1440,474,1368,3227757974
complementary_plate_mariscos_100,Pulpo a la Gallega,Mariscos,44000,63,3.9,rest_mariscos_7,Mar Azul,Mariscos,5.6465516,-73.5320312,2025,4,3,3,0,600,120,600,120,600,120,600,120,600,120,653,126,548,149,
complementary_plate_mariscos_1,Ceviche,Mariscos,115000,55,4.1,rest_mariscos_13,La Costa,Mariscos,5.6585358,-73.5286326,2024,12,1,6,0,480,1320,480,1320,480,1320,480,1320,480,1320,439,1319,488,1336,
complementary_plate_mariscos_2,Langostinos,Mariscos,86000,37,3.5,rest_mariscos_8,Pescados & Mariscos,Mariscos,5.6424067,-73.5284413,2024,5,9,3,0,720,1380,720,1380,720,1380,720,1380,720,1380,717,1393,753,1370,3799204678
complementary_plate_mariscos_3,Pargo Rojo Premium,Mariscos,123500,38,4.2,rest_mariscos_8,Pescados & Mariscos,Mariscos,5.6574729,-73.5249178,2026,1,27,1,0,720,1380,720,1380,720,1380,720,1380,720,1380,662,1367,702,1401,
complementary_plate_mariscos_4,Viudo de Pescado,Mariscos,97500,44,3.9,rest_mariscos_14,Mar Azul,Mariscos,5.6220903,-73.5242672,2024,3,22,4,1,720,1380,720,1380,720,1380,720,1380,720,1380,685,1382,712,1409,3618118579
complementary_plate_mariscos_5,Arroz con Camarones del Chef,Mariscos,200000,30,3.5,rest_mariscos_8,La Costa,Mariscos,5.6367517,-73.5182178,2025,3,21,4,0,420,1380,420,1380,420,1380,420,1380,420,1380,479,1351,416,1404,3139028092
complementary_plate_mariscos_6,Ceviche,Mariscos,200000,41,3.5,rest_mariscos_19,Pescados & Mariscos,Mariscos,5.6304063,-73.5336048,2025,6,15,6,0,720,1380,720,1380,720,1380,720,1380,720,1380,695,1432,707,1376,3925093412
complementary_plate_mariscos_7,Pulpo a la Gallega Premium,Mariscos,83500,47,4.3,rest_mariscos_18,Mar Azul,Mariscos,5.6492328,-73.5123501,2025,9,29,0,0,600,120,600,120,600,120,600,120,600,120,561,120,543,117,
complementary_plate_mariscos_8,Cazuela de Mariscos,Mariscos,104500,52,4.4,rest_mariscos_5,Pescados & Mariscos,Mariscos,5.6592519,-73.5332973,2025,8,23,5,0,600,120,600,120,600,120,600,120,600,120,548,164,643,92,
complementary_plate_mariscos_9,Ostras,Mariscos,108500,49,3.8,rest_mariscos_18,La Costa,Mariscos,5.6302612,-73.5275877,2024,4,1,0,1,480,1320,480,1320,480,1320,480,1320,480,1320,532,1337,427,1346,3932388526
complementary_plate_mariscos_10,Ostras,Mariscos,200000,50,4.0,rest_mariscos_4,La Costa,Mariscos,5.646167,-73.5198662,2024,12,10,1,0,480,1320,480,1320,480,1320,480,1320,480,1320,526,1350,502,1371,
complementary_plate_mariscos_11,Trucha,Mariscos,116500,39,3.9,rest_mariscos_16,Del Mar,Mariscos,5.6279239,-73.5081424,2025,9,2,1,0,420,1380,420,1380,420,1380,420,1380,420,1380,366,1399,406,1431,3326612659
complementary_plate_mariscos_12,Camarones al Ajillo,Mariscos,131500,44,3.6,rest_mariscos_13,La Costa,Mariscos,5.6426132,-73.5104212,2025,1,8,2,0,420,1380,420,1380,420,1380,420,1380,420,1380,424,1358,383,1369,3793067538
complementary_plate_mariscos_13,Langostinos,Mariscos,150500,48,4.4,rest_mariscos_19,Pescados & Mariscos,Mariscos,5.6385573,-73.5141786,2024,11,1,4,0,420,1380,420,1380,420,1380,420,1380,420,1380,477,1414,452,1368,3409219945
complementary_plate_mariscos_14,Ceviche,Mariscos,80000,43,4.4,rest_mariscos_2,Del Mar,Mariscos,5.6588802,-73.5337691,2024,8,30,4,0,720,1380,720,1380,720,1380,720,1380,720,1380,672,1366,670,1361,
complementary_plate_mariscos_15,Ceviche,Mariscos,167000,38,3.7,rest_mariscos_2,Mar Azul,Mariscos,5.6443411,-73.5181182,2024,10,29,1,1,420,1380,420,1380,420,1380,420,1380,420,1380,448,1420,413,1428,
complementary_plate_mariscos_16,Langostinos,Mariscos,101000,60,5.0,rest_mariscos_19,La Costa,Mariscos,5.6339803,-73.5365021,2025,10,23,3,0,420,1380,420,1380,420,1380,420,1380,420,1380,448,1354,462,1430,3299252132
complementary_plate_mariscos_17,Viudo de Pescado,Mariscos,120000,56,4.3,rest_mariscos_16,Pescados & Mariscos,Mariscos,5.6245638,-73.5249055,2025,9,14,6,1,420,1380,420,1380,420,1380,420,1380,420,1380,382,1426,400,1364,3143640858
complementary_plate_mariscos_18,Arroz con Camarones,Mariscos,200000,45,4.8,rest_mariscos_5,La Costa,Mariscos,5.6260499,-73.5234593,2025,4,16,2,0,420,1380,420,1380,420,1380,420,1380,420,1380,391,1378,431,1408,3790642230
complementary_plate_mariscos_19,Camarones al Ajillo,Mariscos,146500,51,4.4,rest_mariscos_13,La Costa,Mariscos,5.6290127,-73.5384075,2024,6,11,1,0,480,1320,480,1320,480,1320,480,1320,480,1320,468,1312,468,1376,3760995059
complementary_plate_mariscos_20,Langostinos,Mariscos,108500,57,4.4,rest_mariscos_10,La Costa,Mariscos,5.6300387,-73.5290405,2025,4,11,4,1,720,1380,720,1380,720,1380,720,1380,720,1380,754,1350,748,1419,3303645212
complementary_plate_mariscos_21,Viudo de Pescado,Mariscos,142500,48,5.0,rest_mariscos_9,La Costa,Mariscos,5.6540246,-73.501774,2026,1,25,6,1,480,1320,480,1320,480,1320,480,1320,480,1320,459,1354,527,1356,
complementary_plate_mariscos_22,Pargo Rojo,Mariscos,142500,55,4.5,rest_mariscos_20,La Costa,Mariscos,5.6424489,-73.5018547,2025,11,25,1,0,480,1320,480,1320,480,1320,480,1320,480,1320,522,1311,421,1337,3178058309
complementary_plate_mariscos_23,Pulpo a la Gallega,Mariscos,153500,60,4.6,rest_mariscos_14,Pescados & Mariscos,Mariscos,5.6409356,-73.5259069,2024,12,27,4,0,720,1380,720,1380,720,1380,720,1380,720,1380,760,1437,717,1413,3514716734
complementary_plate_mariscos_24,Paella,Mariscos,144500,48,4.9,rest_mariscos_16,Pescados & Mariscos,Mariscos,5.6245908,-73.538276,2024,10,31,3,1,720,1380,720,1380,720,1380,720,1380,720,1380,772,1426,754,1390,3577062307
complementary_plate_mariscos_25,Pargo Rojo,Mariscos,185000,39,4.3,rest_mariscos_13,Del Mar,Mariscos,5.6544056,-73.5328362,2025,11,16,6,0,420,1380,420,1380,420,1380,420,1380,420,1380,461,1371,380,1395,
complementary_plate_mariscos_26,Salmon Grillado,Mariscos,198000,47,4.2,rest_mariscos_19,Pescados & Mariscos,Mariscos,5.6489126,-73.5243113,2025,9,5,4,0,480,1320,480,1320,480,1320,480,1320,480,1320,438,1367,437,1293,
complementary_plate_mariscos_27,Langostinos,Mariscos,200000,42,4.4,rest_mariscos_19,La Costa,Mariscos,5.6227067,-73.5020888,2025,3,20,3,1,480,1320,480,1320,480,1320,480,1320,480,1320,429,1331,538,1342,3639300063
complementary_plate_mariscos_28,Ostras de la Casa,Mariscos,134000,55,4.4,rest_mariscos_10,Pescados & Mariscos,Mariscos,5.6483134,-73.534352,2024,5,10,4,0,720,1380,720,1380,720,1380,720,1380,720,1380,715,1381,719,1435,
complementary_plate_mariscos_29,Salmon Grillado,Mariscos,118000,47,3.9,rest_mariscos_18,Mar Azul,Mariscos,5.6417415,-73.5094594,2024,4,16,1,0,480,1320,480,1320,480,1320,480,1320,480,1320,475,1338,429,1332,3835706257
complementary_plate_mariscos_30,Langostinos,Mariscos,107500,53,4.6,rest_mariscos_9,Mar Azul,Mariscos,5.623269,-73.5356527,2025,12,24,2,0,480,1320,480,1320,480,1320,480,1320,480,1320,444,1316,512,1303,3343440580
complementary_plate_mariscos_31,Arroz con Camarones,Mariscos,132500,42,4.5,rest_mariscos_12,Pescados & Mariscos,Mariscos,5.638332,-73.5007497,2025,11,20,3,0,720,1380,720,1380,720,1380,720,1380,720,1380,668,1432,670,1372,3432243893
complementary_plate_mariscos_32,Paella,Mariscos,200000,56,4.3,rest_mariscos_10,Del Mar,Mariscos,5.6393879,-73.5247353,2024,12,22,6,0,480,1320,480,1320,480,1320,480,1320,480,1320,511,1337,488,1309,3248918115
complementary_plate_mariscos_33,Camarones al Ajillo,Mariscos,106500,53,4.6,rest_mariscos_10,Mar Azul,Mariscos,5.626631,-73.5089906,2025,1,4,5,0,480,1320,480,1320,480,1320,480,1320,480,1320,517,1364,434,1357,3464379165
complementary_plate_mariscos_34,Paella,Mariscos,200000,29,3.4,rest_mariscos_17,Del Mar,Mariscos,5.6578279,-73.5262964,2024,11,11,0,1,720,1380,720,1380,720,1380,720,1380,720,1380,767,1436,660,1355,
complementary_plate_mariscos_35,Ostras de la Casa,Mariscos,167500,51,4.7,rest_mariscos_10,La Costa,Mariscos,5.653999,-73.5148932,2024,12,25,2,0,720,1380,720,1380,720,1380,720,1380,720,1380,766,1390,726,1391,
complementary_plate_mariscos_36,Salmon Grillado,Mariscos,91500,56,5.0,rest_mariscos_5,Pescados & Mariscos,Mariscos,5.6467609,-73.5323194,2024,11,17,6,0,600,120,600,120,600,120,600,120,600,120,632,106,567,127,
complementary_plate_mariscos_37,Ostras,Mariscos,127000,47,4.0,rest_mariscos_20,La Costa,Mariscos,5.6384918,-73.5341592,2025,8,23,5,0,480,1320,480,1320,480,1320,480,1320,480,1320,444,1313,422,1329,3326994209
complementary_plate_mariscos_38,Trucha del Chef,Mariscos,200000,49,4.1,rest_mariscos_16,Mar Azul,Mariscos,5.6364706,-73.5024774,2025,11,6,3,1,720,1380,720,1380,720,1380,720,1380,720,1380,761,1364,696,1412,3930798476
complementary_plate_mariscos_39,Pargo Rojo Clásico,Mariscos,80000,51,3.9,rest_mariscos_6,Mar Azul,Mariscos,5.6460389,-73.5032941,2024,4,10,2,0,720,1380,720,1380,720,1380,720,1380,720,1380,765,1402,735,1428,
complementary_plate_mariscos_40,Langostinos de la Casa,Mariscos,190000,57,4.3,rest_mariscos_6,Del Mar,Mariscos,5.6418173,-73.5045012,2026,1,16,4,0,480,1320,480,1320,480,1320,480,1320,480,1320,514,1360,422,1297,3142211548
complementary_plate_mariscos_41,Ostras,Mariscos,126000,50,4.9,rest_mariscos_18,La Costa,Mariscos,5.6224909,-73.5149827,2025,7,23,2,1,480,1320,480,1320,480,1320,480,1320,480,1320,420,1334,539,1315,3507238499
complementary_plate_mariscos_42,Salmon Grillado,Mariscos,137500,55,4.8,rest_mariscos_8,Pescados & Mariscos,Mariscos,5.6405001,-73.5076693,2025,5,6,1,0,720,1380,720,1380,720,1380,720,1380,720,1380,771,1362,660,1391,3684485397
complementary_plate_mariscos_43,Arroz con Camarones del Chef,Mariscos,100500,47,3.6,rest_mariscos_19,Pescados & Mariscos,Mariscos,5.6522561,-73.5372385,2024,4,2,1,0,480,1320,480,1320,480,1320,480,1320,480,1320,539,1335,490,1378,
complementary_plate_mariscos_44,Paella,Mariscos,173500,46,4.1,rest_mariscos_8,Del Mar,Mariscos,5.6383696,-73.5266084,2024,11,17,6,0,480,1320,480,1320,480,1320,480,1320,480,1320,477,1340,488,1379,3725733555
complementary_plate_mariscos_45,Trucha,Mariscos,113000,51,4.6,rest_mariscos_7,Del Mar,Mariscos,5.6220783,-73.5274519,2024,3,19,1,0,720,1380,720,1380,720,1380,720,1380,720,1380,768,1421,773,1376,3365909614
complementary_plate_mariscos_46,Salmon Grillado,Mariscos,127500,32,3.6,rest_mariscos_13,Del Mar,Mariscos,5.6514511,-73.5145742,2025,8,9,5,1,600,120,600,120,600,120,600,120,600,120,592,100,604,133,
complementary_plate_mariscos_47,Cazuela de Mariscos,Mariscos,82000,55,5.0,rest_mariscos_5,Mar Azul,Mariscos,5.6280546,-73.5257617,2025,7,27,6,0,480,1320,480,1320,480,1320,480,1320,480,1320,451,1345,490,1329,3624464968
complementary_plate_mariscos_48,Arroz con Camarones,Mariscos,151000,40,3.6,rest_mariscos_6,Pescados & Mariscos,Mariscos,5.6303448,-73.5340597,2025,2,14,4,1,720,1380,720,1380,720,1380,720,1380,720,1380,775,1378,751,1427,3577330418
complementary_plate_mariscos_49,Ostras Especial,Mariscos,99500,39,4.1,rest_mariscos_16,Del Mar,Mariscos,5.6265883,-73.5161413,2024,10,1,1,1,480,1320,480,1320,480,1320,480,1320,480,1320,487,1351,461,1380,3792795282
complementary_plate_mariscos_50,Ostras,Mariscos,143000,51,4.3,rest_mariscos_18,Pescados & Mariscos,Mariscos,5.6332086,-73.5074246,2026,1,31,5,0,480,1320,480,1320,480,1320,480,1320,480,1320,503,1295,474,1370,3736106277
complementary_plate_mariscos_51,Viudo de Pescado,Mariscos,187500,45,4.3,rest_mariscos_15,Del Mar,Mariscos,5.6502701,-73.5247151,2025,10,10,4,0,420,1380,420,1380,420,1380,420,1380,420,1380,391,1359,439,1366,
complementary_plate_mariscos_52,Salmon Grillado,Mariscos,87500,44,4.4,rest_mariscos_16,La Costa,Mariscos,5.6407754,-73.5347093,2025,2,13,3,0,420,1380,420,1380,420,1380,420,1380,420,1380,435,1403,434,1418,3840382958
complementary_plate_mariscos_53,Paella,Mariscos,137000,51,4.8,rest_mariscos_13,Del Mar,Mariscos,5.6281953,-73.5321325,2024,8,9,4,0,480,1320,480,1320,480,1320,480,1320,480,1320,511,1309,509,1340,3274034254
complementary_plate_mariscos_54,Viudo de Pescado,Mariscos,145000,51,5.0,rest_mariscos_11,Pescados & Mariscos,Mariscos,5.6551132,-73.5305007,2025,2,20,3,0,420,1380,420,1380,420,1380,420,1380,420,1380,433,1362,377,1391,
complementary_plate_mariscos_55,Ceviche Clásico,Mariscos,151500,42,3.7,rest_mariscos_20,Pescados & Mariscos,Mariscos,5.6551833,-73.5280041,2024,6,23,6,0,420,1380,420,1380,420,1380,420,1380,420,1380,445,1405,440,1431,
complementary_plate_mariscos_56,Pargo Rojo,Mariscos,156000,51,4.6,rest_mariscos_15,La Costa,Mariscos,5.6548231,-73.5142882,2025,12,4,3,1,600,120,600,120,600,120,600,120,600,120,574,170,600,108,
complementary_plate_mariscos_57,Pargo Rojo,Mariscos,163000,47,4.3,rest_mariscos_18,Del Mar,Mariscos,5.6295518,-73.5159622,2025,5,21,2,0,600,120,600,120,600,120,600,120,600,120,542,161,540,160,3295773727
complementary_plate_mariscos_58,Langostinos del Chef,Mariscos,146000,51,4.0,rest_mariscos_14,La Costa,Mariscos,5.6380496,-73.5121568,2025,10,14,1,1,420,1380,420,1380,420,1380,420,1380,420,1380,411,1385,369,1415,3419332739
complementary_plate_mariscos_59,Camarones al Ajillo,Mariscos,99500,38,4.3,rest_mariscos_10,Mar Azul,Mariscos,5.6593996,-73.5254999,2025,1,13,0,0,720,1380,720,1380,720,1380,720,1380,720,1380,696,1408,726,1430,
complementary_plate_mariscos_60,Arroz con Camarones,Mariscos,200000,46,3.9,rest_mariscos_11,Del Mar,Mariscos,5.6508805,-73.5070401,2026,1,27,1,0,420,1380,420,1380,420,1380,420,1380,420,1380,397,1390,361,1427,
complementary_plate_mariscos_61,Arroz con Camarones Especial,Mariscos,150500,41,4.1,rest_mariscos_10,Del Mar,Mariscos,5.6210867,-73.5318365,2024,12,24,1,0,480,1320,480,1320,480,1320,480,1320,480,1320,526,1294,440,1341,3294539012
complementary_plate_mariscos_62,Trucha Clásico,Mariscos,149000,40,4.4,rest_mariscos_1,Mar Azul,Mariscos,5.6226082,-73.5212384,2025,6,25,2,0,480,1320,480,1320,480,1320,480,1320,480,1320,527,1359,442,1324,3771376275
complementary_plate_mariscos_63,Trucha,Mariscos,200000,44,4.2,rest_mariscos_4,Del Mar,Mariscos,5.6385573,-73.5079625,2025,5,14,2,0,480,1320,480,1320,480,1320,480,1320,480,1320,462,1351,459,1375,3771672150
complementary_plate_mariscos_64,Viudo de Pescado Especial,Mariscos,195000,53,4.3,rest_mariscos_7,Mar Azul,Mariscos,5.6563688,-73.5327937,2026,2,6,4,0,600,120,600,120,600,120,600,120,600,120,650,120,541,109,
complementary_plate_mariscos_65,Paella,Mariscos,170000,42,4.3,rest_mariscos_7,La Costa,Mariscos,5.6415481,-73.5356055,2024,4,17,2,0,420,1380,420,1380,420,1380,420,1380,420,1380,452,1399,457,1436,3574484388
complementary_plate_mariscos_66,Pulpo a la Gallega Premium,Mariscos,108500,46,3.7,rest_mariscos_10,Del Mar,Mariscos,5.6399125,-73.5046526,2024,8,1,3,1,420,1380,420,1380,420,1380,420,1380,420,1380,409,1387,372,1421,3452289045
complementary_plate_mariscos_67,Ostras Especial,Mariscos,134500,40,4.0,rest_mariscos_14,Del Mar,Mariscos,5.6242189,-73.5262828,2025,8,25,0,0,600,120,600,120,600,120,600,120,600,120,612,96,604,151,3835602617
complementary_plate_mariscos_68,Paella,Mariscos,153500,38,4.2,rest_mariscos_8,Mar Azul,Mariscos,5.6462712,-73.5126452,2025,12,20,5,0,480,1320,480,1320,480,1320,480,1320,480,1320,434,1370,516,1316,
complementary_plate_mariscos_69,Pargo Rojo de la Casa,Mariscos,80000,49,4.6,rest_mariscos_11,Del Mar,Mariscos,5.6528841,-73.5389861,2025,5,2,4,1,420,1380,420,1380,420,1380,420,1380,420,1380,398,1382,376,1426,
complementary_plate_mariscos_70,Ceviche,Mariscos,154000,34,2.7,rest_mariscos_11,Pescados & Mariscos,Mariscos,5.6352168,-73.5123981,2025,10,10,4,0,600,120,600,120,600,120,600,120,600,120,644,137,561,128,3448878625
complementary_plate_mariscos_71,Paella Premium,Mariscos,145500,48,4.6,rest_mariscos_20,Pescados & Mariscos,Mariscos,5.6510245,-73.5273559,2025,10,2,3,0,600,120,600,120,600,120,600,120,600,120,651,151,557,130,
complementary_plate_mariscos_72,Salmon Grillado,Mariscos,131000,59,5.0,rest_mariscos_9,Del Mar,Mariscos,5.6585791,-73.5377704,2026,1,7,2,1,420,1380,420,1380,420,1380,420,1380,420,1380,390,1377,479,1431,
complementary_plate_mariscos_73,Pulpo a la Gallega,Mariscos,182500,58,4.5,rest_mariscos_20,La Costa,Mariscos,5.6281507,-73.5156075,2025,1,21,1,0,420,1380,420,1380,420,1380,420,1380,420,1380,421,1399,398,1419,3770880361
complementary_plate_mariscos_74,Trucha,Mariscos,155000,44,4.4,rest_mariscos_3,Mar Azul,Mariscos,5.6409332,-73.5303678,2024,9,24,1,0,600,120,600,120,600,120,600,120,600,120,581,111,552,119,3119838558
complementary_plate_mariscos_75,Arroz con Camarones del Chef,Mariscos,131500,54,4.2,rest_mariscos_8,Mar Azul,Mariscos,5.6314855,-73.5245277,2026,2,3,1,1,420,1380,420,1380,420,1380,420,1380,420,1380,402,1394,387,1363,3603714371
complementary_plate_mariscos_76,Ostras Premium,Mariscos,200000,40,3.3,rest_mariscos_15,Pescados & Mariscos,Mariscos,5.6517142,-73.5367768,2024,4,29,0,1,720,1380,720,1380,720,1380,720,1380,720,1380,744,1373,671,1358,
complementary_plate_mariscos_77,Trucha del Chef,Mariscos,200000,49,3.6,rest_mariscos_11,La Costa,Mariscos,5.6431037,-73.5341135,2024,7,17,2,0,720,1380,720,1380,720,1380,720,1380,720,1380,714,1384,728,1432,3288197341
complementary_plate_mariscos_78,Pulpo a la Gallega,Mariscos,126500,56,4.8,rest_mariscos_11,La Costa,Mariscos,5.6453833,-73.5280809,2025,9,16,1,0,420,1380,420,1380,420,1380,420,1380,420,1380,381,1373,434,1435,
complementary_plate_mariscos_79,Camarones al Ajillo,Mariscos,104000,36,3.6,rest_mariscos_2,Del Mar,Mariscos,5.6519166,-73.5364096,2025,11,30,6,0,600,120,600,120,600,120,600,120,600,120,554,154,581,152,
complementary_plate_mariscos_80,Pulpo a la Gallega,Mariscos,169000,45,4.1,rest_mariscos_15,La Costa,Mariscos,5.6358388,-73.5035669,2024,11,5,1,0,480,1320,480,1320,480,1320,480,1320,480,1320,487,1371,426,1336,3150147490
complementary_plate_postres_1,Donas,Postres,8000,79,3.6,rest_postres_15,Sweet House,Postres,5.6566036,-73.5397581,2025,4,8,1,0,420,1380,420,1380,420,1380,420,1380,420,1380,420,1379,457,1396,
complementary_plate_postres_2,Alfajor,Postres,5000,71,3.5,rest_postres_9,Crepes & More,Postres,5.6413212,-73.5206456,2025,7,17,3,0,480,1320,480,1320,480,1320,480,1320,480,1320,526,1349,435,1335,3130418772
complementary_plate_postres_3,Mousse,Postres,7500,96,4.8,rest_postres_4,Sweet House,Postres,5.6263182,-73.5350701,2025,7,22,1,0,720,1380,720,1380,720,1380,720,1380,720,1380,664,1392,689,1412,3598652348
complementary_plate_postres_4,Tres Leches del Chef,Postres,12000,90,4.5,rest_postres_2,Sweet House,Postres,5.647836,-73.5276928,2024,11,26,1,1,600,120,600,120,600,120,600,120,600,120,550,98,628,115,
complementary_plate_postres_5,Helado,Postres,8500,71,3.6,rest_postres_1,Crepes & More,Postres,5.6517305,-73.5029576,2025,7,20,6,0,720,1380,720,1380,720,1380,720,1380,720,1380,763,1421,668,1395,
complementary_plate_postres_6,Profiteroles,Postres,8500,73,2.9,rest_postres_10,Crepes & More,Postres,5.6326705,-73.5335322,2024,2,29,3,1,600,120,600,120,600,120,600,120,600,120,563,130,627,98,3177332767
complementary_plate_postres_7,Crepes,Postres,10500,65,2.6,rest_postres_17,Dulce Tentación,Postres,5.6542872,-73.5013667,2025,10,26,6,0,420,1380,420,1380,420,1380,420,1380,420,1380,466,1434,387,1391,
complementary_plate_postres_8,Tiramisú,Postres,8500,83,3.9,rest_postres_3,Crepes & More,Postres,5.6562457,-73.5317682,2024,9,16,0,1,420,1380,420,1380,420,1380,420,1380,420,1380,414,1437,421,1374,
complementary_plate_postres_9,Alfajor del Chef,Postres,11500,87,5.0,rest_postres_8,Dulce Tentación,Postres,5.6310762,-73.5103374,2025,3,26,2,0,600,120,600,120,600,120,600,120,600,120,635,138,659,110,3792307827
complementary_plate_postres_10,Tiramisú de la Casa,Postres,11000,76,3.8,rest_postres_2,Pastelería Delicias,Postres,5.6593409,-73.5181329,2025,2,22,5,0,600,120,600,120,600,120,600,120,600,120,557,165,617,163,
complementary_plate_postres_11,Mousse,Postres,7000,74,3.7,rest_postres_1,Sweet House,Postres,5.6256285,-73.5046209,2024,6,25,1,0,480,1320,480,1320,480,1320,480,1320,480,1320,434,1296,488,1366,3862298497
complementary_plate_postres_12,Mousse,Postres,7500,91,4.4,rest_postres_6,Pastelería Delicias,Postres,5.6280806,-73.5178403,2025,4,18,4,0,420,1380,420,1380,420,1380,420,1380,420,1380,380,1362,450,1360,3610122177
complementary_plate_postres_13,Tiramisú,Postres,12000,71,4.1,rest_postres_12,Crepes & More,Postres,5.627369,-73.5186176,2024,6,20,3,1,600,120,600,120,600,120,600,120,600,120,575,155,639,156,3444820027
complementary_plate_postres_14,Profiteroles,Postres,8500,83,3.8,rest_postres_5,Pastelería Delicias,Postres,5.6557596,-73.5321817,2024,8,23,4,0,720,1380,720,1380,720,1380,720,1380,720,1380,731,1397,765,1412,
complementary_plate_postres_15,Crepes,Postres,7500,89,4.3,rest_postres_10,Dulce Tentación,Postres,5.6461717,-73.5333508,2025,9,19,4,0,480,1320,480,1320,480,1320,480,1320,480,1320,442,1308,429,1346,
complementary_plate_postres_16,Profiteroles del Chef,Postres,5000,72,2.6,rest_postres_11,Pastelería Delicias,Postres,5.6260842,-73.5033404,2025,5,14,2,0,600,120,600,120,600,120,600,120,600,120,655,100,599,91,3103053407
complementary_plate_postres_17,Helado,Postres,12000,80,3.8,rest_postres_4,Crepes & More,Postres,5.6376129,-73.5268865,2024,8,20,1,0,420,1380,420,1380,420,1380,420,1380,420,1380,461,1376,414,1413,3531964303
complementary_plate_postres_18,Tres Leches,Postres,6000,94,4.8,rest_postres_18,Pastelería Delicias,Postres,5.6446119,-73.5251167,2024,11,19,1,0,720,1380,720,1380,720,1380,720,1380,720,1380,752,1377,741,1353,
complementary_plate_postres_19,Mousse,Postres,7500,72,3.8,rest_postres_1,Pastelería Delicias,Postres,5.6233386,-73.5096071,2024,6,26,2,0,480,1320,480,1320,480,1320,480,1320,480,1320,493,1321,498,1352,3965557805
complementary_plate_postres_20,Alfajor,Postres,5000,68,3.6,rest_postres_18,Pastelería Delicias,Postres,5.6552967,-73.5264471,2025,9,8,0,1,720,1380,720,1380,720,1380,720,1380,720,1380,766,1363,716,1409,
complementary_plate_postres_21,Cheese Cake,Postres,12000,73,3.1,rest_postres_18,Pastelería Delicias,Postres,5.6521441,-73.5019175,2024,9,8,6,0,600,120,600,120,600,120,600,120,600,120,614,116,568,137,
complementary_plate_postres_22,Profiteroles,Postres,6000,65,3.0,rest_postres_4,Crepes & More,Postres,5.6402083,-73.5104829,2026,1,17,5,0,600,120,600,120,600,120,600,120,600,120,635,91,638,175,3871474334
complementary_plate_postres_23,Tres Leches del Chef,Postres,8500,76,4.0,rest_postres_16,Sweet House,Postres,5.6586851,-73.5161028,2024,6,29,5,0,720,1380,720,1380,720,1380,720,1380,720,1380,760,1424,670,1351,
complementary_plate_postres_24,Tres Leches Especial,Postres,8500,73,3.6,rest_postres_17,Dulce Tentación,Postres,5.6367104,-73.5047642,2024,3,2,5,0,720,1380,720,1380,720,1380,720,1380,720,1380,742,1390,704,1365,3224288087
complementary_plate_postres_25,Brownie,Postres,11000,73,2.9,rest_postres_10,Dulce Tentación,Postres,5.6593644,-73.5380158,2025,9,21,6,0,480,1320,480,1320,480,1320,480,1320,480,1320,529,1354,511,1305,
complementary_plate_postres_26,Crepes del Chef,Postres,12000,74,2.9,rest_postres_13,Crepes & More,Postres,5.6467168,-73.5297175,2025,7,11,4,1,600,120,600,120,600,120,600,120,600,120,566,141,548,133,
complementary_plate_postres_27,Crepes,Postres,9000,78,3.3,rest_postres_8,Crepes & More,Postres,5.6453869,-73.5213985,2024,7,5,4,0,720,1380,720,1380,720,1380,720,1380,720,1380,777,1406,670,1377,
complementary_plate_postres_28,Brownie,Postres,7000,70,3.8,rest_postres_3,Pastelería Delicias,Postres,5.6266382,-73.5309209,2024,11,23,5,0,420,1380,420,1380,420,1380,420,1380,420,1380,390,1429,367,1440,3527549012
complementary_plate_postres_29,Donas,Postres,9500,68,3.3,rest_postres_8,Crepes & More,Postres,5.6552771,-73.5102438,2025,1,18,5,1,420,1380,420,1380,420,1380,420,1380,420,1380,417,1435,391,1361,
complementary_plate_postres_30,Cheese Cake,Postres,9000,82,3.5,rest_postres_20,Sweet House,Postres,5.6370996,-73.5032317,2024,12,31,1,0,720,1380,720,1380,720,1380,720,1380,720,1380,705,1394,761,1364,3543206982
complementary_plate_postres_31,Panna Cotta,Postres,5000,80,4.3,rest_postres_6,Crepes & More,Postres,5.6264893,-73.5230492,2026,1,9,4,1,720,1380,720,1380,720,1380,720,1380,720,1380,767,1415,776,1380,3169580185
complementary_plate_postres_32,Tiramisú,Postres,6500,70,3.2,rest_postres_9,Dulce Tentación,Postres,5.6205043,-73.5263147,2025,1,16,3,0,600,120,600,120,600,120,600,120,600,120,592,90,583,121,3201363566
complementary_plate_postres_33,Cheese Cake,Postres,7500,62,2.9,rest_postres_15,Dulce Tentación,Postres,5.6423902,-73.501538,2024,5,9,3,0,480,1320,480,1320,480,1320,480,1320,480,1320,524,1380,507,1342,3393691697
complementary_plate_postres_34,Tiramisú,Postres,7500,76,3.9,rest_postres_12,Pastelería Delicias,Postres,5.641096,-73.5222059,2025,12,25,3,0,720,1380,720,1380,720,1380,720,1380,720,1380,702,1418,771,1431,3115393675
complementary_plate_postres_35,Brownie,Postres,10000,90,4.6,rest_postres_9,Sweet House,Postres,5.6487741,-73.5204381,2026,1,29,3,0,480,1320,480,1320,480,1320,480,1320,480,1320,444,1375,491,1359,
complementary_plate_postres_36,Mousse Clásico,Postres,10000,74,4.0,rest_postres_9,Pastelería Delicias,Postres,5.6556103,-73.525934,2024,3,16,5,1,600,120,600,120,600,120,600,120,600,120,593,116,594,107,
complementary_plate_postres_37,Profiteroles Especial,Postres,6500,86,4.0,rest_postres_2,Crepes & More,Postres,5.6231763,-73.5036181,2024,6,28,4,1,480,1320,480,1320,480,1320,480,1320,480,1320,487,1364,449,1365,3937557215
complementary_plate_postres_38,Alfajor,Postres,8000,72,3.9,rest_postres_6,Dulce Tentación,Postres,5.6492599,-73.5172418,2024,7,3,2,0,600,120,600,120,600,120,600,120,600,120,591,123,628,174,
complementary_plate_postres_39,Tiramisú Clásico,Postres,5000,89,4.2,rest_postres_8,Dulce Tentación,Postres,5.6274965,-73.509513,2024,2,14,2,0,420,1380,420,1380,420,1380,420,1380,420,1380,480,1428,425,1408,3753234734
complementary_plate_postres_40,Tiramisú Especial,Postres,6000,81,3.6,rest_postres_18,Crepes & More,Postres,5.6543271,-73.5075277,2024,7,20,5,0,600,120,600,120,600,120,600,120,600,120,557,152,555,148,
complementary_plate_postres_41,Crepes Especial,Postres,8000,70,3.6,rest_postres_7,Sweet House,Postres,5.6527625,-73.526326,2025,3,31,0,0,480,1320,480,1320,480,1320,480,1320,480,1320,516,1339,527,1324,
complementary_plate_postres_42,Donas del Chef,Postres,10500,66,2.9,rest_postres_7,Sweet House,Postres,5.6416318,-73.5226522,2025,6,12,3,1,600,120,600,120,600,120,600,120,600,120,566,160,600,146,3278084550
complementary_plate_postres_43,Tiramisú,Postres,8000,77,3.8,rest_postres_1,Dulce Tentación,Postres,5.6484097,-73.5060611,2024,5,28,1,0,420,1380,420,1380,420,1380,420,1380,420,1380,457,1410,417,1351,
complementary_plate_postres_44,Crème Brûlée Premium,Postres,5500,78,3.4,rest_postres_5,Sweet House,Postres,5.632574,-73.5254698,2024,12,28,5,0,420,1380,420,1380,420,1380,420,1380,420,1380,384,1415,465,1431,3540104553
complementary_plate_postres_45,Cheese Cake,Postres,7000,73,3.6,rest_postres_3,Sweet House,Postres,5.6388467,-73.5082426,2025,6,13,4,0,420,1380,420,1380,420,1380,420,1380,420,1380,460,1371,365,1383,3596336663
complementary_plate_postres_46,Tiramisú Especial,Postres,8000,87,4.6,rest_postres_16,Dulce Tentación,Postres,5.6528655,-73.5023603,2025,12,11,3,0,420,1380,420,1380,420,1380,420,1380,420,1380,417,1409,377,1350,
complementary_plate_postres_47,Profiteroles Premium,Postres,9500,89,4.2,rest_postres_20,Dulce Tentación,Postres,5.6383706,-73.5150716,2025,12,8,0,1,480,1320,480,1320,480,1320,480,1320,480,1320,492,1317,440,1324,3541705579
complementary_plate_postres_48,Helado del Chef,Postres,10000,95,4.7,rest_postres_19,Crepes & More,Postres,5.6343119,-73.5103349,2026,1,9,4,1,420,1380,420,1380,420,1380,420,1380,420,1380,372,1431,478,1368,3362023698
complementary_plate_postres_49,Crème Brûlée,Postres,11000,59,2.8,rest_postres_3,Sweet House,Postres,5.6397685,-73.5077961,2025,1,20,0,1,720,1380,720,1380,720,1380,720,1380,720,1380,755,1399,692,1423,3640973465
complementary_plate_postres_50,Brownie,Postres,12000,97,4.8,rest_postres_14,Sweet House,Postres,5.65313,-73.5061984,2025,8,14,3,0,420,1380,420,1380,420,1380,420,1380,420,1380,461,1368,383,1387,
complementary_plate_postres_51,Tres Leches,Postres,7500,65,2.8,rest_postres_13,Crepes & More,Postres,5.6334083,-73.5241979,2025,10,28,1,0,480,1320,480,1320,480,1320,480,1320,480,1320,488,1369,426,1294,3500597809
complementary_plate_postres_52,Crème Brûlée,Postres,8000,77,4.4,rest_postres_5,Sweet House,Postres,5.6269505,-73.5379495,2025,12,11,3,0,480,1320,480,1320,480,1320,480,1320,480,1320,480,1291,439,1359,3846632362
complementary_plate_postres_53,Crème Brûlée de la Casa,Postres,11500,76,3.8,rest_postres_19,Sweet House,Postres,5.6484806,-73.5239249,2025,11,27,3,0,480,1320,480,1320,480,1320,480,1320,480,1320,496,1332,519,1320,
complementary_plate_postres_54,Brownie,Postres,7000,75,3.7,rest_postres_11,Crepes & More,Postres,5.6530391,-73.5130498,2024,5,28,1,0,720,1380,720,1380,720,1380,720,1380,720,1380,712,1419,734,1353,
complementary_plate_postres_55,Profiteroles del Chef,Postres,10500,81,4.9,rest_postres_15,Dulce Tentación,Postres,5.6240255,-73.521986,2026,1,11,6,0,480,1320,480,1320,480,1320,480,1320,480,1320,432,1353,451,1307,3419242251
complementary_plate_postres_56,Donas,Postres,6000,86,4.3,rest_postres_4,Sweet House,Postres,5.629595,-73.5100415,2025,11,3,0,0,600,120,600,120,600,120,600,120,600,120,551,114,636,94,3751870402
complementary_plate_postres_57,Panna Cotta de la Casa,Postres,9000,66,3.3,rest_postres_6,Crepes & More,Postres,5.6256789,-73.5257207,2025,9,14,6,0,600,120,600,120,600,120,600,120,600,120,612,95,635,155,3857991913
complementary_plate_postres_58,Tiramisú Especial,Postres,5000,72,3.4,rest_postres_19,Crepes & More,Postres,5.6339177,-73.5146102,2025,10,16,3,0,480,1320,480,1320,480,1320,480,1320,480,1320,522,1322,460,1380,3699477018
complementary_plate_postres_59,Tiramisú,Postres,8500,90,4.6,rest_postres_8,Dulce Tentación,Postres,5.638014,-73.5325432,2025,9,11,3,0,480,1320,480,1320,480,1320,480,1320,480,1320,480,1290,478,1322,3504765552
complementary_plate_postres_60,Helado,Postres,7500,70,3.4,rest_postres_5,Crepes & More,Postres,5.6499531,-73.5100252,2026,1,22,3,0,420,1380,420,1380,420,1380,420,1380,420,1380,469,1366,383,1396,
complementary_plate_postres_61,Helado Especial,Postres,8000,85,3.8,rest_postres_15,Pastelería Delicias,Postres,5.6460459,-73.5181722,2025,3,31,0,1,720,1380,720,1380,720,1380,720,1380,720,1380,687,1425,694,1360,
complementary_plate_postres_62,Donas,Postres,8500,73,3.6,rest_postres_4,Pastelería Delicias,Postres,5.6448371,-73.5318374,2025,3,20,3,0,720,1380,720,1380,720,1380,720,1380,720,1380,708,1428,662,1376,
complementary_plate_postres_63,Panna Cotta,Postres,8000,71,2.9,rest_postres_1,Pastelería Delicias,Postres,5.634095,-73.5283236,2024,7,16,1,0,720,1380,720,1380,720,1380,720,1380,720,1380,720,1402,670,1433,3883970959
complementary_plate_postres_64,Mousse,Postres,9000,72,3.4,rest_postres_5,Crepes & More,Postres,5.6536579,-73.5100557,2025,12,31,2,0,420,1380,420,1380,420,1380,420,1380,420,1380,404,1438,405,1424,
complementary_plate_postres_65,Mousse,Postres,6000,82,4.3,rest_postres_14,Dulce Tentación,Postres,5.6388515,-73.520696,2025,8,16,5,1,480,1320,480,1320,480,1320,480,1320,480,1320,493,1375,434,1330,3423665211
complementary_plate_postres_66,Crème Brûlée,Postres,6500,83,4.1,rest_postres_14,Crepes & More,Postres,5.6591642,-73.5313587,2024,8,29,3,0,420,1380,420,1380,420,1380,420,1380,420,1380,453,1427,462,1418,
complementary_plate_postres_67,Mousse,Postres,6500,72,3.9,rest_postres_9,Pastelería Delicias,Postres,5.6453657,-73.5013092,2024,10,27,6,0,720,1380,720,1380,720,1380,720,1380,720,1380,719,1398,667,1351,
complementary_plate_postres_68,Alfajor,Postres,6000,72,4.0,rest_postres_10,Dulce Tentación,Postres,5.6250506,-73.511395,2024,9,22,6,0,720,1380,720,1380,720,1380,720,1380,720,1380,716,1434,731,1361,3650188627
complementary_plate_postres_69,Crème Brûlée,Postres,10500,86,3.9,rest_postres_20,Sweet House,Postres,5.6470471,-73.5017146,2024,12,31,1,0,480,1320,480,1320,480,1320,480,1320,480,1320,475,1328,425,1296,
complementary_plate_postres_70,Mousse,Postres,9000,85,3.7,rest_postres_15,Crepes & More,Postres,5.6330042,-73.5229158,2025,5,6,1,0,720,1380,720,1380,720,1380,720,1380,720,1380,760,1391,689,1385,3715878427
complementary_plate_postres_71,Crème Brûlée,Postres,9500,75,4.2,rest_postres_5,Crepes & More,Postres,5.6474531,-73.520996,2025,7,30,2,0,720,1380,720,1380,720,1380,720,1380,720,1380,675,1378,733,1417,
complementary_plate_postres_72,Donas Premium,Postres,11000,65,2.5,rest_postres_11,Dulce Tentación,Postres,5.6227856,-73.5040818,2025,2,4,1,0,720,1380,720,1380,720,1380,720,1380,720,1380,668,1371,685,1412,3178967903
complementary_plate_postres_73,Brownie,Postres,6000,71,2.8,rest_postres_10,Crepes & More,Postres,5.6269953,-73.518998,2025,5,28,2,1,720,1380,720,1380,720,1380,720,1380,720,1380,757,1377,660,1357,3926155451
complementary_plate_postres_74,Brownie,Postres,9500,80,3.4,rest_postres_9,Dulce Tentación,Postres,5.6542295,-73.5117088,2025,10,5,6,0,600,120,600,120,600,120,600,120,600,120,570,165,554,168,
complementary_plate_postres_75,Cheese Cake,Postres,12000,85,3.8,rest_postres_5,Sweet House,Postres,5.6290872,-73.5299131,2025,6,11,2,1,600,120,600,120,600,120,600,120,600,120,642,90,542,164,3417052640
complementary_plate_postres_76,Donas,Postres,12000,82,4.1,rest_postres_2,Crepes & More,Postres,5.6534816,-73.5221309,2024,5,15,2,1,720,1380,720,1380,720,1380,720,1380,720,1380,779,1408,754,1424,
complementary_plate_postres_77,Cheese Cake del Chef,Postres,7000,93,4.5,rest_postres_9,Crepes & More,Postres,5.631171,-73.535062,2024,10,3,3,1,480,1320,480,1320,480,1320,480,1320,480,1320,489,1333,458,1359,3792093943
complementary_plate_postres_78,Alfajor,Postres,12000,72,3.9,rest_postres_14,Sweet House,Postres,5.6457153,-73.5317608,2025,5,27,1,0,720,1380,720,1380,720,1380,720,1380,720,1380,665,1356,662,1426,
complementary_plate_postres_79,Cheese Cake,Postres,5000,81,3.6,rest_postres_3,Dulce Tentación,Postres,5.647766,-73.5399623,2025,3,18,1,0,480,1320,480,1320,480,1320,480,1320,480,1320,512,1321,477,1300,
complementary_plate_postres_80,Tiramisú,Postres,9000,80,4.4,rest_postres_9,Dulce Tentación,Postres,5.6405062,-73.5384294,2025,7,28,0,0,420,1380,420,1380,420,1380,420,1380,420,1380,402,1414,378,1423,3357454500
complementary_plate_postres_81,Tiramisú,Postres,9000,82,4.8,rest_postres_11,Dulce Tentación,Postres,5.6322124,-73.5009086,2024,11,6,2,1,480,1320,480,1320,480,1320,480,1320,480,1320,466,1316,461,1320,3746071541
complementary_plate_postres_82,Tiramisú de la Casa,Postres,5500,70,3.5,rest_postres_2,Crepes & More,Postres,5.6285058,-73.5303059,2025,9,8,0,0,420,1380,420,1380,420,1380,420,1380,420,1380,396,1424,473,1440,3662527951
complementary_plate_postres_83,Crepes,Postres,8500,81,3.7,rest_postres_18,Sweet House,Postres,5.6213276,-73.5134676,2024,2,14,2,0,480,1320,480,1320,480,1320,480,1320,480,1320,490,1307,454,1372,3555253525
complementary_plate_postres_84,Mousse,Postres,12000,87,3.9,rest_postres_5,Pastelería Delicias,Postres,5.6321579,-73.506436,2026,2,5,3,1,720,1380,720,1380,720,1380,720,1380,720,1380,777,1367,743,1378,3624017848
complementary_plate_postres_85,Cheese Cake,Postres,9500,79,3.2,rest_postres_15,Pastelería Delicias,Postres,5.6461265,-73.5179736,2025,9,20,5,0,720,1380,720,1380,720,1380,720,1380,720,1380,664,1417,704,1414,
complementary_plate_postres_86,Helado Premium,Postres,12000,61,2.5,rest_postres_1,Pastelería Delicias,Postres,5.6575322,-73.5338742,2024,10,29,1,0,420,1380,420,1380,420,1380,420,1380,420,1380,441,1374,412,1389,
complementary_plate_postres_87,Mousse del Chef,Postres,5000,81,3.8,rest_postres_18,Pastelería Delicias,Postres,5.6548482,-73.5108753,2025,10,20,0,0,420,1380,420,1380,420,1380,420,1380,420,1380,371,1370,439,1362,
complementary_plate_postres_88,Donas Clásico,Postres,8000,92,5.0,rest_postres_13,Dulce Tentación,Postres,5.6506426,-73.5159899,2025,4,19,5,0,600,120,600,120,600,120,600,120,600,120,660,98,620,112,
complementary_plate_postres_89,Tres Leches,Postres,10000,82,4.2,rest_postres_1,Crepes & More,Postres,5.6515379,-73.51075,2024,12,15,6,0,480,1320,480,1320,480,1320,480,1320,480,1320,427,1349,497,1312,
complementary_plate_postres_90,Helado,Postres,10500,76,3.1,rest_postres_6,Dulce Tentación,Postres,5.6465994,-73.5092101,2025,11,7,4,0,480,1320,480,1320,480,1320,480,1320,480,1320,436,1361,451,1356,
complementary_plate_postres_91,Profiteroles,Postres,9000,69,3.6,rest_postres_9,Dulce Tentación,Postres,5.6304115,-73.5009836,2024,4,7,6,0,720,1380,720,1380,720,1380,720,1380,720,1380,732,1430,714,1358,3504336216
complementary_plate_postres_92,Tres Leches Clásico,Postres,11000,76,3.7,rest_postres_2,Pastelería Delicias,Postres,5.6562878,-73.5170575,2025,1,12,6,0,480,1320,480,1320,480,1320,480,1320,480,1320,483,1344,475,1331,
complementary_plate_postres_93,Tres Leches Clásico,Postres,8000,85,3.8,rest_postres_4,Crepes & More,Postres,5.6468293,-73.5263344,2026,1,12,0,0,720,1380,720,1380,720,1380,720,1380,720,1380,774,1368,716,1403,
complementary_plate_postres_94,Crepes Premium,Postres,10000,89,4.6,rest_postres_5,Pastelería Delicias,Postres,5.6424176,-73.5140614,2024,9,21,5,0,420,1380,420,1380,420,1380,420,1380,420,1380,390,1350,406,1413,3452064935
complementary_plate_postres_95,Panna Cotta del Chef,Postres,5000,82,3.7,rest_postres_11,Sweet House,Postres,5.6244396,-73.5372624,2025,8,23,5,0,720,1380,720,1380,720,1380,720,1380,720,1380,704,1421,713,1360,3642825544
complementary_plate_postres_96,Crème Brûlée,Postres,9500,85,4.3,rest_postres_13,Dulce Tentación,Postres,5.6378822,-73.5041041,2024,9,3,1,1,720,1380,720,1380,720,1380,720,1380,720,1380,765,1408,745,1373,3219588697
complementary_plate_postres_97,Crème Brûlée Premium,Postres,8500,86,4.6,rest_postres_20,Pastelería Delicias,Postres,5.6384143,-73.5352248,2025,11,20,3,1,600,120,600,120,600,120,600,120,600,120,659,134,659,179,3158765512
complementary_plate_postres_98,Tiramisú Clásico,Postres,10000,72,2.5,rest_postres_3,Crepes & More,Postres,5.6545825,-73.5268863,2024,10,16,2,0,600,120,600,120,600,120,600,120,600,120,649,159,596,155,
complementary_plate_postres_99,Brownie,Postres,7000,70,3.9,rest_postres_10,Dulce Tentación,Postres,5.6418659,-73.5073702,2024,9,2,0,1,480,1320,480,1320,480,1320,480,1320,480,1320,501,1316,466,1291,3450463839
complementary_plate_postres_100,Tiramisú Clásico,Postres,12000,78,3.7,rest_postres_14,Dulce Tentación,Postres,5.635216,-73.5161075,2025,3,29,5,1,420,1380,420,1380,420,1380,420,1380,420,1380,378,1366,390,1390,3343771896
complementary_plate_postres_101,Donas,Postres,8500,70,3.7,rest_postres_12,Pastelería Delicias,Postres,5.659072,-73.5242546,2024,5,28,1,0,720,1380,720,1380,720,1380,720,1380,720,1380,674,1369,671,1393,
complementary_plate_postres_102,Brownie Clásico,Postres,7500,81,3.5,rest_postres_3,Pastelería Delicias,Postres,5.6244288,-73.5210626,2024,4,19,4,0,420,1380,420,1380,420,1380,420,1380,420,1380,392,1423,460,1372,3495204271
complementary_plate_postres_103,Tres Leches,Postres,5000,75,4.4,rest_postres_5,Dulce Tentación,Postres,5.6369019,-73.5058181,2024,8,12,0,1,480,1320,480,1320,480,1320,480,1320,480,1320,505,1380,498,1353,3219624467
complementary_plate_postres_104,Tiramisú,Postres,6500,79,4.4,rest_postres_17,Pastelería Delicias,Postres,5.621681,-73.5263998,2024,9,12,3,0,720,1380,720,1380,720,1380,720,1380,720,1380,660,1435,714,1379,3664252731
complementary_plate_postres_105,Crème Brûlée,Postres,12000,64,3.0,rest_postres_9,Crepes & More,Postres,5.6495962,-73.505214,2024,12,19,3,0,480,1320,480,1320,480,1320,480,1320,480,1320,487,1356,455,1365,
complementary_plate_postres_106,Brownie,Postres,8000,75,3.9,rest_postres_10,Sweet House,Postres,5.6567231,-73.5364746,2025,1,23,3,0,420,1380,420,1380,420,1380,420,1380,420,1380,468,1362,464,1362,
complementary_plate_postres_107,Cheese Cake Especial,Postres,5500,86,5.0,rest_postres_17,Pastelería Delicias,Postres,5.6312015,-73.5089281,2024,5,22,2,1,420,1380,420,1380,420,1380,420,1380,420,1380,370,1373,391,1353,3842372786
complementary_plate_postres_108,Cheese Cake del Chef,Postres,9500,65,3.2,rest_postres_2,Crepes & More,Postres,5.6543337,-73.5060981,2025,12,14,6,0,480,1320,480,1320,480,1320,480,1320,480,1320,525,1320,483,1308,
complementary_plate_postres_109,Alfajor,Postres,11500,86,4.0,rest_postres_3,Dulce Tentación,Postres,5.6316887,-73.5327273,2025,11,16,6,0,720,1380,720,1380,720,1380,720,1380,720,1380,667,1439,685,1363,3850103959
complementary_plate_postres_110,Panna Cotta Premium,Postres,5500,65,3.4,rest_postres_16,Dulce Tentación,Postres,5.6564308,-73.5227861,2024,3,2,5,0,480,1320,480,1320,480,1320,480,1320,480,1320,540,1291,446,1328,
complementary_plate_postres_111,Brownie Especial,Postres,7000,68,3.6,rest_postres_12,Crepes & More,Postres,5.6501585,-73.53338,2025,8,31,6,0,600,120,600,120,600,120,600,120,600,120,637,173,611,143,
complementary_plate_postres_112,Donas,Postres,9000,76,4.6,rest_postres_1,Pastelería Delicias,Postres,5.6521963,-73.5117358,2025,1,29,2,0,420,1380,420,1380,420,1380,420,1380,420,1380,372,1424,442,1386,
complementary_plate_postres_113,Profiteroles,Postres,7000,79,3.2,rest_postres_16,Dulce Tentación,Postres,5.6207203,-73.5185861,2026,1,14,2,0,480,1320,480,1320,480,1320,480,1320,480,1320,446,1346,463,1318,3338481976
complementary_plate_postres_114,Panna Cotta,Postres,12000,88,4.6,rest_postres_15,Dulce Tentación,Postres,5.6585124,-73.5145871,2025,6,19,3,0,600,120,600,120,600,120,600,120,600,120,606,90,600,107,
complementary_plate_postres_115,Crepes,Postres,5000,83,3.5,rest_postres_5,Crepes & More,Postres,5.6490668,-73.5321405,2025,9,1,0,0,600,120,600,120,600,120,600,120,600,120,553,144,543,160,
complementary_plate_postres_116,Mousse,Postres,12000,65,3.5,rest_postres_2,Pastelería Delicias,Postres,5.63219,-73.5315302,2025,6,19,3,1,600,120,600,120,600,120,600,120,600,120,572,151,602,105,3340427534
complementary_plate_postres_117,Helado del Chef,Postres,9500,75,4.0,rest_postres_18,Dulce Tentación,Postres,5.6531758,-73.5383401,2024,3,19,1,0,600,120,600,120,600,120,600,120,600,120,611,103,655,90,
complementary_plate_postres_118,Helado,Postres,9500,88,4.3,rest_postres_5,Pastelería Delicias,Postres,5.6312608,-73.5271173,2025,7,23,2,0,420,1380,420,1380,420,1380,420,1380,420,1380,419,1414,364,1351,3495209316
complementary_plate_postres_119,Crème Brûlée,Postres,12000,77,3.8,rest_postres_13,Crepes & More,Postres,5.6549102,-73.5176102,2024,5,31,4,0,600,120,600,120,600,120,600,120,600,120,563,110,645,105,
complementary_plate_postres_120,Brownie,Postres,9000,73,3.2,rest_postres_12,Crepes & More,Postres,5.6245032,-73.5056826,2024,3,10,6,0,600,120,600,120,600,120,600,120,600,120,573,140,625,150,3812539475
complementary_plate_postres_121,Alfajor Clásico,Postres,7500,81,4.0,rest_postres_11,Sweet House,Postres,5.6481474,-73.5133229,2025,11,7,4,0,600,120,600,120,600,120,600,120,600,120,619,178,555,121,
complementary_plate_postres_122,Helado,Postres,12000,74,3.2,rest_postres_1,Dulce Tentación,Postres,5.6416279,-73.5225841,2024,10,3,3,0,480,1320,480,1320,480,1320,480,1320,480,1320,527,1342,534,1328,3206017638
complementary_plate_postres_123,Mousse Premium,Postres,10000,77,4.7,rest_postres_4,Pastelería Delicias,Postres,5.6238614,-73.5018752,2025,7,5,5,0,720,1380,720,1380,720,1380,720,1380,720,1380,706,1355,780,1433,3101196311
complementary_plate_postres_124,Mousse,Postres,6000,71,3.8,rest_postres_10,Dulce Tentación,Postres,5.6296758,-73.5112302,2026,1,27,1,0,720,1380,720,1380,720,1380,720,1380,720,1380,696,1419,769,1387,3584273044
complementary_plate_postres_125,Profiteroles Especial,Postres,11000,64,3.1,rest_postres_12,Sweet House,Postres,5.6204962,-73.5027934,2025,10,26,6,0,600,120,600,120,600,120,600,120,600,120,616,99,644,91,3398045321
complementary_plate_postres_126,Crème Brûlée,Postres,10000,65,3.3,rest_postres_8,Crepes & More,Postres,5.6387507,-73.5188965,2024,2,7,2,0,600,120,600,120,600,120,600,120,600,120,600,136,637,160,3300559213
complementary_plate_postres_127,Cheese Cake,Postres,7500,65,3.4,rest_postres_9,Dulce Tentación,Postres,5.6320506,-73.5296438,2025,10,8,2,1,420,1380,420,1380,420,1380,420,1380,420,1380,389,1389,430,1361,3486018125
complementary_plate_postres_128,Alfajor Especial,Postres,9500,92,4.7,rest_postres_8,Pastelería Delicias,Postres,5.6439343,-73.5378869,2024,10,11,4,0,600,120,600,120,600,120,600,120,600,120,573,109,602,154,3485775460
complementary_plate_postres_129,Cheese Cake de la Casa,Postres,7500,77,4.0,rest_postres_5,Pastelería Delicias,Postres,5.6318895,-73.5109566,2025,10,29,2,0,420,1380,420,1380,420,1380,420,1380,420,1380,455,1364,377,1419,3533413777
complementary_plate_postres_130,Cheese Cake,Postres,8500,82,3.5,rest_postres_13,Pastelería Delicias,Postres,5.6319968,-73.5351479,2025,9,1,0,0,420,1380,420,1380,420,1380,420,1380,420,1380,457,1422,423,1414,3647546839
complementary_plate_postres_131,Brownie,Postres,10000,78,4.2,rest_postres_12,Pastelería Delicias,Postres,5.6497277,-73.527889,2024,11,18,0,0,600,120,600,120,600,120,600,120,600,120,560,119,633,139,
complementary_plate_postres_132,Brownie,Postres,8500,72,3.7,rest_postres_1,Crepes & More,Postres,5.6219257,-73.5187012,2025,10,25,5,1,600,120,600,120,600,120,600,120,600,120,638,149,599,108,3315634593
complementary_plate_postres_133,Profiteroles,Postres,12000,73,2.9,rest_postres_16,Pastelería Delicias,Postres,5.6561158,-73.5174233,2024,4,10,2,0,720,1380,720,1380,720,1380,720,1380,720,1380,667,1414,719,1365,
complementary_plate_postres_134,Panna Cotta,Postres,9500,89,4.7,rest_postres_1,Sweet House,Postres,5.6540906,-73.5159767,2024,8,13,1,0,600,120,600,120,600,120,600,120,600,120,625,97,567,102,
complementary_plate_postres_135,Mousse de la Casa,Postres,7000,73,4.3,rest_postres_2,Sweet House,Postres,5.6467122,-73.5333498,2025,1,10,4,0,600,120,600,120,600,120,600,120,600,120,577,99,647,128,
complementary_plate_postres_136,Donas,Postres,8500,86,3.7,rest_postres_6,Sweet House,Postres,5.6437289,-73.5248105,2024,11,2,5,0,720,1380,720,1380,720,1380,720,1380,720,1380,702,1383,758,1400,3747197845
complementary_plate_postres_137,Helado,Postres,7500,79,3.8,rest_postres_7,Crepes & More,Postres,5.6556921,-73.5153122,2024,3,9,5,0,480,1320,480,1320,480,1320,480,1320,480,1320,477,1343,474,1322,
complementary_plate_postres_138,Tres Leches de la Casa,Postres,7000,84,3.5,rest_postres_5,Crepes & More,Postres,5.6274132,-73.5012072,2024,12,6,4,0,600,120,600,120,600,120,600,120,600,120,548,180,566,133,3536344261
complementary_plate_postres_139,Panna Cotta,Postres,7000,70,4.0,rest_postres_1,Crepes & More,Postres,5.6231588,-73.5108948,2024,3,21,3,0,720,1380,720,1380,720,1380,720,1380,720,1380,687,1417,715,1414,3286201507
complementary_plate_postres_140,Brownie,Postres,12000,92,4.8,rest_postres_9,Pastelería Delicias,Postres,5.6295804,-73.5030958,2025,6,11,2,0,600,120,600,120,600,120,600,120,600,120,615,176,569,112,3209394125
complementary_plate_postres_141,Alfajor de la Casa,Postres,7000,84,4.2,rest_postres_14,Sweet House,Postres,5.6517831,-73.5095115,2024,6,25,1,0,420,1380,420,1380,420,1380,420,1380,420,1380,460,1353,447,1417,
complementary_plate_postres_142,Brownie,Postres,7000,80,4.0,rest_postres_15,Pastelería Delicias,Postres,5.6213868,-73.5163313,2024,12,12,3,0,420,1380,420,1380,420,1380,420,1380,420,1380,436,1407,414,1382,3949685327
complementary_plate_postres_143,Panna Cotta Clásico,Postres,12000,82,3.4,rest_postres_14,Pastelería Delicias,Postres,5.6433123,-73.5323191,2025,8,28,3,0,600,120,600,120,600,120,600,120,600,120,604,166,652,149,3745379427
complementary_plate_postres_144,Helado,Postres,7500,80,3.7,rest_postres_15,Crepes & More,Postres,5.6598175,-73.5133326,2025,9,26,4,0,480,1320,480,1320,480,1320,480,1320,480,1320,450,1357,453,1308,
complementary_plate_postres_145,Donas,Postres,10500,70,3.5,rest_postres_3,Dulce Tentación,Postres,5.6542278,-73.5150648,2025,10,21,1,1,720,1380,720,1380,720,1380,720,1380,720,1380,667,1440,682,1372,
complementary_plate_postres_146,Cheese Cake Especial,Postres,8500,83,3.6,rest_postres_2,Crepes & More,Postres,5.6408578,-73.5159012,2025,8,22,4,0,420,1380,420,1380,420,1380,420,1380,420,1380,443,1412,414,1427,3348620127
complementary_plate_postres_147,Tiramisú,Postres,6000,68,3.5,rest_postres_18,Crepes & More,Postres,5.6225456,-73.5204086,2024,6,26,2,0,720,1380,720,1380,720,1380,720,1380,720,1380,738,1419,707,1364,3857464992
complementary_plate_postres_148,Crème Brûlée Especial,Postres,6500,83,3.4,rest_postres_6,Sweet House,Postres,5.6532549,-73.5188537,2024,6,18,1,0,480,1320,480,1320,480,1320,480,1320,480,1320,467,1312,540,1303,
complementary_plate_postres_149,Alfajor Especial,Postres,8000,71,3.4,rest_postres_6,Dulce Tentación,Postres,5.6439591,-73.5266223,2025,5,10,5,1,480,1320,480,1320,480,1320,480,1320,480,1320,535,1313,515,1342,3871518627
complementary_plate_postres_150,Mousse,Postres,11000,74,4.1,rest_postres_15,Dulce Tentación,Postres,5.6245973,-73.5192275,2024,11,2,5,0,420,1380,420,1380,420,1380,420,1380,420,1380,423,1359,367,1404,3591712659
complementary_plate_postres_1,Panna Cotta Especial,Postres,14000,87,4.6,rest_postres_1,Pastelería Delicias,Postres,5.6237543,-73.5320978,2024,3,7,3,0,720,1380,720,1380,720,1380,720,1380,720,1380,763,1360,711,1374,3941489937
complementary_plate_postres_2,Crème Brûlée Premium,Postres,14000,75,3.4,rest_postres_13,Pastelería Delicias,Postres,5.6563851,-73.507793,2025,4,26,5,0,420,1380,420,1380,420,1380,420,1380,420,1380,434,1375,386,1373,
complementary_plate_postres_3,Tiramisú de la Casa,Postres,24000,59,3.3,rest_postres_1,Sweet House,Postres,5.646768,-73.5325689,2024,7,18,3,0,480,1320,480,1320,480,1320,480,1320,480,1320,530,1346,440,1362,
complementary_plate_postres_4,Tiramisú,Postres,25000,62,3.6,rest_postres_20,Pastelería Delicias,Postres,5.6531715,-73.5366013,2024,5,17,4,0,480,1320,480,1320,480,1320,480,1320,480,1320,514,1340,516,1331,
complementary_plate_postres_5,Tres Leches,Postres,18000,81,4.3,rest_postres_6,Sweet House,Postres,5.6551592,-73.5225502,2024,9,19,3,0,480,1320,480,1320,480,1320,480,1320,480,1320,509,1367,448,1367,
complementary_plate_postres_6,Tres Leches,Postres,19500,68,3.3,rest_postres_19,Dulce Tentación,Postres,5.6428709,-73.5136677,2025,4,7,0,1,720,1380,720,1380,720,1380,720,1380,720,1380,774,1423,675,1399,3127205484
complementary_plate_postres_7,Panna Cotta,Postres,24000,52,4.1,rest_postres_15,Pastelería Delicias,Postres,5.6406979,-73.5224913,2025,8,15,4,0,480,1320,480,1320,480,1320,480,1320,480,1320,436,1345,511,1343,3194294138
complementary_plate_postres_8,Tiramisú,Postres,20500,66,3.7,rest_postres_15,Pastelería Delicias,Postres,5.6372171,-73.5289298,2026,1,14,2,0,420,1380,420,1380,420,1380,420,1380,420,1380,405,1376,435,1412,3450758287
complementary_plate_postres_9,Profiteroles Especial,Postres,19500,85,4.7,rest_postres_18,Sweet House,Postres,5.6326779,-73.5176732,2025,12,23,1,0,600,120,600,120,600,120,600,120,600,120,578,90,593,153,3848557252
complementary_plate_postres_10,Helado,Postres,20500,58,3.8,rest_postres_10,Dulce Tentación,Postres,5.6373838,-73.5261199,2025,1,22,2,0,480,1320,480,1320,480,1320,480,1320,480,1320,492,1311,496,1295,3795074243
complementary_plate_postres_11,Brownie,Postres,21000,46,3.6,rest_postres_12,Sweet House,Postres,5.6509552,-73.5026853,2025,8,30,5,0,480,1320,480,1320,480,1320,480,1320,480,1320,455,1323,489,1363,
complementary_plate_postres_12,Tres Leches,Postres,16500,83,4.0,rest_postres_12,Dulce Tentación,Postres,5.6440769,-73.5030942,2025,9,2,1,0,720,1380,720,1380,720,1380,720,1380,720,1380,686,1372,660,1371,
complementary_plate_postres_13,Crepes,Postres,25000,63,4.2,rest_postres_11,Pastelería Delicias,Postres,5.6557009,-73.5199051,2025,4,22,1,0,420,1380,420,1380,420,1380,420,1380,420,1380,469,1357,374,1429,
complementary_plate_postres_14,Mousse Clásico,Postres,21000,67,4.7,rest_postres_7,Sweet House,Postres,5.6377352,-73.5268846,2024,5,9,3,0,720,1380,720,1380,720,1380,720,1380,720,1380,769,1401,734,1414,3501413581
complementary_plate_postres_15,Crème Brûlée del Chef,Postres,18000,78,3.7,rest_postres_1,Crepes & More,Postres,5.6442836,-73.5105147,2025,9,24,2,0,720,1380,720,1380,720,1380,720,1380,720,1380,772,1370,697,1381,
complementary_plate_postres_16,Cheese Cake,Postres,21500,47,3.1,rest_postres_3,Pastelería Delicias,Postres,5.6452523,-73.5385315,2025,5,6,1,0,420,1380,420,1380,420,1380,420,1380,420,1380,432,1418,442,1379,
complementary_plate_postres_17,Crème Brûlée,Postres,16000,73,4.0,rest_postres_4,Sweet House,Postres,5.6436679,-73.5210092,2025,12,11,3,0,480,1320,480,1320,480,1320,480,1320,480,1320,476,1332,516,1366,3282406861
complementary_plate_postres_18,Panna Cotta,Postres,16500,73,3.6,rest_postres_6,Pastelería Delicias,Postres,5.6481054,-73.5265471,2025,4,28,0,0,720,1380,720,1380,720,1380,720,1380,720,1380,723,1401,685,1359,
complementary_plate_postres_19,Donas,Postres,23500,66,4.3,rest_postres_11,Sweet House,Postres,5.6294973,-73.5031786,2024,11,5,1,0,480,1320,480,1320,480,1320,480,1320,480,1320,469,1313,496,1324,3415810703
complementary_plate_postres_20,Crepes,Postres,19500,66,3.2,rest_postres_8,Crepes & More,Postres,5.6404946,-73.5395199,2025,1,21,1,1,720,1380,720,1380,720,1380,720,1380,720,1380,683,1400,717,1359,3755865168
complementary_plate_postres_21,Panna Cotta,Postres,14000,83,4.8,rest_postres_13,Crepes & More,Postres,5.624169,-73.5178874,2025,5,25,6,0,720,1380,720,1380,720,1380,720,1380,720,1380,780,1404,769,1385,3808910060
complementary_plate_postres_22,Crème Brûlée,Postres,18000,70,3.4,rest_postres_1,Sweet House,Postres,5.6353805,-73.5103735,2026,1,10,5,0,720,1380,720,1380,720,1380,720,1380,720,1380,749,1353,773,1429,3474791766
complementary_plate_postres_23,Tres Leches,Postres,17500,86,3.9,rest_postres_12,Dulce Tentación,Postres,5.6395067,-73.5205993,2025,12,4,3,0,420,1380,420,1380,420,1380,420,1380,420,1380,400,1367,394,1357,3343002509
complementary_plate_postres_24,Tiramisú,Postres,19000,81,3.5,rest_postres_19,Sweet House,Postres,5.646089,-73.5365839,2025,10,27,0,0,420,1380,420,1380,420,1380,420,1380,420,1380,405,1351,400,1362,
complementary_plate_postres_25,Mousse de la Casa,Postres,17500,84,3.6,rest_postres_5,Crepes & More,Postres,5.6580212,-73.5011015,2024,4,24,2,0,420,1380,420,1380,420,1380,420,1380,420,1380,390,1435,467,1356,
complementary_plate_postres_26,Crepes,Postres,24000,48,3.3,rest_postres_3,Sweet House,Postres,5.644026,-73.5192796,2025,9,2,1,0,600,120,600,120,600,120,600,120,600,120,617,106,587,178,
complementary_plate_postres_27,Mousse del Chef,Postres,20500,72,4.4,rest_postres_10,Sweet House,Postres,5.6497438,-73.5154326,2026,1,30,4,1,420,1380,420,1380,420,1380,420,1380,420,1380,440,1436,401,1439,
complementary_plate_postres_28,Crème Brûlée Premium,Postres,14500,83,3.6,rest_postres_6,Sweet House,Postres,5.6402506,-73.5305356,2025,6,11,2,1,600,120,600,120,600,120,600,120,600,120,545,145,603,171,3372449038
complementary_plate_postres_29,Brownie,Postres,23500,48,3.5,rest_postres_10,Crepes & More,Postres,5.6453642,-73.5206601,2024,7,31,2,1,420,1380,420,1380,420,1380,420,1380,420,1380,372,1395,471,1429,
complementary_plate_postres_30,Mousse Clásico,Postres,22000,67,4.0,rest_postres_6,Sweet House,Postres,5.6228373,-73.522834,2024,8,1,3,0,420,1380,420,1380,420,1380,420,1380,420,1380,367,1416,402,1431,3848416400
complementary_plate_postres_31,Helado,Postres,22000,71,4.2,rest_postres_16,Pastelería Delicias,Postres,5.6301757,-73.5370042,2024,12,26,3,0,600,120,600,120,600,120,600,120,600,120,630,151,557,141,3450118568
complementary_plate_postres_32,Donas Clásico,Postres,20500,65,3.8,rest_postres_13,Dulce Tentación,Postres,5.6344741,-73.5357536,2024,6,17,0,0,720,1380,720,1380,720,1380,720,1380,720,1380,706,1389,778,1377,3823261934
complementary_plate_postres_33,Brownie del Chef,Postres,25000,47,3.4,rest_postres_13,Sweet House,Postres,5.6388997,-73.5065011,2025,2,10,0,0,720,1380,720,1380,720,1380,720,1380,720,1380,682,1373,771,1394,3743334753
complementary_plate_postres_34,Tres Leches,Postres,21500,63,4.5,rest_postres_1,Pastelería Delicias,Postres,5.6218259,-73.5304072,2025,8,6,2,0,420,1380,420,1380,420,1380,420,1380,420,1380,417,1372,430,1402,3393183236
complementary_plate_postres_35,Cheese Cake,Postres,14000,71,4.1,rest_postres_1,Sweet House,Postres,5.625601,-73.5322017,2024,6,8,5,0,720,1380,720,1380,720,1380,720,1380,720,1380,761,1370,691,1385,3544246124
complementary_plate_postres_36,Panna Cotta,Postres,24000,62,4.5,rest_postres_1,Crepes & More,Postres,5.6310726,-73.5198035,2024,12,25,2,0,600,120,600,120,600,120,600,120,600,120,590,111,646,178,3719613978
complementary_plate_postres_37,Crème Brûlée,Postres,24500,66,4.8,rest_postres_10,Dulce Tentación,Postres,5.6588613,-73.5092501,2024,10,6,6,0,420,1380,420,1380,420,1380,420,1380,420,1380,465,1356,434,1396,
complementary_plate_postres_38,Brownie Especial,Postres,22000,60,4.1,rest_postres_12,Sweet House,Postres,5.6332539,-73.5375221,2025,5,31,5,0,480,1320,480,1320,480,1320,480,1320,480,1320,511,1319,498,1299,3722353238
complementary_plate_postres_39,Cheese Cake,Postres,12000,73,4.0,rest_postres_1,Sweet House,Postres,5.6392816,-73.5169277,2025,1,11,5,0,720,1380,720,1380,720,1380,720,1380,720,1380,677,1370,698,1409,3264289279
complementary_plate_postres_40,Panna Cotta,Postres,20500,63,4.8,rest_postres_9,Pastelería Delicias,Postres,5.6278439,-73.5352316,2024,12,24,1,1,600,120,600,120,600,120,600,120,600,120,542,157,558,149,3228079738
complementary_plate_postres_41,Brownie,Postres,25000,47,2.9,rest_postres_13,Crepes & More,Postres,5.6444312,-73.5385416,2025,9,27,5,0,480,1320,480,1320,480,1320,480,1320,480,1320,538,1377,515,1343,
complementary_plate_postres_42,Brownie,Postres,19000,65,3.5,rest_postres_15,Pastelería Delicias,Postres,5.6312273,-73.5378902,2025,6,18,2,0,720,1380,720,1380,720,1380,720,1380,720,1380,750,1417,751,1395,3607745102
complementary_plate_postres_43,Crème Brûlée,Postres,19000,78,4.4,rest_postres_4,Sweet House,Postres,5.6282797,-73.5066334,2024,3,19,1,0,720,1380,720,1380,720,1380,720,1380,720,1380,694,1404,671,1406,3706449706
complementary_plate_postres_44,Donas del Chef,Postres,24000,76,4.7,rest_postres_3,Pastelería Delicias,Postres,5.6406629,-73.5352811,2025,4,23,2,1,720,1380,720,1380,720,1380,720,1380,720,1380,760,1402,674,1351,3100131936
complementary_plate_postres_45,Crème Brûlée,Postres,15500,79,3.3,rest_postres_7,Pastelería Delicias,Postres,5.6202202,-73.5381939,2025,10,10,4,1,420,1380,420,1380,420,1380,420,1380,420,1380,377,1375,451,1362,3158557684
complementary_plate_postres_46,Mousse,Postres,23500,58,3.8,rest_postres_14,Crepes & More,Postres,5.6203066,-73.522484,2026,1,5,0,0,720,1380,720,1380,720,1380,720,1380,720,1380,719,1410,744,1399,3412358242
complementary_plate_postres_47,Brownie de la Casa,Postres,20500,52,3.5,rest_postres_11,Dulce Tentación,Postres,5.6287628,-73.5062403,2024,10,10,3,0,420,1380,420,1380,420,1380,420,1380,420,1380,437,1387,383,1429,3557827088
complementary_plate_postres_48,Cheese Cake de la Casa,Postres,23000,60,4.4,rest_postres_10,Sweet House,Postres,5.6214689,-73.5295037,2025,8,14,3,0,480,1320,480,1320,480,1320,480,1320,480,1320,485,1360,476,1292,3333460187
complementary_plate_postres_49,Tres Leches,Postres,16000,69,2.5,rest_postres_3,Pastelería Delicias,Postres,5.624321,-73.5231315,2025,5,9,4,1,480,1320,480,1320,480,1320,480,1320,480,1320,532,1311,456,1361,3119247186
complementary_plate_postres_50,Profiteroles del Chef,Postres,14000,70,3.5,rest_postres_9,Crepes & More,Postres,5.6335544,-73.5384031,2024,6,30,6,1,720,1380,720,1380,720,1380,720,1380,720,1380,688,1384,704,1404,3736589165
complementary_plate_postres_51,Mousse,Postres,18000,84,4.7,rest_postres_5,Sweet House,Postres,5.6521034,-73.5220369,2025,1,15,2,1,480,1320,480,1320,480,1320,480,1320,480,1320,441,1335,531,1327,
complementary_plate_postres_52,Tres Leches,Postres,16500,92,4.4,rest_postres_1,Pastelería Delicias,Postres,5.6428819,-73.5168955,2025,12,4,3,0,480,1320,480,1320,480,1320,480,1320,480,1320,455,1378,479,1312,3495561149
complementary_plate_postres_53,Donas de la Casa,Postres,21500,61,3.8,rest_postres_3,Pastelería Delicias,Postres,5.6405067,-73.5171637,2025,8,12,1,1,420,1380,420,1380,420,1380,420,1380,420,1380,389,1414,471,1393,3273084630
complementary_plate_postres_54,Alfajor,Postres,14500,75,4.0,rest_postres_8,Dulce Tentación,Postres,5.6317396,-73.5267029,2024,6,21,4,1,420,1380,420,1380,420,1380,420,1380,420,1380,390,1391,459,1425,3380359711
complementary_plate_postres_55,Tiramisú,Postres,13000,84,4.2,rest_postres_10,Crepes & More,Postres,5.6572701,-73.5273787,2025,11,2,6,0,480,1320,480,1320,480,1320,480,1320,480,1320,453,1376,474,1296,
complementary_plate_postres_56,Tres Leches,Postres,23000,40,2.7,rest_postres_3,Crepes & More,Postres,5.6358806,-73.5357351,2025,1,18,5,1,600,120,600,120,600,120,600,120,600,120,604,156,573,125,3720212108
complementary_plate_postres_57,Panna Cotta,Postres,18000,79,4.0,rest_postres_13,Crepes & More,Postres,5.6234837,-73.5253281,2025,6,12,3,0,420,1380,420,1380,420,1380,420,1380,420,1380,472,1403,392,1403,3991771130
complementary_plate_postres_58,Cheese Cake,Postres,15000,76,3.7,rest_postres_5,Dulce Tentación,Postres,5.6446827,-73.5360202,2025,12,7,6,1,420,1380,420,1380,420,1380,420,1380,420,1380,444,1388,472,1438,
complementary_plate_postres_59,Cheese Cake,Postres,13500,88,4.5,rest_postres_2,Pastelería Delicias,Postres,5.6245535,-73.5093362,2025,3,1,5,1,600,120,600,120,600,120,600,120,600,120,658,179,561,163,3382372386
complementary_plate_postres_60,Crème Brûlée de la Casa,Postres,13500,96,4.8,rest_postres_2,Dulce Tentación,Postres,5.6338089,-73.501349,2025,2,26,2,0,600,120,600,120,600,120,600,120,600,120,542,127,570,136,3739039108
complementary_plate_postres_61,Alfajor,Postres,21000,45,3.0,rest_postres_13,Sweet House,Postres,5.6402965,-73.501197,2026,1,10,5,1,720,1380,720,1380,720,1380,720,1380,720,1380,716,1384,777,1404,3162110920
complementary_plate_postres_62,Panna Cotta Especial,Postres,18500,76,3.7,rest_postres_6,Sweet House,Postres,5.6549689,-73.5053972,2025,8,3,6,1,600,120,600,120,600,120,600,120,600,120,625,117,542,141,
complementary_plate_postres_63,Donas,Postres,18500,97,4.9,rest_postres_1,Dulce Tentación,Postres,5.6397419,-73.5159683,2024,5,18,5,1,600,120,600,120,600,120,600,120,600,120,653,150,656,163,3465314373
complementary_plate_postres_64,Donas,Postres,19000,86,4.2,rest_postres_16,Dulce Tentación,Postres,5.6480904,-73.5119654,2025,1,6,0,0,600,120,600,120,600,120,600,120,600,120,582,117,604,132,
complementary_plate_postres_65,Crepes,Postres,14500,61,2.7,rest_postres_1,Crepes & More,Postres,5.6597127,-73.5285918,2024,12,24,1,0,600,120,600,120,600,120,600,120,600,120,566,128,627,111,
complementary_plate_postres_66,Donas,Postres,13000,80,4.6,rest_postres_4,Sweet House,Postres,5.6252596,-73.5147692,2025,9,17,2,1,420,1380,420,1380,420,1380,420,1380,420,1380,468,1352,468,1435,3675708766
complementary_plate_postres_67,Crème Brûlée Especial,Postres,14000,69,2.5,rest_postres_15,Crepes & More,Postres,5.6309893,-73.521774,2024,3,9,5,0,480,1320,480,1320,480,1320,480,1320,480,1320,453,1372,529,1361,3658255893
complementary_plate_postres_68,Cheese Cake,Postres,15500,87,3.9,rest_postres_1,Sweet House,Postres,5.635783,-73.5207193,2024,6,25,1,1,600,120,600,120,600,120,600,120,600,120,590,116,563,97,3814115009
complementary_plate_postres_69,Mousse Especial,Postres,21000,60,3.1,rest_postres_4,Sweet House,Postres,5.6368731,-73.5096889,2024,9,22,6,0,720,1380,720,1380,720,1380,720,1380,720,1380,780,1424,734,1372,3560142508
complementary_plate_postres_70,Tres Leches,Postres,22000,42,3.2,rest_postres_18,Crepes & More,Postres,5.6364408,-73.5287233,2026,1,31,5,1,600,120,600,120,600,120,600,120,600,120,629,131,653,116,3695825147
complementary_plate_postres_71,Alfajor,Postres,16000,74,4.0,rest_postres_19,Dulce Tentación,Postres,5.6563044,-73.5272784,2025,7,10,3,0,420,1380,420,1380,420,1380,420,1380,420,1380,438,1383,381,1401,
complementary_plate_postres_72,Donas del Chef,Postres,14500,74,4.0,rest_postres_10,Dulce Tentación,Postres,5.6485613,-73.5030143,2025,10,14,1,0,480,1320,480,1320,480,1320,480,1320,480,1320,506,1320,461,1328,
complementary_plate_postres_73,Helado,Postres,24500,59,4.0,rest_postres_15,Pastelería Delicias,Postres,5.6443162,-73.537751,2024,8,4,6,0,600,120,600,120,600,120,600,120,600,120,597,93,588,166,
complementary_plate_postres_74,Helado Clásico,Postres,16500,64,2.5,rest_postres_17,Sweet House,Postres,5.6323749,-73.5205746,2024,7,12,4,0,480,1320,480,1320,480,1320,480,1320,480,1320,467,1323,497,1357,3692772011
complementary_plate_postres_75,Crepes,Postres,15000,94,4.5,rest_postres_18,Dulce Tentación,Postres,5.6529516,-73.503488,2024,10,17,3,0,720,1380,720,1380,720,1380,720,1380,720,1380,763,1356,749,1368,
complementary_plate_postres_76,Crème Brûlée,Postres,20000,54,3.6,rest_postres_8,Pastelería Delicias,Postres,5.6582024,-73.5155855,2024,3,29,4,0,600,120,600,120,600,120,600,120,600,120,600,154,650,90,
complementary_plate_postres_77,Brownie,Postres,19000,87,4.2,rest_postres_5,Pastelería Delicias,Postres,5.6528479,-73.5181437,2024,6,22,5,0,420,1380,420,1380,420,1380,420,1380,420,1380,473,1432,427,1424,
complementary_plate_postres_78,Brownie,Postres,19500,66,3.6,rest_postres_5,Dulce Tentación,Postres,5.6200626,-73.5300102,2024,6,3,0,1,420,1380,420,1380,420,1380,420,1380,420,1380,360,1375,480,1407,3442407078
complementary_plate_postres_79,Tres Leches,Postres,16500,83,3.9,rest_postres_3,Dulce Tentación,Postres,5.6454561,-73.526269,2024,8,25,6,1,420,1380,420,1380,420,1380,420,1380,420,1380,365,1407,472,1356,
complementary_plate_postres_80,Alfajor del Chef,Postres,22500,46,3.3,rest_postres_10,Sweet House,Postres,5.6220454,-73.5059181,2024,4,11,3,0,720,1380,720,1380,720,1380,720,1380,720,1380,711,1369,727,1371,3764539082
complementary_plate_postres_1,Panna Cotta,Postres,42500,58,3.9,rest_postres_6,Pastelería Delicias,Postres,5.6303043,-73.5176313,2024,7,8,0,1,420,1380,420,1380,420,1380,420,1380,420,1380,456,1353,444,1352,3236888220
complementary_plate_postres_2,Brownie,Postres,50000,39,2.8,rest_postres_13,Dulce Tentación,Postres,5.622381,-73.5194103,2024,6,2,6,0,420,1380,420,1380,420,1380,420,1380,420,1380,371,1359,413,1419,3476453173
complementary_plate_postres_3,Helado,Postres,50000,45,5.0,rest_postres_5,Dulce Tentación,Postres,5.6441518,-73.5360168,2024,8,12,0,0,720,1380,720,1380,720,1380,720,1380,720,1380,762,1410,711,1400,
complementary_plate_postres_4,Donas Premium,Postres,32000,54,3.5,rest_postres_9,Crepes & More,Postres,5.6474636,-73.5393589,2025,7,22,1,0,720,1380,720,1380,720,1380,720,1380,720,1380,739,1365,718,1357,
complementary_plate_postres_5,Crème Brûlée,Postres,34500,61,4.0,rest_postres_9,Sweet House,Postres,5.6245795,-73.5014526,2024,4,20,5,0,420,1380,420,1380,420,1380,420,1380,420,1380,387,1391,462,1426,3706957075
complementary_plate_postres_6,Brownie Clásico,Postres,39500,58,3.2,rest_postres_6,Sweet House,Postres,5.6353536,-73.5249206,2025,4,7,0,0,600,120,600,120,600,120,600,120,600,120,655,90,550,112,3455255853
complementary_plate_postres_7,Cheese Cake Premium,Postres,42000,54,3.9,rest_postres_12,Sweet House,Postres,5.6382495,-73.5158715,2024,10,25,4,0,720,1380,720,1380,720,1380,720,1380,720,1380,712,1426,662,1424,3368323008
complementary_plate_postres_8,Alfajor,Postres,25000,62,4.2,rest_postres_20,Dulce Tentación,Postres,5.6347621,-73.5368114,2025,5,27,1,1,480,1320,480,1320,480,1320,480,1320,480,1320,443,1360,536,1324,3400765054
complementary_plate_postres_9,Tres Leches,Postres,36000,58,3.4,rest_postres_10,Sweet House,Postres,5.624841,-73.5126754,2024,3,2,5,0,600,120,600,120,600,120,600,120,600,120,540,106,657,127,3430459193
complementary_plate_postres_10,Tiramisú,Postres,39500,53,3.8,rest_postres_18,Dulce Tentación,Postres,5.6367579,-73.5026973,2024,2,21,2,1,420,1380,420,1380,420,1380,420,1380,420,1380,405,1378,449,1404,3339418478
complementary_plate_postres_11,Tres Leches Clásico,Postres,26000,63,3.8,rest_postres_12,Sweet House,Postres,5.6500471,-73.5169734,2025,10,8,2,1,420,1380,420,1380,420,1380,420,1380,420,1380,459,1385,446,1352,
complementary_plate_postres_12,Crepes,Postres,26500,38,2.5,rest_postres_5,Sweet House,Postres,5.6228403,-73.5349554,2025,7,19,5,0,600,120,600,120,600,120,600,120,600,120,571,156,587,125,3755857488
complementary_plate_postres_13,Alfajor del Chef,Postres,31500,72,4.3,rest_postres_19,Crepes & More,Postres,5.6232072,-73.5167311,2025,4,22,1,0,600,120,600,120,600,120,600,120,600,120,544,138,591,149,3840913052
complementary_plate_postres_14,Panna Cotta Premium,Postres,45000,64,4.0,rest_postres_9,Sweet House,Postres,5.6341909,-73.5093461,2025,12,17,2,0,720,1380,720,1380,720,1380,720,1380,720,1380,707,1424,699,1422,3570541139
complementary_plate_postres_15,Alfajor,Postres,50000,43,4.2,rest_postres_13,Crepes & More,Postres,5.657669,-73.5237433,2024,12,7,5,0,600,120,600,120,600,120,600,120,600,120,563,111,592,162,
complementary_plate_postres_16,Helado,Postres,39500,60,3.1,rest_postres_20,Pastelería Delicias,Postres,5.6467429,-73.5048065,2025,1,16,3,0,600,120,600,120,600,120,600,120,600,120,659,162,614,142,
complementary_plate_postres_17,Crepes,Postres,42500,54,3.6,rest_postres_17,Crepes & More,Postres,5.6471468,-73.5140527,2024,7,17,2,1,720,1380,720,1380,720,1380,720,1380,720,1380,687,1391,756,1420,
complementary_plate_postres_18,Crème Brûlée,Postres,32000,47,3.0,rest_postres_9,Dulce Tentación,Postres,5.6344768,-73.50403,2025,5,30,4,0,600,120,600,120,600,120,600,120,600,120,597,168,563,137,3936031599
complementary_plate_postres_19,Tres Leches,Postres,33500,54,4.1,rest_postres_17,Sweet House,Postres,5.6437464,-73.5150598,2024,5,30,3,0,480,1320,480,1320,480,1320,480,1320,480,1320,486,1322,534,1367,3672132274
complementary_plate_postres_20,Brownie,Postres,40500,64,5.0,rest_postres_10,Dulce Tentación,Postres,5.6204052,-73.5347485,2025,4,16,2,0,480,1320,480,1320,480,1320,480,1320,480,1320,439,1306,471,1291,3592506784
complementary_plate_postres_21,Crepes Especial,Postres,31500,69,4.0,rest_postres_8,Pastelería Delicias,Postres,5.6454438,-73.5276123,2024,4,10,2,0,600,120,600,120,600,120,600,120,600,120,659,141,558,168,
complementary_plate_postres_22,Tiramisú,Postres,50000,45,3.9,rest_postres_19,Sweet House,Postres,5.6565315,-73.5319282,2024,8,27,1,1,420,1380,420,1380,420,1380,420,1380,420,1380,453,1422,369,1377,
complementary_plate_postres_23,Panna Cotta,Postres,50000,27,3.1,rest_postres_11,Crepes & More,Postres,5.6445029,-73.5036469,2024,4,18,3,1,420,1380,420,1380,420,1380,420,1380,420,1380,379,1431,467,1419,
complementary_plate_postres_24,Helado,Postres,41500,61,3.9,rest_postres_20,Dulce Tentación,Postres,5.6549479,-73.509584,2025,3,6,3,0,420,1380,420,1380,420,1380,420,1380,420,1380,380,1435,480,1439,
complementary_plate_postres_25,Tres Leches,Postres,25000,49,3.3,rest_postres_14,Crepes & More,Postres,5.6489589,-73.5129441,2024,11,27,2,0,480,1320,480,1320,480,1320,480,1320,480,1320,486,1313,449,1333,
complementary_plate_postres_26,Alfajor del Chef,Postres,48000,64,4.0,rest_postres_12,Dulce Tentación,Postres,5.6248223,-73.5279613,2024,4,13,5,1,420,1380,420,1380,420,1380,420,1380,420,1380,431,1429,411,1366,3930741707
complementary_plate_postres_27,Donas,Postres,42500,58,3.7,rest_postres_20,Dulce Tentación,Postres,5.6560981,-73.5326382,2024,11,4,0,1,720,1380,720,1380,720,1380,720,1380,720,1380,772,1350,670,1410,
complementary_plate_postres_28,Profiteroles Premium,Postres,26000,54,4.1,rest_postres_10,Pastelería Delicias,Postres,5.6226578,-73.509742,2026,1,31,5,0,600,120,600,120,600,120,600,120,600,120,552,157,595,163,3961619820
complementary_plate_postres_29,Helado,Postres,25000,59,4.6,rest_postres_7,Dulce Tentación,Postres,5.6413587,-73.5210337,2024,4,5,4,1,420,1380,420,1380,420,1380,420,1380,420,1380,422,1382,375,1440,3128963091
complementary_plate_postres_30,Brownie,Postres,28000,72,4.3,rest_postres_6,Crepes & More,Postres,5.6256855,-73.5309684,2025,7,20,6,0,420,1380,420,1380,420,1380,420,1380,420,1380,468,1401,372,1351,3114912584
complementary_plate_colombiana_1,Ajiaco Premium,Colombiana,18000,81,4.6,rest_colombiana_11,Sabor Paisa,Colombiana,5.6204683,-73.5153351,2025,9,9,1,0,600,120,600,120,600,120,600,120,600,120,584,97,568,143,3332339110
complementary_plate_colombiana_2,Tamales,Colombiana,18000,93,4.4,rest_colombiana_10,La Tienda,Colombiana,5.6368814,-73.5383866,2025,8,2,5,0,720,1380,720,1380,720,1380,720,1380,720,1380,726,1411,684,1376,3627677187
complementary_plate_colombiana_3,Sobrebarriga,Colombiana,9500,87,3.8,rest_colombiana_14,La Tienda,Colombiana,5.6318016,-73.5269532,2024,9,19,3,0,420,1380,420,1380,420,1380,420,1380,420,1380,468,1407,396,1420,3855646706
complementary_plate_colombiana_4,Lechona,Colombiana,18000,86,4.6,rest_colombiana_16,Sabor Paisa,Colombiana,5.63944,-73.5212577,2026,2,1,6,1,600,120,600,120,600,120,600,120,600,120,635,158,593,106,3497286362
complementary_plate_colombiana_5,Posta Negra,Colombiana,8500,57,2.7,rest_colombiana_16,La Tienda,Colombiana,5.643088,-73.5340817,2025,11,7,4,0,420,1380,420,1380,420,1380,420,1380,420,1380,369,1427,369,1410,3611842988
complementary_plate_colombiana_6,Ajiaco,Colombiana,16000,77,4.3,rest_colombiana_9,Colombia Gourmet,Colombiana,5.6217496,-73.5006138,2025,7,24,3,0,720,1380,720,1380,720,1380,720,1380,720,1380,770,1418,735,1394,3230343082
complementary_plate_colombiana_7,Arepa de Huevo,Colombiana,15500,87,5.0,rest_colombiana_11,Sabor Paisa,Colombiana,5.6249201,-73.5316361,2025,11,1,5,1,480,1320,480,1320,480,1320,480,1320,480,1320,491,1335,485,1290,3901612428
complementary_plate_colombiana_8,Arepa de Huevo,Colombiana,8000,86,4.4,rest_colombiana_2,Sabor Paisa,Colombiana,5.6423457,-73.5347859,2024,12,26,3,1,420,1380,420,1380,420,1380,420,1380,420,1380,394,1429,410,1435,3846043276
complementary_plate_colombiana_9,Sobrebarriga,Colombiana,12000,83,3.4,rest_colombiana_11,Sabor Paisa,Colombiana,5.6337267,-73.5318586,2025,3,25,1,0,600,120,600,120,600,120,600,120,600,120,540,96,576,91,3210336187
complementary_plate_colombiana_10,Sobrebarriga del Chef,Colombiana,18000,76,4.4,rest_colombiana_3,Tradición,Colombiana,5.6491669,-73.5092376,2025,8,8,4,0,480,1320,480,1320,480,1320,480,1320,480,1320,489,1325,422,1321,
complementary_plate_colombiana_11,Arroz con Pollo Premium,Colombiana,14500,90,4.3,rest_colombiana_18,La Tienda,Colombiana,5.6460917,-73.5229798,2024,7,29,0,1,720,1380,720,1380,720,1380,720,1380,720,1380,735,1398,710,1370,
complementary_plate_colombiana_12,Posta Negra,Colombiana,11000,79,4.9,rest_colombiana_13,Sabor Paisa,Colombiana,5.6538242,-73.5173834,2025,9,4,3,0,420,1380,420,1380,420,1380,420,1380,420,1380,440,1438,455,1352,
complementary_plate_colombiana_13,Empanadas,Colombiana,8000,73,3.4,rest_colombiana_20,Colombia Gourmet,Colombiana,5.6476997,-73.5391596,2024,2,11,6,0,720,1380,720,1380,720,1380,720,1380,720,1380,737,1439,703,1361,
complementary_plate_colombiana_14,Sancocho,Colombiana,16000,88,3.9,rest_colombiana_15,Tradición,Colombiana,5.6371972,-73.5386227,2024,5,28,1,0,720,1380,720,1380,720,1380,720,1380,720,1380,752,1380,703,1403,3602966196
complementary_plate_colombiana_15,Bandeja Paisa de la Casa,Colombiana,14000,74,3.5,rest_colombiana_17,Colombia Gourmet,Colombiana,5.6469187,-73.522167,2025,12,25,3,1,420,1380,420,1380,420,1380,420,1380,420,1380,468,1352,424,1414,
complementary_plate_colombiana_16,Arroz con Pollo,Colombiana,14000,83,4.5,rest_colombiana_10,Sabor Paisa,Colombiana,5.6310152,-73.5073338,2024,8,2,4,0,480,1320,480,1320,480,1320,480,1320,480,1320,496,1311,425,1376,3529322069
complementary_plate_colombiana_17,Empanadas,Colombiana,18000,74,4.1,rest_colombiana_18,Sabor Paisa,Colombiana,5.6322525,-73.5045904,2025,2,28,4,0,480,1320,480,1320,480,1320,480,1320,480,1320,431,1315,507,1308,3942868946
complementary_plate_colombiana_18,Empanadas,Colombiana,16000,75,3.7,rest_colombiana_20,Sabor Paisa,Colombiana,5.6515594,-73.5365317,2025,10,15,2,1,420,1380,420,1380,420,1380,420,1380,420,1380,431,1356,403,1370,
complementary_plate_colombiana_19,Posta Negra Premium,Colombiana,16000,76,2.7,rest_colombiana_8,Sabor Paisa,Colombiana,5.6378568,-73.5184655,2025,3,22,5,1,480,1320,480,1320,480,1320,480,1320,480,1320,457,1348,522,1377,3319262151
complementary_plate_colombiana_20,Arroz con Pollo,Colombiana,16000,69,3.3,rest_colombiana_2,Colombia Gourmet,Colombiana,5.6519352,-73.5034708,2024,2,23,4,0,480,1320,480,1320,480,1320,480,1320,480,1320,480,1351,454,1336,
complementary_plate_colombiana_21,Mondongo,Colombiana,16500,78,3.1,rest_colombiana_19,Sabor Paisa,Colombiana,5.6528969,-73.5244811,2024,5,15,2,0,720,1380,720,1380,720,1380,720,1380,720,1380,670,1406,756,1358,
complementary_plate_colombiana_22,Empanadas Premium,Colombiana,12500,73,4.3,rest_colombiana_8,Colombia Gourmet,Colombiana,5.6543025,-73.5068174,2025,8,6,2,0,720,1380,720,1380,720,1380,720,1380,720,1380,733,1384,713,1412,
complementary_plate_colombiana_23,Bandeja Paisa,Colombiana,8000,69,3.8,rest_colombiana_18,Colombia Gourmet,Colombiana,5.6566654,-73.5346522,2025,11,23,6,0,600,120,600,120,600,120,600,120,600,120,658,90,586,119,
complementary_plate_colombiana_24,Tamales,Colombiana,18000,95,4.6,rest_colombiana_13,Colombia Gourmet,Colombiana,5.6372394,-73.5025842,2024,8,26,0,0,480,1320,480,1320,480,1320,480,1320,480,1320,436,1337,482,1361,3467493418
complementary_plate_colombiana_25,Bandeja Paisa,Colombiana,13000,62,3.1,rest_colombiana_1,Tradición,Colombiana,5.6327547,-73.5099431,2024,11,19,1,0,420,1380,420,1380,420,1380,420,1380,420,1380,478,1356,410,1380,3219594060
complementary_plate_colombiana_26,Ajiaco,Colombiana,12500,77,3.6,rest_colombiana_1,Colombia Gourmet,Colombiana,5.6432879,-73.5023466,2025,5,10,5,0,480,1320,480,1320,480,1320,480,1320,480,1320,436,1357,533,1372,3277701787
complementary_plate_colombiana_27,Sobrebarriga,Colombiana,11500,80,3.6,rest_colombiana_8,Tradición,Colombiana,5.6348469,-73.5129353,2025,12,8,0,0,480,1320,480,1320,480,1320,480,1320,480,1320,530,1317,495,1295,3192393608
complementary_plate_colombiana_28,Mondongo,Colombiana,16500,81,3.8,rest_colombiana_12,Tradición,Colombiana,5.644043,-73.5254638,2024,10,23,2,1,720,1380,720,1380,720,1380,720,1380,720,1380,706,1367,662,1427,
complementary_plate_colombiana_29,Sancocho Especial,Colombiana,18000,74,4.1,rest_colombiana_18,Sabor Paisa,Colombiana,5.6482234,-73.5024728,2024,5,9,3,1,420,1380,420,1380,420,1380,420,1380,420,1380,389,1364,433,1433,
complementary_plate_colombiana_30,Mondongo,Colombiana,13000,71,3.1,rest_colombiana_19,La Tienda,Colombiana,5.6475362,-73.5289773,2025,5,3,5,0,480,1320,480,1320,480,1320,480,1320,480,1320,437,1349,464,1353,
complementary_plate_colombiana_31,Sobrebarriga,Colombiana,15500,74,3.4,rest_colombiana_8,La Tienda,Colombiana,5.6349821,-73.5267131,2025,3,6,3,0,480,1320,480,1320,480,1320,480,1320,480,1320,460,1326,515,1361,3453979119
complementary_plate_colombiana_32,Ajiaco del Chef,Colombiana,8000,70,3.5,rest_colombiana_12,Colombia Gourmet,Colombiana,5.6266744,-73.5119677,2025,2,15,5,0,480,1320,480,1320,480,1320,480,1320,480,1320,491,1292,500,1361,3553047846
complementary_plate_colombiana_33,Empanadas Premium,Colombiana,10000,83,3.7,rest_colombiana_12,Tradición,Colombiana,5.6372212,-73.5093873,2024,6,5,2,0,420,1380,420,1380,420,1380,420,1380,420,1380,473,1386,457,1392,3467596299
complementary_plate_colombiana_34,Arepa de Huevo,Colombiana,10000,79,3.8,rest_colombiana_8,Colombia Gourmet,Colombiana,5.6257038,-73.5028239,2026,1,25,6,1,480,1320,480,1320,480,1320,480,1320,480,1320,483,1368,483,1296,3290459870
complementary_plate_colombiana_35,Mondongo,Colombiana,15000,71,3.9,rest_colombiana_1,Sabor Paisa,Colombiana,5.6556039,-73.5318079,2024,11,5,1,0,480,1320,480,1320,480,1320,480,1320,480,1320,523,1343,527,1307,
complementary_plate_colombiana_36,Empanadas,Colombiana,9500,66,3.4,rest_colombiana_3,Tradición,Colombiana,5.6338351,-73.5080801,2025,2,10,0,0,600,120,600,120,600,120,600,120,600,120,650,171,559,143,3306554890
complementary_plate_colombiana_37,Posta Negra,Colombiana,18000,73,4.1,rest_colombiana_3,Colombia Gourmet,Colombiana,5.6261784,-73.5104582,2025,6,16,0,1,420,1380,420,1380,420,1380,420,1380,420,1380,363,1359,407,1375,3691735449
complementary_plate_colombiana_38,Bandeja Paisa,Colombiana,13000,65,3.5,rest_colombiana_2,Colombia Gourmet,Colombiana,5.6210179,-73.5374482,2024,7,1,0,0,600,120,600,120,600,120,600,120,600,120,643,102,580,144,3296129833
complementary_plate_colombiana_39,Lechona,Colombiana,11500,80,3.7,rest_colombiana_15,La Tienda,Colombiana,5.6458329,-73.5245111,2025,3,29,5,0,720,1380,720,1380,720,1380,720,1380,720,1380,682,1382,698,1359,
complementary_plate_colombiana_40,Lechona,Colombiana,13000,68,3.8,rest_colombiana_15,La Tienda,Colombiana,5.6454761,-73.5286894,2024,2,26,0,0,480,1320,480,1320,480,1320,480,1320,480,1320,510,1338,453,1336,
complementary_plate_colombiana_41,Arroz con Pollo,Colombiana,17500,90,4.1,rest_colombiana_10,Colombia Gourmet,Colombiana,5.6336242,-73.5278204,2024,11,18,0,1,420,1380,420,1380,420,1380,420,1380,420,1380,452,1408,375,1423,3278580261
complementary_plate_colombiana_42,Sudado de Pollo,Colombiana,8000,72,3.9,rest_colombiana_20,La Tienda,Colombiana,5.6228685,-73.5006821,2024,2,7,2,1,720,1380,720,1380,720,1380,720,1380,720,1380,714,1392,709,1365,3199699297
complementary_plate_colombiana_43,Empanadas,Colombiana,18000,90,4.2,rest_colombiana_15,Sabor Paisa,Colombiana,5.6363852,-73.5142889,2025,1,19,6,0,420,1380,420,1380,420,1380,420,1380,420,1380,440,1435,431,1408,3193572370
complementary_plate_colombiana_44,Arroz con Pollo,Colombiana,9500,66,3.0,rest_colombiana_1,La Tienda,Colombiana,5.6324487,-73.511293,2025,6,1,6,0,720,1380,720,1380,720,1380,720,1380,720,1380,691,1438,721,1410,3913082047
complementary_plate_colombiana_45,Empanadas,Colombiana,11000,91,4.4,rest_colombiana_5,Tradición,Colombiana,5.6470848,-73.5009353,2025,7,27,6,1,720,1380,720,1380,720,1380,720,1380,720,1380,680,1353,737,1396,
complementary_plate_colombiana_46,Sobrebarriga de la Casa,Colombiana,9000,85,4.1,rest_colombiana_2,La Tienda,Colombiana,5.6442312,-73.5249119,2025,5,17,5,0,720,1380,720,1380,720,1380,720,1380,720,1380,760,1437,677,1376,
complementary_plate_colombiana_47,Empanadas de la Casa,Colombiana,13000,83,3.7,rest_colombiana_19,Colombia Gourmet,Colombiana,5.6345837,-73.5079264,2024,5,15,2,0,720,1380,720,1380,720,1380,720,1380,720,1380,701,1380,757,1370,3523462771
complementary_plate_colombiana_48,Sobrebarriga Premium,Colombiana,8000,69,3.4,rest_colombiana_11,Tradición,Colombiana,5.6287157,-73.5226188,2024,8,8,3,0,420,1380,420,1380,420,1380,420,1380,420,1380,381,1406,420,1380,3348124133
complementary_plate_colombiana_49,Bandeja Paisa,Colombiana,12000,92,5.0,rest_colombiana_1,La Tienda,Colombiana,5.6595214,-73.5052187,2024,3,3,6,0,480,1320,480,1320,480,1320,480,1320,480,1320,437,1320,507,1313,
complementary_plate_colombiana_50,Sudado de Pollo,Colombiana,18000,69,3.7,rest_colombiana_10,Tradición,Colombiana,5.6381601,-73.5327737,2025,7,4,4,1,600,120,600,120,600,120,600,120,600,120,618,114,569,112,3588071081
complementary_plate_colombiana_51,Sobrebarriga,Colombiana,18000,72,3.7,rest_colombiana_11,Colombia Gourmet,Colombiana,5.647531,-73.5020926,2025,3,4,1,0,480,1320,480,1320,480,1320,480,1320,480,1320,497,1365,487,1309,
complementary_plate_colombiana_52,Sancocho Especial,Colombiana,15500,80,4.7,rest_colombiana_14,Colombia Gourmet,Colombiana,5.6256221,-73.5312491,2025,3,12,2,0,420,1380,420,1380,420,1380,420,1380,420,1380,467,1384,448,1393,3735377216
complementary_plate_colombiana_53,Bandeja Paisa de la Casa,Colombiana,13500,81,3.7,rest_colombiana_7,La Tienda,Colombiana,5.6394236,-73.5269512,2025,5,31,5,0,720,1380,720,1380,720,1380,720,1380,720,1380,730,1378,675,1353,3357373415
complementary_plate_colombiana_54,Sancocho,Colombiana,18000,75,3.0,rest_colombiana_7,Colombia Gourmet,Colombiana,5.6211015,-73.5097523,2024,10,16,2,0,720,1380,720,1380,720,1380,720,1380,720,1380,759,1405,740,1369,3292295239
complementary_plate_colombiana_55,Empanadas,Colombiana,10000,77,3.6,rest_colombiana_1,La Tienda,Colombiana,5.6402182,-73.5242498,2024,10,5,5,1,480,1320,480,1320,480,1320,480,1320,480,1320,473,1354,509,1294,3457041594
complementary_plate_colombiana_56,Lechona,Colombiana,8000,66,3.4,rest_colombiana_20,Sabor Paisa,Colombiana,5.6585607,-73.5156715,2025,2,28,4,0,480,1320,480,1320,480,1320,480,1320,480,1320,446,1361,466,1296,
complementary_plate_colombiana_57,Sancocho,Colombiana,13000,80,4.1,rest_colombiana_16,Sabor Paisa,Colombiana,5.6353683,-73.5222171,2025,12,30,1,0,720,1380,720,1380,720,1380,720,1380,720,1380,739,1414,761,1388,3716908718
complementary_plate_colombiana_58,Posta Negra,Colombiana,15500,74,3.8,rest_colombiana_12,Colombia Gourmet,Colombiana,5.6215598,-73.5103052,2024,10,10,3,0,480,1320,480,1320,480,1320,480,1320,480,1320,436,1353,454,1292,3593158775
complementary_plate_colombiana_59,Sobrebarriga de la Casa,Colombiana,8000,83,3.9,rest_colombiana_2,Tradición,Colombiana,5.6212382,-73.5308667,2026,1,23,4,0,600,120,600,120,600,120,600,120,600,120,598,143,557,137,3420569606
complementary_plate_colombiana_60,Posta Negra de la Casa,Colombiana,9000,66,3.1,rest_colombiana_3,La Tienda,Colombiana,5.6355195,-73.5376617,2024,12,12,3,0,600,120,600,120,600,120,600,120,600,120,564,155,624,135,3705442314
complementary_plate_colombiana_61,Posta Negra,Colombiana,8500,85,3.7,rest_colombiana_7,Sabor Paisa,Colombiana,5.626401,-73.5280028,2024,8,20,1,1,600,120,600,120,600,120,600,120,600,120,574,130,616,152,3777468518
complementary_plate_colombiana_62,Mondongo,Colombiana,18000,66,3.4,rest_colombiana_19,Colombia Gourmet,Colombiana,5.6209341,-73.5210277,2026,1,2,4,0,420,1380,420,1380,420,1380,420,1380,420,1380,467,1426,461,1359,3915769496
complementary_plate_colombiana_63,Posta Negra,Colombiana,13500,64,3.4,rest_colombiana_10,Colombia Gourmet,Colombiana,5.6502485,-73.5332792,2024,11,17,6,0,420,1380,420,1380,420,1380,420,1380,420,1380,361,1386,436,1439,
complementary_plate_colombiana_64,Empanadas,Colombiana,18000,73,3.2,rest_colombiana_18,Sabor Paisa,Colombiana,5.6383409,-73.5258081,2025,8,30,5,0,720,1380,720,1380,720,1380,720,1380,720,1380,676,1378,735,1382,3966459289
complementary_plate_colombiana_65,Arepa de Huevo,Colombiana,13000,70,2.7,rest_colombiana_3,Sabor Paisa,Colombiana,5.6315698,-73.5240007,2026,2,2,0,0,480,1320,480,1320,480,1320,480,1320,480,1320,462,1368,456,1361,3187820133
complementary_plate_colombiana_66,Sancocho del Chef,Colombiana,9000,80,3.2,rest_colombiana_10,La Tienda,Colombiana,5.6560033,-73.5377043,2024,9,15,6,0,600,120,600,120,600,120,600,120,600,120,595,179,657,110,
complementary_plate_colombiana_67,Arroz con Pollo,Colombiana,18000,79,3.4,rest_colombiana_17,Colombia Gourmet,Colombiana,5.6246456,-73.5166677,2025,12,3,2,0,720,1380,720,1380,720,1380,720,1380,720,1380,703,1400,751,1409,3474962827
complementary_plate_colombiana_68,Sudado de Pollo,Colombiana,18000,82,3.8,rest_colombiana_18,Sabor Paisa,Colombiana,5.6582368,-73.5046263,2025,3,6,3,0,720,1380,720,1380,720,1380,720,1380,720,1380,686,1407,727,1432,
complementary_plate_colombiana_69,Arroz con Pollo,Colombiana,14500,75,3.6,rest_colombiana_9,Tradición,Colombiana,5.6325587,-73.5339303,2024,2,23,4,0,480,1320,480,1320,480,1320,480,1320,480,1320,469,1356,426,1339,3922816306
complementary_plate_colombiana_70,Sobrebarriga,Colombiana,18000,86,4.9,rest_colombiana_1,La Tienda,Colombiana,5.6555361,-73.5160877,2025,1,2,3,0,600,120,600,120,600,120,600,120,600,120,579,149,635,163,
complementary_plate_colombiana_71,Sobrebarriga de la Casa,Colombiana,8000,86,3.8,rest_colombiana_18,Tradición,Colombiana,5.6441177,-73.5134104,2024,3,14,3,0,600,120,600,120,600,120,600,120,600,120,627,146,619,124,
complementary_plate_colombiana_72,Sancocho,Colombiana,18000,80,4.6,rest_colombiana_18,Sabor Paisa,Colombiana,5.6530683,-73.5232266,2025,12,17,2,0,480,1320,480,1320,480,1320,480,1320,480,1320,529,1369,529,1346,
complementary_plate_colombiana_73,Sancocho,Colombiana,8000,80,3.2,rest_colombiana_12,Colombia Gourmet,Colombiana,5.6593605,-73.5119561,2025,3,13,3,0,720,1380,720,1380,720,1380,720,1380,720,1380,713,1360,709,1401,
complementary_plate_colombiana_74,Arepa de Huevo,Colombiana,16000,70,2.7,rest_colombiana_11,Colombia Gourmet,Colombiana,5.6315362,-73.5235707,2025,3,13,3,0,600,120,600,120,600,120,600,120,600,120,627,154,592,125,3847786959
complementary_plate_colombiana_75,Tamales,Colombiana,18000,64,3.0,rest_colombiana_2,Sabor Paisa,Colombiana,5.6584454,-73.5198145,2026,1,30,4,1,600,120,600,120,600,120,600,120,600,120,585,102,562,122,
complementary_plate_colombiana_76,Sudado de Pollo Clásico,Colombiana,9500,76,3.2,rest_colombiana_3,Sabor Paisa,Colombiana,5.6355793,-73.5397059,2025,2,6,3,1,600,120,600,120,600,120,600,120,600,120,583,156,640,143,3170984280
complementary_plate_colombiana_77,Sancocho,Colombiana,12000,85,3.7,rest_colombiana_9,La Tienda,Colombiana,5.6354205,-73.5123312,2025,4,3,3,0,600,120,600,120,600,120,600,120,600,120,585,122,581,103,3457359996
complementary_plate_colombiana_78,Lechona,Colombiana,18000,78,3.7,rest_colombiana_14,Colombia Gourmet,Colombiana,5.6336155,-73.5135463,2024,8,8,3,0,600,120,600,120,600,120,600,120,600,120,659,127,540,108,3968044917
complementary_plate_colombiana_79,Bandeja Paisa de la Casa,Colombiana,12000,81,4.3,rest_colombiana_14,Sabor Paisa,Colombiana,5.6416563,-73.538464,2025,5,31,5,0,720,1380,720,1380,720,1380,720,1380,720,1380,767,1390,765,1410,3327708469
complementary_plate_colombiana_80,Sancocho del Chef,Colombiana,10000,72,4.0,rest_colombiana_6,Colombia Gourmet,Colombiana,5.6261658,-73.52527,2025,12,6,5,0,480,1320,480,1320,480,1320,480,1320,480,1320,532,1369,458,1324,3449405112
complementary_plate_colombiana_81,Arroz con Pollo,Colombiana,18000,73,4.3,rest_colombiana_9,Sabor Paisa,Colombiana,5.6421485,-73.5008387,2024,5,24,4,0,420,1380,420,1380,420,1380,420,1380,420,1380,453,1356,429,1428,3854466421
complementary_plate_colombiana_82,Sobrebarriga Especial,Colombiana,15000,85,3.7,rest_colombiana_16,Colombia Gourmet,Colombiana,5.6416682,-73.5231705,2024,6,6,3,1,720,1380,720,1380,720,1380,720,1380,720,1380,694,1435,734,1351,3650269187
complementary_plate_colombiana_83,Sudado de Pollo,Colombiana,12000,77,4.2,rest_colombiana_13,Tradición,Colombiana,5.6504761,-73.5199222,2025,1,31,4,0,720,1380,720,1380,720,1380,720,1380,720,1380,767,1384,703,1369,
complementary_plate_colombiana_84,Tamales,Colombiana,11500,66,3.4,rest_colombiana_16,Colombia Gourmet,Colombiana,5.653346,-73.5036028,2024,3,1,4,0,480,1320,480,1320,480,1320,480,1320,480,1320,458,1330,537,1295,
complementary_plate_colombiana_85,Posta Negra del Chef,Colombiana,15500,76,3.7,rest_colombiana_1,La Tienda,Colombiana,5.6376177,-73.5113095,2024,3,15,4,0,480,1320,480,1320,480,1320,480,1320,480,1320,493,1331,483,1371,3126859824
complementary_plate_colombiana_86,Sancocho Clásico,Colombiana,14000,62,3.0,rest_colombiana_2,La Tienda,Colombiana,5.6320933,-73.5167172,2025,9,9,1,0,480,1320,480,1320,480,1320,480,1320,480,1320,437,1374,475,1290,3856365318
complementary_plate_colombiana_87,Arepa de Huevo,Colombiana,13500,88,4.0,rest_colombiana_7,Sabor Paisa,Colombiana,5.6303734,-73.5080878,2024,10,15,1,0,480,1320,480,1320,480,1320,480,1320,480,1320,465,1357,496,1307,3976962157
complementary_plate_colombiana_88,Arroz con Pollo,Colombiana,14500,68,2.9,rest_colombiana_10,Colombia Gourmet,Colombiana,5.627785,-73.5054253,2024,10,12,5,1,720,1380,720,1380,720,1380,720,1380,720,1380,665,1379,672,1422,3345839481
complementary_plate_colombiana_89,Posta Negra,Colombiana,9000,83,4.2,rest_colombiana_17,Colombia Gourmet,Colombiana,5.6223059,-73.5217245,2025,5,9,4,0,600,120,600,120,600,120,600,120,600,120,586,168,586,104,3796986122
complementary_plate_colombiana_90,Sobrebarriga,Colombiana,14500,64,3.4,rest_colombiana_17,Colombia Gourmet,Colombiana,5.6336979,-73.5209957,2024,2,24,5,0,720,1380,720,1380,720,1380,720,1380,720,1380,660,1414,726,1366,3615501403
complementary_plate_colombiana_91,Posta Negra Premium,Colombiana,9000,65,3.3,rest_colombiana_12,Colombia Gourmet,Colombiana,5.6308099,-73.524558,2026,1,6,1,1,480,1320,480,1320,480,1320,480,1320,480,1320,493,1343,440,1321,3893408949
complementary_plate_colombiana_92,Mondongo Premium,Colombiana,18000,81,4.1,rest_colombiana_7,Sabor Paisa,Colombiana,5.6586567,-73.5013318,2024,11,9,5,0,420,1380,420,1380,420,1380,420,1380,420,1380,381,1408,413,1411,
complementary_plate_colombiana_93,Lechona,Colombiana,12000,75,4.5,rest_colombiana_3,Sabor Paisa,Colombiana,5.6423084,-73.5121133,2025,1,22,2,0,600,120,600,120,600,120,600,120,600,120,591,113,647,165,3103775702
complementary_plate_colombiana_94,Sancocho Clásico,Colombiana,13000,77,4.0,rest_colombiana_10,La Tienda,Colombiana,5.6338911,-73.5366711,2024,7,10,2,1,600,120,600,120,600,120,600,120,600,120,609,154,559,127,3271862444
complementary_plate_colombiana_95,Lechona,Colombiana,13500,79,3.5,rest_colombiana_16,Tradición,Colombiana,5.6432187,-73.5054816,2025,6,26,3,0,480,1320,480,1320,480,1320,480,1320,480,1320,539,1343,538,1309,3617317398
complementary_plate_colombiana_96,Sancocho Premium,Colombiana,8000,90,4.8,rest_colombiana_19,Colombia Gourmet,Colombiana,5.6255679,-73.5207776,2024,3,13,2,0,600,120,600,120,600,120,600,120,600,120,619,154,614,93,3391982833
complementary_plate_colombiana_97,Arroz con Pollo,Colombiana,18000,72,2.8,rest_colombiana_18,Colombia Gourmet,Colombiana,5.6377617,-73.5372498,2025,12,12,4,0,480,1320,480,1320,480,1320,480,1320,480,1320,510,1344,460,1324,3463109915
complementary_plate_colombiana_98,Mondongo,Colombiana,8000,84,3.8,rest_colombiana_16,Colombia Gourmet,Colombiana,5.6450494,-73.5180113,2024,12,3,1,0,600,120,600,120,600,120,600,120,600,120,597,164,581,180,
complementary_plate_colombiana_99,Sudado de Pollo,Colombiana,13500,72,4.1,rest_colombiana_7,Sabor Paisa,Colombiana,5.6395559,-73.5233134,2024,10,31,3,1,420,1380,420,1380,420,1380,420,1380,420,1380,385,1425,427,1359,3510706232
complementary_plate_colombiana_100,Tamales,Colombiana,10500,78,3.0,rest_colombiana_17,La Tienda,Colombiana,5.6360712,-73.50489,2025,1,24,4,1,480,1320,480,1320,480,1320,480,1320,480,1320,465,1364,428,1331,3649065241
complementary_plate_colombiana_101,Mondongo,Colombiana,17000,78,3.5,rest_colombiana_7,Colombia Gourmet,Colombiana,5.6597539,-73.5318402,2024,12,13,4,0,720,1380,720,1380,720,1380,720,1380,720,1380,711,1420,686,1414,
complementary_plate_colombiana_102,Ajiaco,Colombiana,10000,91,4.8,rest_colombiana_4,Colombia Gourmet,Colombiana,5.6552126,-73.5069414,2024,3,11,0,0,720,1380,720,1380,720,1380,720,1380,720,1380,662,1437,721,1401,
complementary_plate_colombiana_103,Sobrebarriga,Colombiana,12500,68,3.6,rest_colombiana_18,La Tienda,Colombiana,5.6449362,-73.5176925,2025,11,8,5,0,480,1320,480,1320,480,1320,480,1320,480,1320,539,1370,520,1375,
complementary_plate_colombiana_104,Sudado de Pollo,Colombiana,15000,88,4.2,rest_colombiana_5,Sabor Paisa,Colombiana,5.6427751,-73.5378156,2024,9,1,6,0,720,1380,720,1380,720,1380,720,1380,720,1380,778,1422,742,1419,3429522016
complementary_plate_colombiana_105,Bandeja Paisa Especial,Colombiana,16500,73,3.7,rest_colombiana_5,Colombia Gourmet,Colombiana,5.6448264,-73.5011262,2024,6,16,6,0,600,120,600,120,600,120,600,120,600,120,540,141,589,166,
complementary_plate_colombiana_106,Sancocho,Colombiana,12500,79,3.6,rest_colombiana_9,Tradición,Colombiana,5.6280525,-73.5194954,2025,6,22,6,1,600,120,600,120,600,120,600,120,600,120,639,108,615,161,3813190157
complementary_plate_colombiana_107,Lechona Especial,Colombiana,8000,73,4.0,rest_colombiana_11,Colombia Gourmet,Colombiana,5.6358055,-73.5283649,2024,9,22,6,1,420,1380,420,1380,420,1380,420,1380,420,1380,437,1408,477,1355,3795454029
complementary_plate_colombiana_108,Lechona,Colombiana,15500,84,4.0,rest_colombiana_16,Colombia Gourmet,Colombiana,5.6215784,-73.5212237,2026,1,24,5,1,600,120,600,120,600,120,600,120,600,120,650,156,640,118,3362442530
complementary_plate_colombiana_109,Posta Negra Premium,Colombiana,14000,72,3.1,rest_colombiana_11,Sabor Paisa,Colombiana,5.6390218,-73.5056857,2025,3,13,3,0,720,1380,720,1380,720,1380,720,1380,720,1380,754,1362,758,1371,3779043869
complementary_plate_colombiana_110,Bandeja Paisa,Colombiana,15000,62,3.1,rest_colombiana_16,Sabor Paisa,Colombiana,5.641721,-73.5278039,2024,8,18,6,0,480,1320,480,1320,480,1320,480,1320,480,1320,507,1330,476,1376,3556715202
complementary_plate_colombiana_111,Mondongo,Colombiana,9500,94,4.6,rest_colombiana_3,Tradición,Colombiana,5.62911,-73.5322929,2025,10,22,2,0,420,1380,420,1380,420,1380,420,1380,420,1380,450,1385,393,1355,3966464463
complementary_plate_colombiana_112,Arroz con Pollo,Colombiana,10500,81,3.7,rest_colombiana_11,Tradición,Colombiana,5.6585612,-73.5348372,2025,6,19,3,0,480,1320,480,1320,480,1320,480,1320,480,1320,459,1351,426,1373,
complementary_plate_colombiana_113,Arepa de Huevo,Colombiana,11500,77,3.2,rest_colombiana_20,Colombia Gourmet,Colombiana,5.6563782,-73.5280856,2024,8,9,4,0,720,1380,720,1380,720,1380,720,1380,720,1380,711,1418,716,1364,
complementary_plate_colombiana_114,Sobrebarriga,Colombiana,9000,81,3.4,rest_colombiana_8,Sabor Paisa,Colombiana,5.6488857,-73.5087981,2025,9,14,6,0,480,1320,480,1320,480,1320,480,1320,480,1320,494,1371,476,1347,
complementary_plate_colombiana_115,Mondongo,Colombiana,16500,75,3.0,rest_colombiana_10,Colombia Gourmet,Colombiana,5.6413355,-73.5211349,2024,6,28,4,0,420,1380,420,1380,420,1380,420,1380,420,1380,405,1404,425,1387,3747269468
complementary_plate_colombiana_116,Mondongo Especial,Colombiana,14000,71,2.9,rest_colombiana_5,Colombia Gourmet,Colombiana,5.6547988,-73.5309007,2025,6,28,5,0,720,1380,720,1380,720,1380,720,1380,720,1380,764,1404,752,1404,
complementary_plate_colombiana_117,Lechona Clásico,Colombiana,13500,81,3.4,rest_colombiana_15,Colombia Gourmet,Colombiana,5.6252261,-73.5333526,2025,1,28,1,0,600,120,600,120,600,120,600,120,600,120,567,153,604,174,3594549070
complementary_plate_colombiana_118,Sudado de Pollo,Colombiana,18000,70,3.6,rest_colombiana_2,Tradición,Colombiana,5.6516204,-73.5266908,2024,2,10,5,0,720,1380,720,1380,720,1380,720,1380,720,1380,744,1406,689,1363,
complementary_plate_colombiana_119,Posta Negra,Colombiana,17000,64,2.7,rest_colombiana_8,Tradición,Colombiana,5.6249928,-73.502403,2025,6,19,3,0,480,1320,480,1320,480,1320,480,1320,480,1320,462,1361,467,1380,3672405751
complementary_plate_colombiana_120,Ajiaco,Colombiana,11500,73,4.1,rest_colombiana_8,La Tienda,Colombiana,5.6517684,-73.5262789,2024,8,5,0,1,420,1380,420,1380,420,1380,420,1380,420,1380,371,1398,469,1397,
complementary_plate_colombiana_1,Mondongo,Colombiana,18000,69,3.4,rest_colombiana_9,Colombia Gourmet,Colombiana,5.6310307,-73.500475,2024,10,12,5,1,600,120,600,120,600,120,600,120,600,120,543,149,656,116,3100801125
complementary_plate_colombiana_2,Sobrebarriga,Colombiana,40000,68,3.9,rest_colombiana_3,La Tienda,Colombiana,5.6550836,-73.5205908,2024,4,12,4,1,720,1380,720,1380,720,1380,720,1380,720,1380,753,1365,704,1430,
complementary_plate_colombiana_3,Ajiaco,Colombiana,23000,72,4.6,rest_colombiana_6,La Tienda,Colombiana,5.6577617,-73.5328334,2026,1,24,5,0,420,1380,420,1380,420,1380,420,1380,420,1380,454,1428,374,1404,
complementary_plate_colombiana_4,Sobrebarriga,Colombiana,18000,86,3.8,rest_colombiana_8,La Tienda,Colombiana,5.6259518,-73.5043544,2025,10,28,1,0,480,1320,480,1320,480,1320,480,1320,480,1320,485,1375,432,1341,3785864494
complementary_plate_colombiana_5,Bandeja Paisa Clásico,Colombiana,29000,56,3.8,rest_colombiana_16,Tradición,Colombiana,5.638507,-73.5215858,2024,2,27,1,1,420,1380,420,1380,420,1380,420,1380,420,1380,445,1411,409,1439,3600055220
complementary_plate_colombiana_6,Sudado de Pollo,Colombiana,28500,64,3.5,rest_colombiana_1,Tradición,Colombiana,5.6592395,-73.5116131,2025,7,15,1,0,420,1380,420,1380,420,1380,420,1380,420,1380,363,1366,435,1366,
complementary_plate_colombiana_7,Sobrebarriga del Chef,Colombiana,36500,61,4.4,rest_colombiana_6,Colombia Gourmet,Colombiana,5.6393363,-73.5006515,2024,2,13,1,0,600,120,600,120,600,120,600,120,600,120,649,171,584,93,3990961141
complementary_plate_colombiana_8,Ajiaco,Colombiana,34000,47,2.8,rest_colombiana_14,Colombia Gourmet,Colombiana,5.6545419,-73.537993,2024,12,8,6,1,720,1380,720,1380,720,1380,720,1380,720,1380,713,1398,717,1408,
complementary_plate_colombiana_9,Lechona,Colombiana,28500,46,3.5,rest_colombiana_5,Sabor Paisa,Colombiana,5.6435493,-73.5361322,2025,9,22,0,0,480,1320,480,1320,480,1320,480,1320,480,1320,420,1307,460,1340,3731136761
complementary_plate_colombiana_10,Bandeja Paisa,Colombiana,40000,59,3.3,rest_colombiana_14,Tradición,Colombiana,5.6350132,-73.5111817,2024,11,15,4,0,720,1380,720,1380,720,1380,720,1380,720,1380,694,1428,735,1419,3363909797
complementary_plate_colombiana_11,Ajiaco,Colombiana,40000,60,4.4,rest_colombiana_3,Colombia Gourmet,Colombiana,5.6314313,-73.528727,2024,5,18,5,0,600,120,600,120,600,120,600,120,600,120,602,135,619,92,3982113855
complementary_plate_colombiana_12,Ajiaco,Colombiana,24500,79,5.0,rest_colombiana_6,Sabor Paisa,Colombiana,5.6281289,-73.5326279,2024,5,16,3,0,720,1380,720,1380,720,1380,720,1380,720,1380,741,1388,695,1401,3373689686
complementary_plate_colombiana_13,Mondongo Clásico,Colombiana,39500,58,3.7,rest_colombiana_5,Colombia Gourmet,Colombiana,5.6504719,-73.5384255,2025,3,29,5,1,720,1380,720,1380,720,1380,720,1380,720,1380,759,1394,668,1408,
complementary_plate_colombiana_14,Tamales de la Casa,Colombiana,28500,63,3.5,rest_colombiana_19,Tradición,Colombiana,5.6354616,-73.5391261,2025,11,30,6,0,480,1320,480,1320,480,1320,480,1320,480,1320,434,1360,469,1321,3918208233
complementary_plate_colombiana_15,Arepa de Huevo,Colombiana,34000,67,3.9,rest_colombiana_6,Tradición,Colombiana,5.640451,-73.5090206,2024,4,23,1,1,600,120,600,120,600,120,600,120,600,120,654,168,621,132,3738942485
complementary_plate_colombiana_16,Mondongo,Colombiana,28500,67,4.0,rest_colombiana_18,Sabor Paisa,Colombiana,5.639693,-73.5346227,2025,6,30,0,0,600,120,600,120,600,120,600,120,600,120,588,123,643,101,3681347152
complementary_plate_colombiana_17,Arroz con Pollo Premium,Colombiana,40000,62,4.2,rest_colombiana_9,La Tienda,Colombiana,5.6430912,-73.5212912,2025,4,17,3,1,480,1320,480,1320,480,1320,480,1320,480,1320,442,1332,463,1298,3978603985
complementary_plate_colombiana_18,Lechona,Colombiana,40000,59,3.7,rest_colombiana_8,La Tienda,Colombiana,5.6546231,-73.5157641,2024,10,14,0,0,600,120,600,120,600,120,600,120,600,120,558,113,608,158,
complementary_plate_colombiana_19,Arroz con Pollo Especial,Colombiana,35000,58,4.1,rest_colombiana_16,La Tienda,Colombiana,5.6592296,-73.5228659,2024,3,5,1,0,480,1320,480,1320,480,1320,480,1320,480,1320,452,1336,455,1338,
complementary_plate_colombiana_20,Mondongo,Colombiana,21500,60,3.3,rest_colombiana_17,Colombia Gourmet,Colombiana,5.6363034,-73.5389157,2024,8,17,5,1,720,1380,720,1380,720,1380,720,1380,720,1380,679,1395,671,1364,3875319881
complementary_plate_colombiana_21,Bandeja Paisa,Colombiana,24500,57,3.9,rest_colombiana_8,La Tienda,Colombiana,5.6531008,-73.5086599,2025,4,20,6,1,420,1380,420,1380,420,1380,420,1380,420,1380,387,1358,377,1438,
complementary_plate_colombiana_22,Sudado de Pollo,Colombiana,22500,65,4.6,rest_colombiana_2,La Tienda,Colombiana,5.6505811,-73.5395795,2024,9,10,1,0,600,120,600,120,600,120,600,120,600,120,623,145,594,102,
complementary_plate_colombiana_23,Lechona,Colombiana,40000,63,3.9,rest_colombiana_3,Tradición,Colombiana,5.6429412,-73.5095244,2024,6,20,3,0,480,1320,480,1320,480,1320,480,1320,480,1320,512,1379,488,1351,3208484079
complementary_plate_colombiana_24,Empanadas,Colombiana,28000,43,3.0,rest_colombiana_4,Colombia Gourmet,Colombiana,5.6582419,-73.5042678,2025,8,16,5,0,480,1320,480,1320,480,1320,480,1320,480,1320,540,1298,452,1319,
complementary_plate_colombiana_25,Tamales,Colombiana,25000,50,4.0,rest_colombiana_17,Colombia Gourmet,Colombiana,5.628019,-73.5226864,2024,5,1,2,0,600,120,600,120,600,120,600,120,600,120,642,160,549,160,3577637937
complementary_plate_colombiana_26,Bandeja Paisa,Colombiana,28000,52,3.0,rest_colombiana_14,Sabor Paisa,Colombiana,5.6243706,-73.5185783,2025,9,13,5,0,600,120,600,120,600,120,600,120,600,120,578,106,582,148,3750523365
complementary_plate_colombiana_27,Sancocho Premium,Colombiana,38500,44,3.1,rest_colombiana_2,Sabor Paisa,Colombiana,5.6541585,-73.5209207,2024,12,20,4,0,720,1380,720,1380,720,1380,720,1380,720,1380,778,1359,707,1383,
complementary_plate_colombiana_28,Empanadas Clásico,Colombiana,36000,48,3.1,rest_colombiana_11,Sabor Paisa,Colombiana,5.637566,-73.5244317,2024,3,17,6,0,720,1380,720,1380,720,1380,720,1380,720,1380,684,1356,683,1414,3478319667
complementary_plate_colombiana_29,Sancocho,Colombiana,30000,52,2.6,rest_colombiana_2,Colombia Gourmet,Colombiana,5.6538788,-73.504503,2024,10,3,3,0,720,1380,720,1380,720,1380,720,1380,720,1380,696,1362,672,1387,
complementary_plate_colombiana_30,Sobrebarriga,Colombiana,27000,52,4.1,rest_colombiana_14,Sabor Paisa,Colombiana,5.6557236,-73.5042427,2024,12,22,6,0,420,1380,420,1380,420,1380,420,1380,420,1380,369,1382,400,1425,
complementary_plate_colombiana_31,Sancocho Clásico,Colombiana,40000,48,3.1,rest_colombiana_11,Sabor Paisa,Colombiana,5.6224983,-73.5265673,2026,1,5,0,0,720,1380,720,1380,720,1380,720,1380,720,1380,768,1416,678,1366,3798095339
complementary_plate_colombiana_32,Arepa de Huevo,Colombiana,26500,57,3.0,rest_colombiana_20,Sabor Paisa,Colombiana,5.6553386,-73.5153972,2025,11,1,5,0,720,1380,720,1380,720,1380,720,1380,720,1380,683,1435,682,1356,
complementary_plate_colombiana_33,Mondongo,Colombiana,21000,69,4.2,rest_colombiana_8,Sabor Paisa,Colombiana,5.6379328,-73.5029237,2025,7,24,3,0,480,1320,480,1320,480,1320,480,1320,480,1320,434,1316,452,1358,3854287803
complementary_plate_colombiana_34,Lechona,Colombiana,23500,57,3.0,rest_colombiana_14,La Tienda,Colombiana,5.6404173,-73.5015177,2025,2,28,4,0,420,1380,420,1380,420,1380,420,1380,420,1380,383,1416,408,1364,3798622881
complementary_plate_colombiana_35,Sudado de Pollo,Colombiana,21000,55,4.0,rest_colombiana_15,La Tienda,Colombiana,5.6450637,-73.5196416,2024,5,23,3,1,420,1380,420,1380,420,1380,420,1380,420,1380,376,1377,398,1373,
complementary_plate_colombiana_36,Empanadas,Colombiana,39000,61,5.0,rest_colombiana_2,La Tienda,Colombiana,5.6570553,-73.521887,2025,8,12,1,0,480,1320,480,1320,480,1320,480,1320,480,1320,442,1323,494,1355,
complementary_plate_colombiana_37,Tamales,Colombiana,40000,55,2.9,rest_colombiana_19,Tradición,Colombiana,5.6207646,-73.5288522,2025,4,29,1,0,720,1380,720,1380,720,1380,720,1380,720,1380,715,1408,741,1435,3996922026
complementary_plate_colombiana_38,Arepa de Huevo,Colombiana,27500,52,4.1,rest_colombiana_6,Sabor Paisa,Colombiana,5.6390737,-73.5016451,2025,3,1,5,1,720,1380,720,1380,720,1380,720,1380,720,1380,739,1410,766,1379,3951255797
complementary_plate_colombiana_39,Mondongo,Colombiana,18000,68,2.6,rest_colombiana_12,Colombia Gourmet,Colombiana,5.6475089,-73.5342874,2025,8,29,4,0,600,120,600,120,600,120,600,120,600,120,587,132,612,98,
complementary_plate_colombiana_40,Ajiaco,Colombiana,21000,52,4.1,rest_colombiana_8,La Tienda,Colombiana,5.6489083,-73.5168068,2025,6,27,4,1,480,1320,480,1320,480,1320,480,1320,480,1320,499,1343,473,1328,
complementary_plate_colombiana_41,Mondongo de la Casa,Colombiana,36000,60,3.9,rest_colombiana_8,Colombia Gourmet,Colombiana,5.6477013,-73.528698,2025,3,18,1,0,420,1380,420,1380,420,1380,420,1380,420,1380,380,1386,472,1406,
complementary_plate_colombiana_42,Arroz con Pollo Premium,Colombiana,24000,57,3.8,rest_colombiana_5,La Tienda,Colombiana,5.6253774,-73.5288397,2025,5,27,1,0,720,1380,720,1380,720,1380,720,1380,720,1380,731,1424,749,1438,3509008605
complementary_plate_colombiana_43,Tamales Premium,Colombiana,40000,54,4.4,rest_colombiana_11,La Tienda,Colombiana,5.6319758,-73.5238013,2025,10,24,4,1,720,1380,720,1380,720,1380,720,1380,720,1380,772,1440,756,1399,3588103089
complementary_plate_colombiana_44,Arroz con Pollo Premium,Colombiana,37000,61,4.0,rest_colombiana_9,Tradición,Colombiana,5.6343486,-73.5000483,2025,3,12,2,0,480,1320,480,1320,480,1320,480,1320,480,1320,440,1372,478,1372,3623612616
complementary_plate_colombiana_45,Arroz con Pollo,Colombiana,40000,51,4.1,rest_colombiana_4,Sabor Paisa,Colombiana,5.6521775,-73.5378013,2024,12,11,2,1,420,1380,420,1380,420,1380,420,1380,420,1380,412,1420,402,1414,
complementary_plate_colombiana_46,Posta Negra,Colombiana,23000,52,3.8,rest_colombiana_4,Sabor Paisa,Colombiana,5.6311504,-73.5168583,2024,12,8,6,0,720,1380,720,1380,720,1380,720,1380,720,1380,697,1422,720,1425,3430633506
complementary_plate_colombiana_47,Empanadas del Chef,Colombiana,33500,70,4.3,rest_colombiana_15,Tradición,Colombiana,5.6284282,-73.5366971,2024,2,26,0,0,720,1380,720,1380,720,1380,720,1380,720,1380,746,1414,670,1362,3600268551
complementary_plate_colombiana_48,Tamales,Colombiana,23000,62,4.3,rest_colombiana_6,Sabor Paisa,Colombiana,5.6582979,-73.5338192,2024,10,12,5,0,480,1320,480,1320,480,1320,480,1320,480,1320,451,1292,483,1316,
complementary_plate_colombiana_49,Tamales Especial,Colombiana,30500,50,2.7,rest_colombiana_9,Tradición,Colombiana,5.6203545,-73.5224175,2025,1,7,1,0,480,1320,480,1320,480,1320,480,1320,480,1320,455,1358,498,1344,3118301847
complementary_plate_colombiana_50,Lechona,Colombiana,33500,58,4.0,rest_colombiana_13,La Tienda,Colombiana,5.6599128,-73.5195816,2024,11,11,0,0,480,1320,480,1320,480,1320,480,1320,480,1320,436,1305,456,1340,
complementary_plate_colombiana_51,Arroz con Pollo,Colombiana,25000,48,3.1,rest_colombiana_10,Tradición,Colombiana,5.6470729,-73.5296483,2025,1,5,6,0,420,1380,420,1380,420,1380,420,1380,420,1380,442,1385,467,1368,
complementary_plate_colombiana_52,Tamales,Colombiana,40000,61,4.0,rest_colombiana_7,La Tienda,Colombiana,5.6531388,-73.5273417,2026,1,26,0,1,600,120,600,120,600,120,600,120,600,120,566,114,616,103,
complementary_plate_colombiana_53,Ajiaco,Colombiana,40000,56,3.6,rest_colombiana_13,Colombia Gourmet,Colombiana,5.6317848,-73.5365213,2024,2,18,6,0,420,1380,420,1380,420,1380,420,1380,420,1380,424,1435,370,1435,3228721651
complementary_plate_colombiana_54,Posta Negra,Colombiana,25000,54,3.1,rest_colombiana_11,Tradición,Colombiana,5.6205726,-73.5278712,2025,6,28,5,0,600,120,600,120,600,120,600,120,600,120,551,169,592,147,3440506234
complementary_plate_colombiana_55,Sancocho,Colombiana,27000,42,2.9,rest_colombiana_13,Sabor Paisa,Colombiana,5.6495148,-73.5013377,2025,10,13,0,0,480,1320,480,1320,480,1320,480,1320,480,1320,424,1303,469,1303,
complementary_plate_colombiana_56,Lechona,Colombiana,32000,47,3.1,rest_colombiana_7,La Tienda,Colombiana,5.6533658,-73.5022117,2025,5,4,6,1,420,1380,420,1380,420,1380,420,1380,420,1380,453,1424,364,1360,
complementary_plate_colombiana_57,Posta Negra,Colombiana,31000,64,3.7,rest_colombiana_2,Sabor Paisa,Colombiana,5.649619,-73.5266049,2025,4,24,3,0,600,120,600,120,600,120,600,120,600,120,646,151,624,116,
complementary_plate_colombiana_58,Tamales,Colombiana,23000,64,3.9,rest_colombiana_9,Sabor Paisa,Colombiana,5.625714,-73.5171658,2025,11,23,6,0,480,1320,480,1320,480,1320,480,1320,480,1320,513,1297,429,1345,3778684493
complementary_plate_colombiana_59,Posta Negra Especial,Colombiana,22000,61,3.3,rest_colombiana_10,Sabor Paisa,Colombiana,5.6501371,-73.5036162,2025,12,20,5,0,480,1320,480,1320,480,1320,480,1320,480,1320,471,1291,456,1364,
complementary_plate_colombiana_60,Empanadas de la Casa,Colombiana,40000,61,4.5,rest_colombiana_20,Sabor Paisa,Colombiana,5.6507569,-73.5397526,2025,11,24,0,0,480,1320,480,1320,480,1320,480,1320,480,1320,439,1357,491,1343,
complementary_plate_colombiana_61,Mondongo,Colombiana,40000,44,3.3,rest_colombiana_18,La Tienda,Colombiana,5.6463416,-73.5075727,2025,4,3,3,0,720,1380,720,1380,720,1380,720,1380,720,1380,697,1368,675,1375,
complementary_plate_colombiana_62,Ajiaco,Colombiana,29500,59,3.6,rest_colombiana_4,Colombia Gourmet,Colombiana,5.6506446,-73.5020652,2024,7,7,6,1,720,1380,720,1380,720,1380,720,1380,720,1380,667,1376,700,1375,
complementary_plate_colombiana_63,Ajiaco,Colombiana,24000,65,4.4,rest_colombiana_3,Colombia Gourmet,Colombiana,5.6538369,-73.536347,2025,10,28,1,1,480,1320,480,1320,480,1320,480,1320,480,1320,446,1359,468,1297,
complementary_plate_colombiana_64,Ajiaco,Colombiana,25500,47,3.6,rest_colombiana_5,La Tienda,Colombiana,5.6445442,-73.5335421,2026,1,21,2,0,480,1320,480,1320,480,1320,480,1320,480,1320,446,1307,520,1380,
complementary_plate_colombiana_65,Sudado de Pollo Especial,Colombiana,30500,57,4.1,rest_colombiana_4,La Tienda,Colombiana,5.6235442,-73.5015701,2025,11,4,1,0,600,120,600,120,600,120,600,120,600,120,625,90,560,156,3350621282
complementary_plate_colombiana_66,Sancocho Especial,Colombiana,32500,48,2.7,rest_colombiana_16,Tradición,Colombiana,5.6395051,-73.5184984,2024,11,17,6,0,600,120,600,120,600,120,600,120,600,120,648,170,578,130,3750453550
complementary_plate_colombiana_67,Lechona,Colombiana,26500,60,4.4,rest_colombiana_3,Tradición,Colombiana,5.623106,-73.5394321,2024,7,19,4,0,600,120,600,120,600,120,600,120,600,120,588,127,650,144,3615129082
complementary_plate_colombiana_68,Empanadas,Colombiana,27000,60,4.0,rest_colombiana_8,La Tienda,Colombiana,5.6363017,-73.5296947,2025,8,17,6,0,600,120,600,120,600,120,600,120,600,120,578,168,554,174,3884997562
complementary_plate_colombiana_69,Ajiaco Especial,Colombiana,23000,63,3.6,rest_colombiana_11,La Tienda,Colombiana,5.6362843,-73.5220023,2025,6,28,5,0,480,1320,480,1320,480,1320,480,1320,480,1320,464,1326,532,1296,3622038302
complementary_plate_colombiana_70,Sancocho,Colombiana,40000,65,4.6,rest_colombiana_9,Colombia Gourmet,Colombiana,5.6226404,-73.5122836,2024,7,25,3,0,600,120,600,120,600,120,600,120,600,120,616,174,595,174,3510941699
complementary_plate_colombiana_71,Tamales Especial,Colombiana,40000,70,5.0,rest_colombiana_12,Sabor Paisa,Colombiana,5.6339528,-73.5106736,2025,9,17,2,0,420,1380,420,1380,420,1380,420,1380,420,1380,381,1391,382,1433,3591344292
complementary_plate_colombiana_72,Tamales,Colombiana,23000,48,3.3,rest_colombiana_17,La Tienda,Colombiana,5.6244399,-73.5001831,2024,8,22,3,0,600,120,600,120,600,120,600,120,600,120,632,98,659,180,3446240528
complementary_plate_colombiana_73,Sobrebarriga del Chef,Colombiana,40000,70,4.9,rest_colombiana_1,Tradición,Colombiana,5.6523294,-73.5284996,2025,12,9,1,0,600,120,600,120,600,120,600,120,600,120,589,167,576,154,
complementary_plate_colombiana_74,Empanadas,Colombiana,29000,62,3.8,rest_colombiana_12,Colombia Gourmet,Colombiana,5.6579075,-73.5184712,2025,7,8,1,0,480,1320,480,1320,480,1320,480,1320,480,1320,495,1370,509,1333,
complementary_plate_colombiana_75,Tamales,Colombiana,28500,68,3.9,rest_colombiana_5,Sabor Paisa,Colombiana,5.6228927,-73.5186671,2024,10,28,0,1,420,1380,420,1380,420,1380,420,1380,420,1380,473,1368,469,1373,3396883117
complementary_plate_colombiana_76,Arepa de Huevo,Colombiana,25500,39,2.9,rest_colombiana_16,Colombia Gourmet,Colombiana,5.6582046,-73.5237742,2026,1,29,3,0,600,120,600,120,600,120,600,120,600,120,557,173,586,141,
complementary_plate_colombiana_77,Mondongo,Colombiana,18000,79,4.0,rest_colombiana_13,Tradición,Colombiana,5.6409031,-73.5332335,2026,2,1,6,1,480,1320,480,1320,480,1320,480,1320,480,1320,430,1327,529,1373,3472046886
complementary_plate_colombiana_78,Sudado de Pollo,Colombiana,28000,56,3.0,rest_colombiana_1,Sabor Paisa,Colombiana,5.6319826,-73.5009017,2026,2,1,6,1,720,1380,720,1380,720,1380,720,1380,720,1380,693,1355,760,1439,3110698216
complementary_plate_colombiana_79,Mondongo Especial,Colombiana,31000,55,4.4,rest_colombiana_18,Colombia Gourmet,Colombiana,5.6230745,-73.5058673,2025,9,21,6,0,600,120,600,120,600,120,600,120,600,120,609,166,547,176,3436891523
complementary_plate_colombiana_80,Sudado de Pollo Especial,Colombiana,39500,60,3.3,rest_colombiana_6,La Tienda,Colombiana,5.640025,-73.5200667,2024,4,2,1,0,480,1320,480,1320,480,1320,480,1320,480,1320,480,1342,441,1314,3962304797
complementary_plate_colombiana_81,Sancocho,Colombiana,25000,66,4.0,rest_colombiana_18,La Tienda,Colombiana,5.6517806,-73.5158702,2026,1,24,5,0,720,1380,720,1380,720,1380,720,1380,720,1380,678,1420,678,1373,
complementary_plate_colombiana_82,Arepa de Huevo del Chef,Colombiana,31500,61,4.5,rest_colombiana_1,La Tienda,Colombiana,5.6482835,-73.5309096,2026,1,5,0,0,600,120,600,120,600,120,600,120,600,120,581,109,607,114,
complementary_plate_colombiana_83,Sobrebarriga Premium,Colombiana,25000,60,3.9,rest_colombiana_4,La Tienda,Colombiana,5.622009,-73.5182485,2025,10,25,5,0,480,1320,480,1320,480,1320,480,1320,480,1320,424,1360,454,1347,3277853505
complementary_plate_colombiana_84,Lechona,Colombiana,40000,75,4.6,rest_colombiana_6,Colombia Gourmet,Colombiana,5.6229161,-73.5122012,2025,9,10,2,0,420,1380,420,1380,420,1380,420,1380,420,1380,445,1353,465,1390,3658745707
complementary_plate_colombiana_85,Posta Negra Clásico,Colombiana,22500,54,3.4,rest_colombiana_2,Colombia Gourmet,Colombiana,5.6361149,-73.5193933,2024,7,17,2,1,480,1320,480,1320,480,1320,480,1320,480,1320,521,1345,457,1305,3812055051
complementary_plate_colombiana_86,Bandeja Paisa Especial,Colombiana,37000,61,5.0,rest_colombiana_20,La Tienda,Colombiana,5.6318116,-73.5003886,2025,10,25,5,0,720,1380,720,1380,720,1380,720,1380,720,1380,663,1366,778,1419,3437811677
complementary_plate_colombiana_87,Arepa de Huevo Premium,Colombiana,29000,51,2.5,rest_colombiana_9,Sabor Paisa,Colombiana,5.6292954,-73.5155463,2024,4,6,5,0,420,1380,420,1380,420,1380,420,1380,420,1380,391,1388,369,1428,3571562019
complementary_plate_colombiana_88,Mondongo Premium,Colombiana,40000,59,4.6,rest_colombiana_3,Sabor Paisa,Colombiana,5.6312402,-73.5251611,2025,8,11,0,0,600,120,600,120,600,120,600,120,600,120,611,142,642,148,3243750673
complementary_plate_colombiana_89,Tamales del Chef,Colombiana,18500,72,3.2,rest_colombiana_8,Sabor Paisa,Colombiana,5.6521393,-73.5091139,2024,3,19,1,1,480,1320,480,1320,480,1320,480,1320,480,1320,469,1318,516,1334,
complementary_plate_colombiana_90,Posta Negra,Colombiana,40000,64,4.6,rest_colombiana_8,Colombia Gourmet,Colombiana,5.6571691,-73.5331815,2025,5,26,0,1,480,1320,480,1320,480,1320,480,1320,480,1320,505,1308,432,1318,
complementary_plate_colombiana_91,Arepa de Huevo Clásico,Colombiana,27000,56,3.5,rest_colombiana_1,La Tienda,Colombiana,5.6362041,-73.5246194,2024,2,23,4,0,480,1320,480,1320,480,1320,480,1320,480,1320,460,1332,490,1331,3938365438
complementary_plate_colombiana_92,Sobrebarriga del Chef,Colombiana,24500,67,3.9,rest_colombiana_10,Sabor Paisa,Colombiana,5.6562444,-73.5261216,2024,3,2,5,0,720,1380,720,1380,720,1380,720,1380,720,1380,733,1350,766,1403,
complementary_plate_colombiana_93,Empanadas,Colombiana,31000,66,3.9,rest_colombiana_13,Sabor Paisa,Colombiana,5.6328598,-73.5227277,2025,12,19,4,0,720,1380,720,1380,720,1380,720,1380,720,1380,726,1427,762,1419,3866613756
complementary_plate_colombiana_94,Mondongo,Colombiana,20000,49,2.5,rest_colombiana_13,Sabor Paisa,Colombiana,5.6390575,-73.5087288,2025,11,14,4,0,600,120,600,120,600,120,600,120,600,120,598,120,569,147,3634061312
complementary_plate_colombiana_95,Empanadas,Colombiana,24000,60,4.1,rest_colombiana_19,Sabor Paisa,Colombiana,5.6290412,-73.5206331,2025,4,6,6,0,720,1380,720,1380,720,1380,720,1380,720,1380,716,1403,671,1378,3413960830
complementary_plate_colombiana_96,Sudado de Pollo,Colombiana,24500,58,4.4,rest_colombiana_20,Colombia Gourmet,Colombiana,5.645619,-73.5082394,2024,12,25,2,0,720,1380,720,1380,720,1380,720,1380,720,1380,705,1378,741,1352,
complementary_plate_colombiana_97,Tamales Premium,Colombiana,39000,63,4.3,rest_colombiana_18,La Tienda,Colombiana,5.6591592,-73.5169404,2026,1,28,2,0,600,120,600,120,600,120,600,120,600,120,577,124,578,148,
complementary_plate_colombiana_98,Sancocho,Colombiana,34000,54,3.6,rest_colombiana_9,Sabor Paisa,Colombiana,5.6441397,-73.5263172,2026,1,5,0,0,720,1380,720,1380,720,1380,720,1380,720,1380,690,1368,775,1382,
complementary_plate_colombiana_99,Arroz con Pollo,Colombiana,20500,46,3.1,rest_colombiana_20,Tradición,Colombiana,5.6343126,-73.5076009,2024,12,26,3,0,600,120,600,120,600,120,600,120,600,120,630,106,579,104,3719059589
complementary_plate_colombiana_100,Mondongo del Chef,Colombiana,26500,57,4.4,rest_colombiana_6,Sabor Paisa,Colombiana,5.6459127,-73.5304684,2025,1,9,3,1,420,1380,420,1380,420,1380,420,1380,420,1380,428,1393,400,1408,
complementary_plate_colombiana_1,Arepa de Huevo,Colombiana,51000,42,3.4,rest_colombiana_8,Tradición,Colombiana,5.6249168,-73.5310247,2025,7,3,3,0,600,120,600,120,600,120,600,120,600,120,541,110,575,111,3273024967
complementary_plate_colombiana_2,Sancocho Especial,Colombiana,47000,55,4.2,rest_colombiana_18,La Tienda,Colombiana,5.6555464,-73.5198199,2024,4,22,0,0,420,1380,420,1380,420,1380,420,1380,420,1380,446,1426,397,1395,
complementary_plate_colombiana_3,Sancocho,Colombiana,68000,31,3.2,rest_colombiana_20,Colombia Gourmet,Colombiana,5.6401234,-73.529566,2025,8,2,5,0,600,120,600,120,600,120,600,120,600,120,568,95,575,92,3767535957
complementary_plate_colombiana_4,Sancocho,Colombiana,40000,67,4.6,rest_colombiana_10,Tradición,Colombiana,5.637974,-73.5396365,2026,1,10,5,0,600,120,600,120,600,120,600,120,600,120,560,102,602,127,3169936228
complementary_plate_colombiana_5,Ajiaco,Colombiana,45000,43,3.3,rest_colombiana_6,Tradición,Colombiana,5.6434346,-73.5140681,2024,6,12,2,1,600,120,600,120,600,120,600,120,600,120,599,159,658,112,3841552017
complementary_plate_colombiana_6,Empanadas,Colombiana,60000,41,3.2,rest_colombiana_2,Tradición,Colombiana,5.6449914,-73.5195562,2025,2,8,5,0,600,120,600,120,600,120,600,120,600,120,617,116,600,90,
complementary_plate_colombiana_7,Sudado de Pollo,Colombiana,59000,46,4.7,rest_colombiana_6,La Tienda,Colombiana,5.622871,-73.5221793,2026,1,30,4,0,480,1320,480,1320,480,1320,480,1320,480,1320,527,1319,495,1310,3898594404
complementary_plate_colombiana_8,Bandeja Paisa,Colombiana,47000,73,4.7,rest_colombiana_8,Tradición,Colombiana,5.6473047,-73.5013213,2024,4,19,4,0,480,1320,480,1320,480,1320,480,1320,480,1320,473,1302,505,1364,
complementary_plate_colombiana_9,Tamales,Colombiana,65000,51,3.9,rest_colombiana_2,Sabor Paisa,Colombiana,5.6296773,-73.517152,2026,2,4,2,0,420,1380,420,1380,420,1380,420,1380,420,1380,439,1378,422,1427,3839811064
complementary_plate_colombiana_10,Empanadas,Colombiana,44500,54,4.2,rest_colombiana_11,Tradición,Colombiana,5.6485581,-73.5054627,2025,8,2,5,1,720,1380,720,1380,720,1380,720,1380,720,1380,750,1424,742,1393,
complementary_plate_colombiana_11,Arroz con Pollo,Colombiana,40000,58,3.3,rest_colombiana_15,La Tienda,Colombiana,5.6529014,-73.534422,2026,2,4,2,0,420,1380,420,1380,420,1380,420,1380,420,1380,449,1413,368,1415,
complementary_plate_colombiana_12,Arroz con Pollo Premium,Colombiana,41500,70,4.1,rest_colombiana_3,Tradición,Colombiana,5.6521583,-73.5172317,2025,6,12,3,1,720,1380,720,1380,720,1380,720,1380,720,1380,660,1386,761,1394,
complementary_plate_colombiana_13,Mondongo,Colombiana,80000,50,4.0,rest_colombiana_10,La Tienda,Colombiana,5.6421,-73.5052808,2024,11,12,1,0,600,120,600,120,600,120,600,120,600,120,599,158,638,99,3254297867
complementary_plate_colombiana_14,Arepa de Huevo,Colombiana,54000,48,4.0,rest_colombiana_15,Sabor Paisa,Colombiana,5.6408068,-73.5166758,2025,11,16,6,1,600,120,600,120,600,120,600,120,600,120,541,105,618,127,3961281909
complementary_plate_colombiana_15,Arepa de Huevo,Colombiana,40000,64,3.9,rest_colombiana_14,Colombia Gourmet,Colombiana,5.625715,-73.5112794,2024,4,14,6,0,600,120,600,120,600,120,600,120,600,120,593,144,583,97,3606512221
complementary_plate_colombiana_16,Ajiaco Clásico,Colombiana,66500,29,3.1,rest_colombiana_2,Colombia Gourmet,Colombiana,5.6510138,-73.5251183,2024,7,26,4,1,720,1380,720,1380,720,1380,720,1380,720,1380,663,1423,680,1420,
complementary_plate_colombiana_17,Sancocho,Colombiana,59000,41,3.8,rest_colombiana_16,Sabor Paisa,Colombiana,5.6308564,-73.536302,2025,1,2,3,1,480,1320,480,1320,480,1320,480,1320,480,1320,522,1369,427,1309,3494481062
complementary_plate_colombiana_18,Posta Negra,Colombiana,42500,51,3.9,rest_colombiana_5,La Tienda,Colombiana,5.6398678,-73.521684,2025,5,31,5,0,480,1320,480,1320,480,1320,480,1320,480,1320,469,1370,525,1351,3632038901
complementary_plate_colombiana_19,Arepa de Huevo,Colombiana,44000,54,3.6,rest_colombiana_13,Sabor Paisa,Colombiana,5.631371,-73.5242208,2025,9,18,3,0,720,1380,720,1380,720,1380,720,1380,720,1380,747,1412,675,1419,3469934740
complementary_plate_colombiana_20,Ajiaco,Colombiana,67500,52,3.9,rest_colombiana_10,Tradición,Colombiana,5.6253531,-73.5053176,2024,5,27,0,0,420,1380,420,1380,420,1380,420,1380,420,1380,413,1378,476,1413,3155436107
complementary_plate_colombiana_21,Tamales Premium,Colombiana,55000,39,3.8,rest_colombiana_3,Tradición,Colombiana,5.6451823,-73.5302402,2025,6,2,0,0,480,1320,480,1320,480,1320,480,1320,480,1320,425,1293,540,1321,
complementary_plate_colombiana_22,Posta Negra,Colombiana,80000,34,2.5,rest_colombiana_20,Colombia Gourmet,Colombiana,5.6221733,-73.5013306,2025,1,13,0,0,720,1380,720,1380,720,1380,720,1380,720,1380,693,1405,704,1426,3230286752
complementary_plate_colombiana_23,Ajiaco,Colombiana,73500,31,3.6,rest_colombiana_16,Tradición,Colombiana,5.6499458,-73.5016745,2024,3,9,5,1,720,1380,720,1380,720,1380,720,1380,720,1380,721,1418,751,1383,
complementary_plate_colombiana_24,Lechona Premium,Colombiana,80000,37,3.8,rest_colombiana_4,Sabor Paisa,Colombiana,5.6327035,-73.5300947,2025,11,2,6,0,420,1380,420,1380,420,1380,420,1380,420,1380,432,1359,472,1393,3667707325
complementary_plate_colombiana_25,Sancocho de la Casa,Colombiana,66500,49,4.2,rest_colombiana_14,La Tienda,Colombiana,5.6200054,-73.5260779,2025,8,2,5,1,480,1320,480,1320,480,1320,480,1320,480,1320,524,1339,522,1335,3536120692
complementary_plate_colombiana_26,Tamales,Colombiana,74500,34,2.7,rest_colombiana_12,La Tienda,Colombiana,5.6404452,-73.5041778,2025,3,20,3,0,720,1380,720,1380,720,1380,720,1380,720,1380,771,1397,668,1368,3915423758
complementary_plate_colombiana_27,Arepa de Huevo de la Casa,Colombiana,49000,47,3.7,rest_colombiana_9,Colombia Gourmet,Colombiana,5.6218741,-73.5013351,2024,12,13,4,1,720,1380,720,1380,720,1380,720,1380,720,1380,722,1396,746,1400,3574067713
complementary_plate_colombiana_28,Mondongo del Chef,Colombiana,49500,56,2.8,rest_colombiana_12,La Tienda,Colombiana,5.6310468,-73.5222624,2024,2,12,0,0,420,1380,420,1380,420,1380,420,1380,420,1380,435,1404,380,1371,3718288819
complementary_plate_colombiana_29,Arepa de Huevo,Colombiana,55000,45,3.5,rest_colombiana_5,Colombia Gourmet,Colombiana,5.6482791,-73.5271601,2024,6,24,0,1,480,1320,480,1320,480,1320,480,1320,480,1320,459,1342,500,1307,
complementary_plate_colombiana_30,Ajiaco,Colombiana,72500,43,3.2,rest_colombiana_5,Sabor Paisa,Colombiana,5.6225076,-73.5189562,2024,12,2,0,1,420,1380,420,1380,420,1380,420,1380,420,1380,409,1418,478,1392,3662433908
complementary_plate_colombiana_31,Lechona Especial,Colombiana,65000,37,4.0,rest_colombiana_7,Colombia Gourmet,Colombiana,5.6535735,-73.5124892,2024,6,18,1,0,600,120,600,120,600,120,600,120,600,120,631,153,562,166,
complementary_plate_colombiana_32,Sobrebarriga,Colombiana,75000,33,3.4,rest_colombiana_12,Colombia Gourmet,Colombiana,5.6201528,-73.529061,2024,4,5,4,0,420,1380,420,1380,420,1380,420,1380,420,1380,470,1367,369,1366,3334356661
complementary_plate_colombiana_33,Tamales,Colombiana,80000,38,2.5,rest_colombiana_12,Sabor Paisa,Colombiana,5.629873,-73.5105411,2025,4,19,5,1,720,1380,720,1380,720,1380,720,1380,720,1380,678,1375,697,1413,3645874193
complementary_plate_colombiana_34,Sudado de Pollo,Colombiana,79500,36,3.9,rest_colombiana_1,Sabor Paisa,Colombiana,5.6496362,-73.5379337,2024,10,25,4,0,600,120,600,120,600,120,600,120,600,120,649,107,587,104,
complementary_plate_colombiana_35,Ajiaco,Colombiana,43000,54,2.9,rest_colombiana_7,Tradición,Colombiana,5.6326508,-73.5380282,2025,6,3,1,1,720,1380,720,1380,720,1380,720,1380,720,1380,743,1428,727,1367,3912967046
complementary_plate_colombiana_36,Arroz con Pollo Clásico,Colombiana,80000,37,3.3,rest_colombiana_16,Sabor Paisa,Colombiana,5.6240757,-73.5245485,2024,12,29,6,1,720,1380,720,1380,720,1380,720,1380,720,1380,748,1357,778,1422,3754567082
complementary_plate_colombiana_37,Posta Negra,Colombiana,57500,38,3.8,rest_colombiana_14,Tradición,Colombiana,5.6344094,-73.5258611,2024,8,23,4,0,600,120,600,120,600,120,600,120,600,120,541,140,565,142,3999071697
complementary_plate_colombiana_38,Bandeja Paisa Especial,Colombiana,73500,35,3.2,rest_colombiana_9,La Tienda,Colombiana,5.6308157,-73.5273747,2024,9,9,0,0,480,1320,480,1320,480,1320,480,1320,480,1320,434,1298,437,1309,3672155627
complementary_plate_colombiana_39,Lechona,Colombiana,80000,53,4.3,rest_colombiana_15,Tradición,Colombiana,5.6537085,-73.5203592,2024,11,30,5,1,600,120,600,120,600,120,600,120,600,120,644,122,638,159,
complementary_plate_colombiana_40,Sudado de Pollo,Colombiana,80000,42,3.0,rest_colombiana_3,Colombia Gourmet,Colombiana,5.6325339,-73.5271707,2024,4,24,2,0,480,1320,480,1320,480,1320,480,1320,480,1320,521,1355,441,1378,3768034233
complementary_plate_gourmet_1,Magret de Pato,Gourmet,50000,41,3.0,rest_gourmet_20,Restaurante de Autor,Gourmet,5.6515573,-73.5323097,2024,11,18,0,0,600,120,600,120,600,120,600,120,600,120,541,132,621,176,
complementary_plate_gourmet_2,Magret de Pato,Gourmet,33500,61,4.3,rest_gourmet_7,Le Chef,Gourmet,5.6556749,-73.5276212,2025,10,13,0,0,480,1320,480,1320,480,1320,480,1320,480,1320,491,1337,537,1343,
complementary_plate_gourmet_3,Wagyu Clásico,Gourmet,38500,51,3.1,rest_gourmet_1,Le Chef,Gourmet,5.6373527,-73.5010038,2024,4,9,1,0,420,1380,420,1380,420,1380,420,1380,420,1380,439,1397,457,1361,3307716282
complementary_plate_gourmet_4,Carpaccio Premium,Gourmet,25000,53,4.2,rest_gourmet_2,Le Chef,Gourmet,5.6563977,-73.5235555,2024,8,2,4,0,480,1320,480,1320,480,1320,480,1320,480,1320,535,1332,457,1340,
complementary_plate_gourmet_5,Degustación de Autor,Gourmet,26500,74,5.0,rest_gourmet_3,Restaurante de Autor,Gourmet,5.6350927,-73.5222115,2025,6,4,2,0,480,1320,480,1320,480,1320,480,1320,480,1320,456,1322,501,1298,3402741881
complementary_plate_gourmet_6,Langosta,Gourmet,35000,66,4.1,rest_gourmet_17,Restaurante de Autor,Gourmet,5.6585631,-73.5169382,2025,7,26,5,0,600,120,600,120,600,120,600,120,600,120,589,155,583,99,
complementary_plate_gourmet_7,Magret de Pato,Gourmet,50000,49,4.8,rest_gourmet_2,Restaurante de Autor,Gourmet,5.6235716,-73.5006664,2024,9,7,5,0,420,1380,420,1380,420,1380,420,1380,420,1380,425,1432,387,1411,3427881283
complementary_plate_gourmet_8,Vieiras,Gourmet,25500,57,4.4,rest_gourmet_10,Restaurante de Autor,Gourmet,5.6474808,-73.5303359,2025,1,12,6,1,480,1320,480,1320,480,1320,480,1320,480,1320,499,1371,421,1303,
complementary_plate_gourmet_9,Degustación de Autor,Gourmet,38000,59,4.0,rest_gourmet_15,Le Chef,Gourmet,5.6397526,-73.5127487,2025,9,1,0,0,480,1320,480,1320,480,1320,480,1320,480,1320,482,1347,490,1323,3477959121
complementary_plate_gourmet_10,Trufa Negra,Gourmet,25000,69,4.2,rest_gourmet_4,Alta Cocina,Gourmet,5.635506,-73.5113606,2024,9,29,6,1,600,120,600,120,600,120,600,120,600,120,654,167,607,178,3162155971
complementary_plate_gourmet_11,Vieiras del Chef,Gourmet,35500,68,4.6,rest_gourmet_3,Signature,Gourmet,5.6453085,-73.515707,2025,10,14,1,1,480,1320,480,1320,480,1320,480,1320,480,1320,433,1336,486,1339,
complementary_plate_gourmet_12,Caviar,Gourmet,48000,57,3.8,rest_gourmet_3,Alta Cocina,Gourmet,5.6481543,-73.5364569,2024,12,10,1,1,600,120,600,120,600,120,600,120,600,120,596,135,614,156,
complementary_plate_gourmet_13,Cordero Confitado del Chef,Gourmet,44500,53,4.2,rest_gourmet_7,Alta Cocina,Gourmet,5.6201745,-73.5129251,2025,1,19,6,0,480,1320,480,1320,480,1320,480,1320,480,1320,512,1331,530,1293,3313817948
complementary_plate_gourmet_14,Cordero Confitado,Gourmet,26500,58,3.9,rest_gourmet_5,Signature,Gourmet,5.6266781,-73.5374362,2024,2,15,3,0,420,1380,420,1380,420,1380,420,1380,420,1380,442,1419,368,1425,3392526039
complementary_plate_gourmet_15,Langosta,Gourmet,50000,44,4.0,rest_gourmet_6,Alta Cocina,Gourmet,5.6485218,-73.5161543,2025,4,23,2,1,720,1380,720,1380,720,1380,720,1380,720,1380,706,1380,691,1424,
complementary_plate_gourmet_16,Menú Degustación,Gourmet,50000,33,3.4,rest_gourmet_11,Le Chef,Gourmet,5.6466554,-73.5104168,2025,11,30,6,0,600,120,600,120,600,120,600,120,600,120,624,108,552,149,
complementary_plate_gourmet_17,Caviar,Gourmet,42000,55,3.7,rest_gourmet_5,Alta Cocina,Gourmet,5.6586419,-73.5315612,2026,1,31,5,0,600,120,600,120,600,120,600,120,600,120,594,160,602,167,
complementary_plate_gourmet_18,Vieiras,Gourmet,26500,72,5.0,rest_gourmet_11,Alta Cocina,Gourmet,5.6504415,-73.5063351,2025,5,21,2,0,720,1380,720,1380,720,1380,720,1380,720,1380,680,1409,682,1411,
complementary_plate_gourmet_19,Cordero Confitado,Gourmet,38000,66,4.0,rest_gourmet_14,Restaurante de Autor,Gourmet,5.6580309,-73.5387858,2025,4,5,5,0,420,1380,420,1380,420,1380,420,1380,420,1380,463,1440,367,1371,
complementary_plate_gourmet_20,Degustación de Autor,Gourmet,50000,39,3.2,rest_gourmet_1,Signature,Gourmet,5.6481016,-73.5062475,2025,10,1,2,1,720,1380,720,1380,720,1380,720,1380,720,1380,660,1419,719,1374,
complementary_plate_gourmet_21,Tataki de Atún,Gourmet,50000,41,3.9,rest_gourmet_17,Le Chef,Gourmet,5.6319221,-73.5215868,2025,10,6,0,0,720,1380,720,1380,720,1380,720,1380,720,1380,731,1371,721,1410,3523324856
complementary_plate_gourmet_22,Langosta,Gourmet,31500,65,4.7,rest_gourmet_1,Signature,Gourmet,5.6242146,-73.5312965,2025,7,18,4,0,720,1380,720,1380,720,1380,720,1380,720,1380,700,1366,748,1411,3162565460
complementary_plate_gourmet_23,Degustación de Autor Clásico,Gourmet,25500,67,4.3,rest_gourmet_10,Alta Cocina,Gourmet,5.651273,-73.5346489,2025,7,23,2,0,480,1320,480,1320,480,1320,480,1320,480,1320,476,1300,438,1299,
complementary_plate_gourmet_24,Menú Degustación,Gourmet,48500,59,3.7,rest_gourmet_4,Signature,Gourmet,5.645766,-73.5018677,2024,10,14,0,1,600,120,600,120,600,120,600,120,600,120,567,176,546,134,
complementary_plate_gourmet_25,Tataki de Atún,Gourmet,44500,68,4.2,rest_gourmet_20,Restaurante de Autor,Gourmet,5.6219274,-73.5370934,2024,2,11,6,1,480,1320,480,1320,480,1320,480,1320,480,1320,506,1364,494,1370,3599472222
complementary_plate_gourmet_26,Vieiras,Gourmet,50000,53,4.7,rest_gourmet_8,Signature,Gourmet,5.634402,-73.5320363,2024,8,19,0,0,420,1380,420,1380,420,1380,420,1380,420,1380,458,1401,411,1408,3276582541
complementary_plate_gourmet_27,Wagyu Premium,Gourmet,25000,57,3.5,rest_gourmet_5,Alta Cocina,Gourmet,5.658272,-73.5260871,2025,4,24,3,1,420,1380,420,1380,420,1380,420,1380,420,1380,459,1384,362,1352,
complementary_plate_gourmet_28,Menú Degustación,Gourmet,50000,39,3.9,rest_gourmet_3,Le Chef,Gourmet,5.640016,-73.5151906,2024,6,23,6,0,420,1380,420,1380,420,1380,420,1380,420,1380,385,1408,439,1375,3551356059
complementary_plate_gourmet_29,Degustación de Autor,Gourmet,27000,65,4.5,rest_gourmet_8,Restaurante de Autor,Gourmet,5.6373092,-73.518208,2024,10,5,5,1,720,1380,720,1380,720,1380,720,1380,720,1380,739,1440,661,1408,3809206239
complementary_plate_gourmet_30,Langosta,Gourmet,25000,72,4.4,rest_gourmet_2,Le Chef,Gourmet,5.638308,-73.5349743,2025,3,7,4,0,480,1320,480,1320,480,1320,480,1320,480,1320,517,1304,462,1353,3161550770
complementary_plate_gourmet_31,Vieiras,Gourmet,25500,51,4.1,rest_gourmet_13,Le Chef,Gourmet,5.6283553,-73.5284109,2025,9,22,0,0,480,1320,480,1320,480,1320,480,1320,480,1320,428,1340,510,1309,3639666038
complementary_plate_gourmet_32,Cordero Confitado,Gourmet,25000,62,4.9,rest_gourmet_11,Alta Cocina,Gourmet,5.6347483,-73.5304499,2025,6,26,3,0,720,1380,720,1380,720,1380,720,1380,720,1380,745,1383,768,1409,3407552520
complementary_plate_gourmet_33,Wagyu,Gourmet,41500,51,3.8,rest_gourmet_13,Restaurante de Autor,Gourmet,5.6347925,-73.5314583,2024,7,2,1,1,720,1380,720,1380,720,1380,720,1380,720,1380,705,1412,774,1361,3190284985
complementary_plate_gourmet_34,Menú Degustación,Gourmet,28000,49,3.8,rest_gourmet_13,Signature,Gourmet,5.6220942,-73.5235542,2024,4,29,0,0,480,1320,480,1320,480,1320,480,1320,480,1320,524,1322,469,1321,3893874860
complementary_plate_gourmet_35,Carpaccio Premium de la Casa,Gourmet,33000,54,4.1,rest_gourmet_14,Alta Cocina,Gourmet,5.6507027,-73.5118387,2024,4,4,3,1,720,1380,720,1380,720,1380,720,1380,720,1380,763,1369,662,1376,
complementary_plate_gourmet_36,Vieiras,Gourmet,25000,62,4.4,rest_gourmet_6,Restaurante de Autor,Gourmet,5.6366602,-73.5313019,2024,6,10,0,1,420,1380,420,1380,420,1380,420,1380,420,1380,378,1416,378,1389,3355924639
complementary_plate_gourmet_37,Menú Degustación Premium,Gourmet,25500,65,4.7,rest_gourmet_13,Le Chef,Gourmet,5.6528872,-73.5253328,2024,7,27,5,0,720,1380,720,1380,720,1380,720,1380,720,1380,697,1350,665,1354,
complementary_plate_gourmet_38,Degustación de Autor,Gourmet,33000,54,4.1,rest_gourmet_11,Le Chef,Gourmet,5.6540139,-73.5243633,2024,7,14,6,0,480,1320,480,1320,480,1320,480,1320,480,1320,458,1375,515,1338,
complementary_plate_gourmet_39,Vieiras Premium,Gourmet,43500,75,4.7,rest_gourmet_7,Le Chef,Gourmet,5.6284798,-73.5009417,2024,4,17,2,0,720,1380,720,1380,720,1380,720,1380,720,1380,765,1368,723,1364,3262101444
complementary_plate_gourmet_40,Caviar,Gourmet,50000,49,3.7,rest_gourmet_3,Alta Cocina,Gourmet,5.6462941,-73.5018133,2026,1,24,5,0,420,1380,420,1380,420,1380,420,1380,420,1380,475,1403,468,1433,
complementary_plate_gourmet_1,Trufa Negra del Chef,Gourmet,107000,50,4.0,rest_gourmet_18,Alta Cocina,Gourmet,5.6388913,-73.5079945,2025,12,1,0,1,480,1320,480,1320,480,1320,480,1320,480,1320,512,1294,495,1296,3243297588
complementary_plate_gourmet_2,Trufa Negra Premium,Gourmet,74000,41,4.0,rest_gourmet_9,Alta Cocina,Gourmet,5.6552063,-73.5303336,2025,2,28,4,0,480,1320,480,1320,480,1320,480,1320,480,1320,513,1290,523,1329,
complementary_plate_gourmet_3,Wagyu,Gourmet,106500,44,4.0,rest_gourmet_9,Alta Cocina,Gourmet,5.6286296,-73.5372785,2025,12,18,3,0,420,1380,420,1380,420,1380,420,1380,420,1380,429,1426,456,1373,3474681018
complementary_plate_gourmet_4,Vieiras,Gourmet,98500,49,4.2,rest_gourmet_3,Le Chef,Gourmet,5.6471125,-73.5273238,2024,8,31,5,0,600,120,600,120,600,120,600,120,600,120,593,144,551,121,
complementary_plate_gourmet_5,Carpaccio Premium,Gourmet,84500,35,3.7,rest_gourmet_9,Restaurante de Autor,Gourmet,5.6443101,-73.5293282,2024,10,25,4,1,720,1380,720,1380,720,1380,720,1380,720,1380,746,1431,714,1416,
complementary_plate_gourmet_6,Carpaccio Premium Especial,Gourmet,107500,54,4.7,rest_gourmet_18,Le Chef,Gourmet,5.6318121,-73.519763,2025,2,14,4,0,480,1320,480,1320,480,1320,480,1320,480,1320,531,1334,536,1318,3631751801
complementary_plate_gourmet_7,Caviar,Gourmet,95000,50,4.2,rest_gourmet_4,Restaurante de Autor,Gourmet,5.625464,-73.5088909,2025,9,17,2,0,720,1380,720,1380,720,1380,720,1380,720,1380,661,1428,715,1413,3444051470
complementary_plate_gourmet_8,Caviar,Gourmet,78000,52,4.7,rest_gourmet_1,Signature,Gourmet,5.6460656,-73.5056671,2025,2,7,4,0,420,1380,420,1380,420,1380,420,1380,420,1380,377,1435,414,1427,
complementary_plate_gourmet_9,Menú Degustación del Chef,Gourmet,114000,55,4.4,rest_gourmet_13,Signature,Gourmet,5.6495439,-73.5062054,2024,10,4,4,0,600,120,600,120,600,120,600,120,600,120,643,152,594,151,
complementary_plate_gourmet_10,Trufa Negra Clásico,Gourmet,92000,43,4.7,rest_gourmet_13,Le Chef,Gourmet,5.6326251,-73.525613,2025,11,9,6,0,720,1380,720,1380,720,1380,720,1380,720,1380,712,1380,715,1419,3153004410
complementary_plate_gourmet_11,Foie Gras,Gourmet,64000,41,4.5,rest_gourmet_15,Signature,Gourmet,5.6457933,-73.5125106,2024,11,18,0,0,600,120,600,120,600,120,600,120,600,120,658,141,562,165,
complementary_plate_gourmet_12,Vieiras Clásico,Gourmet,61000,45,4.3,rest_gourmet_18,Alta Cocina,Gourmet,5.6358052,-73.5274866,2025,7,30,2,0,720,1380,720,1380,720,1380,720,1380,720,1380,717,1432,710,1360,3714012290
complementary_plate_gourmet_13,Cordero Confitado,Gourmet,77000,46,4.4,rest_gourmet_11,Le Chef,Gourmet,5.6485283,-73.5375638,2025,9,21,6,0,600,120,600,120,600,120,600,120,600,120,577,164,614,120,
complementary_plate_gourmet_14,Cordero Confitado de la Casa,Gourmet,74000,56,5.0,rest_gourmet_1,Signature,Gourmet,5.6279686,-73.5119374,2025,4,9,2,0,600,120,600,120,600,120,600,120,600,120,601,149,559,145,3968845915
complementary_plate_gourmet_15,Degustación de Autor Clásico,Gourmet,120000,55,4.2,rest_gourmet_4,Le Chef,Gourmet,5.6556086,-73.5396069,2024,11,12,1,1,420,1380,420,1380,420,1380,420,1380,420,1380,454,1418,363,1390,
complementary_plate_gourmet_16,Wagyu,Gourmet,70000,53,4.6,rest_gourmet_12,Alta Cocina,Gourmet,5.6314964,-73.5236327,2024,6,12,2,1,420,1380,420,1380,420,1380,420,1380,420,1380,421,1420,434,1374,3520945954
complementary_plate_gourmet_17,Tataki de Atún,Gourmet,87500,58,4.7,rest_gourmet_17,Le Chef,Gourmet,5.6347114,-73.5268248,2025,3,28,4,1,420,1380,420,1380,420,1380,420,1380,420,1380,462,1361,428,1418,3319688453
complementary_plate_gourmet_18,Degustación de Autor Premium,Gourmet,77500,52,4.5,rest_gourmet_20,Restaurante de Autor,Gourmet,5.6223237,-73.5122649,2025,5,6,1,0,480,1320,480,1320,480,1320,480,1320,480,1320,427,1373,466,1295,3680261259
complementary_plate_gourmet_19,Tataki de Atún Premium,Gourmet,72000,48,3.9,rest_gourmet_19,Le Chef,Gourmet,5.6244605,-73.5093502,2025,9,15,0,0,600,120,600,120,600,120,600,120,600,120,611,152,584,171,3734767982
complementary_plate_gourmet_20,Cordero Confitado,Gourmet,112500,56,4.3,rest_gourmet_17,Le Chef,Gourmet,5.6406345,-73.5278362,2024,4,18,3,1,480,1320,480,1320,480,1320,480,1320,480,1320,435,1303,513,1309,3550137381
complementary_plate_gourmet_21,Degustación de Autor,Gourmet,120000,53,4.4,rest_gourmet_6,Restaurante de Autor,Gourmet,5.6307037,-73.5075349,2025,9,7,6,0,480,1320,480,1320,480,1320,480,1320,480,1320,483,1325,441,1363,3150283084
complementary_plate_gourmet_22,Caviar del Chef,Gourmet,108000,47,3.8,rest_gourmet_6,Le Chef,Gourmet,5.6534192,-73.5282433,2025,1,9,3,0,720,1380,720,1380,720,1380,720,1380,720,1380,768,1374,712,1427,
complementary_plate_gourmet_23,Degustación de Autor Clásico,Gourmet,105000,50,4.6,rest_gourmet_14,Alta Cocina,Gourmet,5.6205877,-73.5221469,2025,1,8,2,0,480,1320,480,1320,480,1320,480,1320,480,1320,520,1353,501,1315,3673656130
complementary_plate_gourmet_24,Caviar,Gourmet,63000,53,4.1,rest_gourmet_11,Restaurante de Autor,Gourmet,5.6351638,-73.5109193,2026,1,12,0,1,420,1380,420,1380,420,1380,420,1380,420,1380,449,1423,417,1396,3670303367
complementary_plate_gourmet_25,Magret de Pato,Gourmet,64000,46,4.4,rest_gourmet_16,Restaurante de Autor,Gourmet,5.6334938,-73.5122832,2024,12,16,0,0,480,1320,480,1320,480,1320,480,1320,480,1320,523,1372,517,1325,3188562183
complementary_plate_gourmet_26,Caviar,Gourmet,114000,48,4.5,rest_gourmet_12,Restaurante de Autor,Gourmet,5.6207731,-73.5005053,2025,5,23,4,0,480,1320,480,1320,480,1320,480,1320,480,1320,512,1338,489,1353,3482881782
complementary_plate_gourmet_27,Langosta,Gourmet,106000,61,4.7,rest_gourmet_17,Signature,Gourmet,5.6249747,-73.5309936,2025,2,9,6,0,420,1380,420,1380,420,1380,420,1380,420,1380,402,1358,395,1398,3933923193
complementary_plate_gourmet_28,Trufa Negra Premium,Gourmet,82500,54,4.0,rest_gourmet_18,Restaurante de Autor,Gourmet,5.6365457,-73.5135073,2024,4,7,6,1,420,1380,420,1380,420,1380,420,1380,420,1380,424,1375,460,1387,3724173395
complementary_plate_gourmet_29,Caviar,Gourmet,91000,53,4.2,rest_gourmet_17,Signature,Gourmet,5.6397146,-73.5156127,2025,4,6,6,0,720,1380,720,1380,720,1380,720,1380,720,1380,769,1403,766,1413,3124467331
complementary_plate_gourmet_30,Tataki de Atún,Gourmet,67000,52,4.0,rest_gourmet_17,Signature,Gourmet,5.6361716,-73.5033961,2026,2,2,0,0,720,1380,720,1380,720,1380,720,1380,720,1380,679,1353,770,1434,3131499954
complementary_plate_gourmet_31,Trufa Negra,Gourmet,67000,37,3.7,rest_gourmet_8,Restaurante de Autor,Gourmet,5.6412375,-73.5337455,2025,4,5,5,1,720,1380,720,1380,720,1380,720,1380,720,1380,680,1433,712,1428,3366465876
complementary_plate_gourmet_32,Degustación de Autor Clásico,Gourmet,85000,48,3.9,rest_gourmet_12,Restaurante de Autor,Gourmet,5.6438053,-73.5099281,2025,12,7,6,0,420,1380,420,1380,420,1380,420,1380,420,1380,470,1418,364,1395,3210850498
complementary_plate_gourmet_33,Foie Gras Especial,Gourmet,79000,45,3.6,rest_gourmet_7,Le Chef,Gourmet,5.620397,-73.5172693,2024,10,26,5,0,720,1380,720,1380,720,1380,720,1380,720,1380,728,1384,711,1409,3405611308
complementary_plate_gourmet_34,Wagyu,Gourmet,105000,50,4.5,rest_gourmet_8,Signature,Gourmet,5.6385638,-73.5290134,2024,11,6,2,1,720,1380,720,1380,720,1380,720,1380,720,1380,777,1427,757,1375,3328881543
complementary_plate_gourmet_35,Langosta Clásico,Gourmet,99500,40,3.4,rest_gourmet_18,Le Chef,Gourmet,5.65854,-73.5210226,2025,6,4,2,0,720,1380,720,1380,720,1380,720,1380,720,1380,768,1425,700,1384,
complementary_plate_gourmet_36,Cordero Confitado,Gourmet,111500,53,4.4,rest_gourmet_5,Le Chef,Gourmet,5.6407613,-73.5266489,2024,3,16,5,0,480,1320,480,1320,480,1320,480,1320,480,1320,473,1307,462,1361,3187829519
complementary_plate_gourmet_37,Trufa Negra,Gourmet,96500,49,4.4,rest_gourmet_8,Alta Cocina,Gourmet,5.6471017,-73.5168275,2025,2,20,3,0,420,1380,420,1380,420,1380,420,1380,420,1380,403,1352,444,1373,
complementary_plate_gourmet_38,Langosta,Gourmet,97500,61,4.7,rest_gourmet_16,Alta Cocina,Gourmet,5.6324746,-73.50444,2025,6,22,6,0,720,1380,720,1380,720,1380,720,1380,720,1380,776,1409,736,1383,3649899759
complementary_plate_gourmet_39,Caviar,Gourmet,103000,49,5.0,rest_gourmet_6,Le Chef,Gourmet,5.6509597,-73.5172278,2025,5,1,3,1,720,1380,720,1380,720,1380,720,1380,720,1380,670,1362,674,1368,
complementary_plate_gourmet_40,Foie Gras,Gourmet,95500,55,4.4,rest_gourmet_12,Signature,Gourmet,5.6509169,-73.5147311,2025,8,3,6,0,420,1380,420,1380,420,1380,420,1380,420,1380,383,1408,464,1383,
complementary_plate_gourmet_41,Trufa Negra,Gourmet,103500,55,4.5,rest_gourmet_10,Restaurante de Autor,Gourmet,5.6408518,-73.5192501,2025,2,15,5,0,480,1320,480,1320,480,1320,480,1320,480,1320,487,1336,483,1318,3134806093
complementary_plate_gourmet_42,Degustación de Autor Especial,Gourmet,120000,47,4.5,rest_gourmet_4,Alta Cocina,Gourmet,5.6590406,-73.5379534,2025,3,12,2,0,480,1320,480,1320,480,1320,480,1320,480,1320,453,1370,516,1345,
complementary_plate_gourmet_43,Cordero Confitado Premium,Gourmet,69000,41,4.1,rest_gourmet_2,Signature,Gourmet,5.625022,-73.5306857,2024,2,22,3,1,600,120,600,120,600,120,600,120,600,120,625,128,584,135,3309142776
complementary_plate_gourmet_44,Vieiras,Gourmet,62500,42,4.1,rest_gourmet_9,Alta Cocina,Gourmet,5.6206779,-73.5203199,2024,11,11,0,1,720,1380,720,1380,720,1380,720,1380,720,1380,720,1373,729,1363,3819591750
complementary_plate_gourmet_45,Langosta,Gourmet,120000,57,4.3,rest_gourmet_14,Signature,Gourmet,5.6508063,-73.5275906,2025,1,19,6,0,480,1320,480,1320,480,1320,480,1320,480,1320,527,1307,528,1301,
complementary_plate_gourmet_46,Degustación de Autor,Gourmet,87000,46,3.9,rest_gourmet_15,Le Chef,Gourmet,5.6522862,-73.5327295,2024,9,1,6,1,600,120,600,120,600,120,600,120,600,120,572,102,562,144,
complementary_plate_gourmet_47,Vieiras,Gourmet,120000,52,4.4,rest_gourmet_14,Le Chef,Gourmet,5.6248083,-73.5198347,2024,5,30,3,0,720,1380,720,1380,720,1380,720,1380,720,1380,661,1425,739,1357,3289261413
complementary_plate_gourmet_48,Wagyu,Gourmet,56500,44,4.2,rest_gourmet_16,Le Chef,Gourmet,5.6306233,-73.5270876,2024,11,17,6,0,480,1320,480,1320,480,1320,480,1320,480,1320,521,1320,538,1369,3410694113
complementary_plate_gourmet_49,Menú Degustación,Gourmet,79500,55,4.5,rest_gourmet_14,Alta Cocina,Gourmet,5.6207021,-73.5296757,2025,10,1,2,1,420,1380,420,1380,420,1380,420,1380,420,1380,402,1354,451,1392,3895757992
complementary_plate_gourmet_50,Magret de Pato del Chef,Gourmet,120000,53,4.0,rest_gourmet_17,Le Chef,Gourmet,5.6317323,-73.5214406,2025,3,28,4,0,720,1380,720,1380,720,1380,720,1380,720,1380,746,1362,682,1377,3756115477
complementary_plate_gourmet_51,Degustación de Autor,Gourmet,74000,46,4.7,rest_gourmet_10,Alta Cocina,Gourmet,5.6509257,-73.5346686,2024,12,23,0,0,480,1320,480,1320,480,1320,480,1320,480,1320,504,1327,503,1309,
complementary_plate_gourmet_52,Foie Gras Premium,Gourmet,85500,31,3.6,rest_gourmet_9,Le Chef,Gourmet,5.6407184,-73.5028902,2025,5,30,4,0,480,1320,480,1320,480,1320,480,1320,480,1320,529,1376,438,1360,3206944624
complementary_plate_gourmet_53,Tataki de Atún,Gourmet,55500,31,3.5,rest_gourmet_11,Le Chef,Gourmet,5.6339238,-73.5052919,2025,10,17,4,0,600,120,600,120,600,120,600,120,600,120,586,137,596,138,3725227748
complementary_plate_gourmet_54,Caviar del Chef,Gourmet,72000,53,4.1,rest_gourmet_10,Alta Cocina,Gourmet,5.6348696,-73.5116952,2024,4,15,0,0,480,1320,480,1320,480,1320,480,1320,480,1320,515,1326,500,1323,3964118187
complementary_plate_gourmet_55,Carpaccio Premium Premium,Gourmet,102000,46,4.1,rest_gourmet_4,Signature,Gourmet,5.6200541,-73.5357514,2024,9,29,6,0,600,120,600,120,600,120,600,120,600,120,653,168,587,118,3295786752
complementary_plate_gourmet_56,Wagyu,Gourmet,76500,43,4.3,rest_gourmet_5,Signature,Gourmet,5.631992,-73.5089649,2024,5,28,1,1,420,1380,420,1380,420,1380,420,1380,420,1380,362,1402,378,1437,3445278729
complementary_plate_gourmet_57,Caviar del Chef,Gourmet,79000,48,3.7,rest_gourmet_5,Le Chef,Gourmet,5.6458583,-73.5076817,2024,11,26,1,0,420,1380,420,1380,420,1380,420,1380,420,1380,463,1358,476,1407,
complementary_plate_gourmet_58,Wagyu,Gourmet,68500,46,4.1,rest_gourmet_18,Le Chef,Gourmet,5.6589678,-73.5092894,2024,6,9,6,0,480,1320,480,1320,480,1320,480,1320,480,1320,513,1354,482,1319,
complementary_plate_gourmet_59,Tataki de Atún,Gourmet,78500,48,4.0,rest_gourmet_16,Signature,Gourmet,5.6538824,-73.5354414,2024,11,18,0,0,600,120,600,120,600,120,600,120,600,120,612,99,640,131,
complementary_plate_gourmet_60,Langosta,Gourmet,102500,34,3.5,rest_gourmet_10,Le Chef,Gourmet,5.6209438,-73.5142437,2024,11,11,0,0,480,1320,480,1320,480,1320,480,1320,480,1320,465,1307,492,1355,3977369031
complementary_plate_gourmet_61,Magret de Pato,Gourmet,50000,48,3.8,rest_gourmet_1,Le Chef,Gourmet,5.6559424,-73.506627,2025,8,9,5,0,480,1320,480,1320,480,1320,480,1320,480,1320,467,1315,427,1322,
complementary_plate_gourmet_62,Tataki de Atún,Gourmet,114000,31,3.6,rest_gourmet_10,Le Chef,Gourmet,5.6513279,-73.5169059,2025,7,3,3,0,600,120,600,120,600,120,600,120,600,120,635,156,571,161,
complementary_plate_gourmet_63,Vieiras,Gourmet,90000,48,4.5,rest_gourmet_8,Signature,Gourmet,5.651215,-73.5141437,2025,12,20,5,0,480,1320,480,1320,480,1320,480,1320,480,1320,441,1366,460,1354,
complementary_plate_gourmet_64,Magret de Pato,Gourmet,81000,37,3.9,rest_gourmet_12,Signature,Gourmet,5.6383198,-73.5216655,2024,3,13,2,0,420,1380,420,1380,420,1380,420,1380,420,1380,361,1427,459,1376,3902849073
complementary_plate_gourmet_65,Trufa Negra,Gourmet,101500,56,4.2,rest_gourmet_8,Le Chef,Gourmet,5.6359202,-73.5188517,2025,11,21,4,0,480,1320,480,1320,480,1320,480,1320,480,1320,488,1308,450,1344,3829659403
complementary_plate_gourmet_66,Carpaccio Premium,Gourmet,63500,38,3.5,rest_gourmet_2,Restaurante de Autor,Gourmet,5.6321166,-73.5386249,2025,1,18,5,0,600,120,600,120,600,120,600,120,600,120,562,99,546,130,3645222096
complementary_plate_gourmet_67,Caviar,Gourmet,51500,41,3.6,rest_gourmet_8,Alta Cocina,Gourmet,5.6226278,-73.5144415,2025,2,1,5,0,420,1380,420,1380,420,1380,420,1380,420,1380,380,1369,360,1362,3299648955
complementary_plate_gourmet_68,Langosta de la Casa,Gourmet,120000,49,4.2,rest_gourmet_14,Le Chef,Gourmet,5.6291294,-73.5367421,2024,4,25,3,0,480,1320,480,1320,480,1320,480,1320,480,1320,518,1360,514,1315,3629499801
complementary_plate_gourmet_69,Wagyu,Gourmet,56500,55,4.8,rest_gourmet_16,Le Chef,Gourmet,5.6298641,-73.5225994,2024,4,13,5,0,600,120,600,120,600,120,600,120,600,120,647,91,570,158,3129025773
complementary_plate_gourmet_70,Wagyu de la Casa,Gourmet,71500,38,3.8,rest_gourmet_6,Signature,Gourmet,5.6393631,-73.5282938,2024,10,1,1,0,600,120,600,120,600,120,600,120,600,120,616,91,599,155,3179721839
complementary_plate_gourmet_71,Magret de Pato,Gourmet,119000,48,4.6,rest_gourmet_16,Le Chef,Gourmet,5.6498978,-73.5181829,2025,12,17,2,0,480,1320,480,1320,480,1320,480,1320,480,1320,422,1335,436,1300,
complementary_plate_gourmet_72,Trufa Negra,Gourmet,94500,45,3.9,rest_gourmet_18,Le Chef,Gourmet,5.6389524,-73.5346633,2024,4,8,0,0,600,120,600,120,600,120,600,120,600,120,554,145,570,124,3813286051
complementary_plate_gourmet_73,Trufa Negra,Gourmet,120000,41,4.1,rest_gourmet_3,Le Chef,Gourmet,5.6223138,-73.5123343,2024,6,18,1,0,480,1320,480,1320,480,1320,480,1320,480,1320,443,1317,478,1290,3564456568
complementary_plate_gourmet_74,Vieiras,Gourmet,97000,48,4.5,rest_gourmet_13,Alta Cocina,Gourmet,5.6583116,-73.5081995,2024,5,16,3,0,420,1380,420,1380,420,1380,420,1380,420,1380,406,1383,479,1396,
complementary_plate_gourmet_75,Tataki de Atún,Gourmet,120000,39,3.6,rest_gourmet_15,Le Chef,Gourmet,5.657709,-73.5334658,2025,6,10,1,1,420,1380,420,1380,420,1380,420,1380,420,1380,409,1364,436,1373,
complementary_plate_gourmet_76,Vieiras de la Casa,Gourmet,120000,45,4.3,rest_gourmet_12,Alta Cocina,Gourmet,5.6514076,-73.5358275,2024,6,18,1,1,480,1320,480,1320,480,1320,480,1320,480,1320,508,1376,484,1354,
complementary_plate_gourmet_77,Tataki de Atún,Gourmet,80000,49,4.1,rest_gourmet_12,Le Chef,Gourmet,5.6596531,-73.5341794,2025,1,21,1,1,480,1320,480,1320,480,1320,480,1320,480,1320,437,1341,517,1338,
complementary_plate_gourmet_78,Trufa Negra,Gourmet,70500,56,4.8,rest_gourmet_6,Restaurante de Autor,Gourmet,5.6417793,-73.5049149,2025,12,21,6,0,720,1380,720,1380,720,1380,720,1380,720,1380,718,1362,685,1419,3301747480
complementary_plate_gourmet_79,Langosta,Gourmet,91500,47,4.0,rest_gourmet_10,Le Chef,Gourmet,5.6585107,-73.5188724,2025,4,3,3,1,720,1380,720,1380,720,1380,720,1380,720,1380,747,1433,778,1386,
complementary_plate_gourmet_80,Menú Degustación,Gourmet,120000,62,4.8,rest_gourmet_4,Restaurante de Autor,Gourmet,5.6230242,-73.5213096,2024,3,12,1,0,600,120,600,120,600,120,600,120,600,120,562,153,594,116,3864726461
complementary_plate_gourmet_1,Foie Gras,Gourmet,182000,49,3.9,rest_gourmet_6,Le Chef,Gourmet,5.6346272,-73.5357315,2025,1,19,6,0,600,120,600,120,600,120,600,120,600,120,593,102,627,128,3667534732
complementary_plate_gourmet_2,Menú Degustación,Gourmet,235000,28,2.8,rest_gourmet_16,Signature,Gourmet,5.6290153,-73.5140178,2025,5,14,2,0,720,1380,720,1380,720,1380,720,1380,720,1380,674,1426,710,1418,3491446058
complementary_plate_gourmet_3,Wagyu,Gourmet,194500,47,4.2,rest_gourmet_7,Signature,Gourmet,5.6278333,-73.50528,2026,1,15,3,1,420,1380,420,1380,420,1380,420,1380,420,1380,409,1390,408,1418,3335071309
complementary_plate_gourmet_4,Caviar,Gourmet,284000,48,4.2,rest_gourmet_8,Alta Cocina,Gourmet,5.6256321,-73.5068726,2024,12,22,6,0,720,1380,720,1380,720,1380,720,1380,720,1380,660,1353,695,1419,3254191643
complementary_plate_gourmet_5,Menú Degustación del Chef,Gourmet,267000,40,3.3,rest_gourmet_6,Le Chef,Gourmet,5.6448965,-73.5149578,2024,3,31,6,1,420,1380,420,1380,420,1380,420,1380,420,1380,433,1373,455,1368,
complementary_plate_gourmet_6,Magret de Pato,Gourmet,120000,45,4.3,rest_gourmet_13,Restaurante de Autor,Gourmet,5.6512529,-73.5369889,2025,12,17,2,0,480,1320,480,1320,480,1320,480,1320,480,1320,469,1332,496,1318,
complementary_plate_gourmet_7,Foie Gras,Gourmet,249000,44,3.7,rest_gourmet_4,Restaurante de Autor,Gourmet,5.6431319,-73.5355041,2024,10,3,3,0,480,1320,480,1320,480,1320,480,1320,480,1320,430,1359,477,1311,3117984955
complementary_plate_gourmet_8,Menú Degustación,Gourmet,249000,48,4.0,rest_gourmet_2,Signature,Gourmet,5.6258785,-73.5380276,2024,4,10,2,1,480,1320,480,1320,480,1320,480,1320,480,1320,431,1358,434,1347,3829597246
complementary_plate_gourmet_9,Menú Degustación del Chef,Gourmet,300000,39,4.3,rest_gourmet_16,Restaurante de Autor,Gourmet,5.652445,-73.5297008,2024,6,26,2,0,420,1380,420,1380,420,1380,420,1380,420,1380,446,1407,427,1428,
complementary_plate_gourmet_10,Foie Gras Premium,Gourmet,211000,43,4.2,rest_gourmet_4,Le Chef,Gourmet,5.6454382,-73.5345735,2024,9,22,6,0,600,120,600,120,600,120,600,120,600,120,619,166,547,130,
complementary_plate_gourmet_11,Vieiras,Gourmet,135000,52,4.3,rest_gourmet_20,Le Chef,Gourmet,5.6355266,-73.5295981,2024,7,20,5,0,420,1380,420,1380,420,1380,420,1380,420,1380,429,1402,461,1392,3709110194
complementary_plate_gourmet_12,Langosta Clásico,Gourmet,229000,53,4.5,rest_gourmet_4,Signature,Gourmet,5.6469652,-73.5245977,2025,6,2,0,1,480,1320,480,1320,480,1320,480,1320,480,1320,475,1299,483,1317,
complementary_plate_gourmet_13,Tataki de Atún Clásico,Gourmet,239000,51,4.5,rest_gourmet_6,Restaurante de Autor,Gourmet,5.6303962,-73.5022807,2024,11,4,0,1,720,1380,720,1380,720,1380,720,1380,720,1380,766,1362,681,1426,3790582682
complementary_plate_gourmet_14,Vieiras,Gourmet,147500,35,4.0,rest_gourmet_19,Le Chef,Gourmet,5.6338077,-73.515585,2025,11,8,5,0,480,1320,480,1320,480,1320,480,1320,480,1320,473,1366,459,1367,3168597407
complementary_plate_gourmet_15,Degustación de Autor,Gourmet,208000,28,3.0,rest_gourmet_1,Alta Cocina,Gourmet,5.6566994,-73.506601,2024,4,19,4,1,480,1320,480,1320,480,1320,480,1320,480,1320,470,1357,441,1379,
complementary_plate_gourmet_16,Langosta,Gourmet,300000,38,4.3,rest_gourmet_8,Le Chef,Gourmet,5.6316202,-73.5115859,2025,1,4,5,0,480,1320,480,1320,480,1320,480,1320,480,1320,474,1353,464,1314,3810572263
complementary_plate_gourmet_17,Carpaccio Premium,Gourmet,223500,42,4.1,rest_gourmet_19,Restaurante de Autor,Gourmet,5.6387995,-73.5354999,2025,5,8,3,0,600,120,600,120,600,120,600,120,600,120,657,105,642,120,3757013727
complementary_plate_gourmet_18,Caviar,Gourmet,290000,46,4.5,rest_gourmet_12,Alta Cocina,Gourmet,5.6556056,-73.5105632,2024,6,1,5,0,480,1320,480,1320,480,1320,480,1320,480,1320,459,1378,497,1297,
complementary_plate_gourmet_19,Cordero Confitado,Gourmet,248000,56,4.7,rest_gourmet_20,Alta Cocina,Gourmet,5.6483089,-73.528996,2024,3,12,1,0,420,1380,420,1380,420,1380,420,1380,420,1380,426,1392,424,1378,
complementary_plate_gourmet_20,Wagyu,Gourmet,172500,48,4.0,rest_gourmet_11,Alta Cocina,Gourmet,5.6224881,-73.5144357,2025,3,14,4,0,720,1380,720,1380,720,1380,720,1380,720,1380,721,1385,753,1377,3466668256
complementary_plate_gourmet_21,Menú Degustación Clásico,Gourmet,211500,41,4.1,rest_gourmet_9,Le Chef,Gourmet,5.6258921,-73.5263615,2024,5,3,4,1,600,120,600,120,600,120,600,120,600,120,643,124,548,166,3195427651
complementary_plate_gourmet_22,Menú Degustación Premium,Gourmet,136500,44,3.9,rest_gourmet_4,Signature,Gourmet,5.6203137,-73.5000931,2025,12,30,1,1,600,120,600,120,600,120,600,120,600,120,654,112,655,103,3860562477
complementary_plate_gourmet_23,Magret de Pato,Gourmet,176000,46,4.1,rest_gourmet_9,Alta Cocina,Gourmet,5.6452369,-73.5294579,2024,7,18,3,0,720,1380,720,1380,720,1380,720,1380,720,1380,733,1426,693,1395,
complementary_plate_gourmet_24,Degustación de Autor,Gourmet,208000,54,4.3,rest_gourmet_20,Le Chef,Gourmet,5.6379069,-73.5288348,2024,10,13,6,1,720,1380,720,1380,720,1380,720,1380,720,1380,672,1390,709,1377,3277932271
complementary_plate_gourmet_25,Wagyu,Gourmet,296000,44,3.4,rest_gourmet_19,Restaurante de Autor,Gourmet,5.625371,-73.5027731,2025,1,31,4,1,420,1380,420,1380,420,1380,420,1380,420,1380,459,1429,365,1433,3987857474
complementary_plate_gourmet_26,Trufa Negra del Chef,Gourmet,134000,60,4.6,rest_gourmet_4,Alta Cocina,Gourmet,5.6583174,-73.5390142,2024,2,18,6,1,720,1380,720,1380,720,1380,720,1380,720,1380,740,1385,777,1354,
complementary_plate_gourmet_27,Carpaccio Premium,Gourmet,242500,38,3.7,rest_gourmet_7,Le Chef,Gourmet,5.6411864,-73.5121324,2025,11,30,6,0,600,120,600,120,600,120,600,120,600,120,621,114,582,173,3314164997
complementary_plate_gourmet_28,Tataki de Atún,Gourmet,139500,43,4.3,rest_gourmet_8,Le Chef,Gourmet,5.6296757,-73.5109869,2024,10,4,4,0,600,120,600,120,600,120,600,120,600,120,564,144,597,93,3380735151
complementary_plate_gourmet_29,Langosta,Gourmet,300000,48,4.4,rest_gourmet_4,Alta Cocina,Gourmet,5.6400241,-73.5065449,2025,5,6,1,0,480,1320,480,1320,480,1320,480,1320,480,1320,510,1313,459,1306,3592862950
complementary_plate_gourmet_30,Foie Gras de la Casa,Gourmet,129500,61,5.0,rest_gourmet_1,Restaurante de Autor,Gourmet,5.6471848,-73.5010224,2025,3,28,4,0,480,1320,480,1320,480,1320,480,1320,480,1320,472,1376,536,1321,
complementary_plate_gourmet_31,Foie Gras,Gourmet,201000,51,4.1,rest_gourmet_1,Restaurante de Autor,Gourmet,5.6230496,-73.5009759,2025,8,31,6,0,480,1320,480,1320,480,1320,480,1320,480,1320,503,1329,457,1324,3828014532
complementary_plate_gourmet_32,Wagyu,Gourmet,277000,50,3.6,rest_gourmet_3,Signature,Gourmet,5.6309882,-73.5373889,2025,2,12,2,0,420,1380,420,1380,420,1380,420,1380,420,1380,391,1397,360,1439,3516464408
complementary_plate_gourmet_33,Magret de Pato,Gourmet,300000,51,4.4,rest_gourmet_10,Restaurante de Autor,Gourmet,5.6522786,-73.5071264,2025,10,24,4,1,600,120,600,120,600,120,600,120,600,120,624,98,583,143,
complementary_plate_gourmet_34,Menú Degustación,Gourmet,257000,43,4.2,rest_gourmet_2,Alta Cocina,Gourmet,5.6383866,-73.5141476,2024,10,16,2,0,420,1380,420,1380,420,1380,420,1380,420,1380,384,1429,429,1429,3868935029
complementary_plate_gourmet_35,Cordero Confitado del Chef,Gourmet,243000,58,4.7,rest_gourmet_6,Le Chef,Gourmet,5.6418631,-73.5141063,2024,9,4,2,1,420,1380,420,1380,420,1380,420,1380,420,1380,466,1431,377,1388,3604783697
complementary_plate_gourmet_36,Caviar,Gourmet,223500,44,4.7,rest_gourmet_9,Restaurante de Autor,Gourmet,5.6373126,-73.534866,2024,5,16,3,0,480,1320,480,1320,480,1320,480,1320,480,1320,505,1299,423,1372,3304071278
complementary_plate_gourmet_37,Tataki de Atún,Gourmet,214000,52,4.7,rest_gourmet_19,Signature,Gourmet,5.621756,-73.5139925,2024,11,20,2,1,720,1380,720,1380,720,1380,720,1380,720,1380,664,1431,682,1380,3992422993
complementary_plate_gourmet_38,Caviar,Gourmet,300000,40,3.5,rest_gourmet_19,Signature,Gourmet,5.62663,-73.5007007,2025,11,3,0,0,720,1380,720,1380,720,1380,720,1380,720,1380,759,1371,732,1394,3862553409
complementary_plate_gourmet_39,Caviar,Gourmet,205500,43,4.4,rest_gourmet_8,Le Chef,Gourmet,5.6378217,-73.5035273,2024,5,11,5,0,480,1320,480,1320,480,1320,480,1320,480,1320,526,1298,500,1359,3476655817
complementary_plate_gourmet_40,Magret de Pato,Gourmet,124000,43,4.4,rest_gourmet_6,Signature,Gourmet,5.6283674,-73.5224348,2024,3,19,1,0,720,1380,720,1380,720,1380,720,1380,720,1380,695,1433,740,1369,3301558006
complementary_plate_gourmet_41,Langosta,Gourmet,172000,48,4.3,rest_gourmet_9,Alta Cocina,Gourmet,5.6219992,-73.5384021,2025,6,8,6,0,420,1380,420,1380,420,1380,420,1380,420,1380,412,1374,385,1388,3582601772
complementary_plate_gourmet_42,Vieiras,Gourmet,141000,52,5.0,rest_gourmet_17,Restaurante de Autor,Gourmet,5.653746,-73.5255083,2025,12,30,1,1,600,120,600,120,600,120,600,120,600,120,587,103,660,157,
complementary_plate_gourmet_43,Caviar Premium,Gourmet,120000,49,4.3,rest_gourmet_5,Signature,Gourmet,5.6592477,-73.5069444,2024,5,12,6,0,420,1380,420,1380,420,1380,420,1380,420,1380,463,1386,382,1386,
complementary_plate_gourmet_44,Cordero Confitado Especial,Gourmet,156000,44,4.1,rest_gourmet_18,Restaurante de Autor,Gourmet,5.6517257,-73.51194,2025,8,23,5,0,420,1380,420,1380,420,1380,420,1380,420,1380,362,1407,394,1376,
complementary_plate_gourmet_45,Degustación de Autor,Gourmet,300000,40,4.2,rest_gourmet_14,Signature,Gourmet,5.6541514,-73.5216263,2024,5,28,1,0,420,1380,420,1380,420,1380,420,1380,420,1380,472,1411,467,1430,
complementary_plate_gourmet_46,Tataki de Atún,Gourmet,300000,36,4.0,rest_gourmet_15,Le Chef,Gourmet,5.6296791,-73.5377959,2025,5,18,6,0,420,1380,420,1380,420,1380,420,1380,420,1380,386,1391,436,1362,3903380172
complementary_plate_gourmet_47,Wagyu,Gourmet,144500,49,3.9,rest_gourmet_17,Alta Cocina,Gourmet,5.6584251,-73.5229242,2024,7,23,1,1,720,1380,720,1380,720,1380,720,1380,720,1380,660,1354,757,1425,
complementary_plate_gourmet_48,Langosta,Gourmet,190500,42,4.5,rest_gourmet_14,Signature,Gourmet,5.627877,-73.521239,2024,8,27,1,1,720,1380,720,1380,720,1380,720,1380,720,1380,779,1385,696,1428,3648662382
complementary_plate_gourmet_49,Magret de Pato,Gourmet,245000,58,4.6,rest_gourmet_4,Signature,Gourmet,5.6580572,-73.5028578,2024,2,20,1,1,600,120,600,120,600,120,600,120,600,120,615,158,618,164,
complementary_plate_gourmet_50,Carpaccio Premium del Chef,Gourmet,300000,41,4.2,rest_gourmet_3,Signature,Gourmet,5.6597928,-73.5143566,2025,11,14,4,0,480,1320,480,1320,480,1320,480,1320,480,1320,531,1345,494,1296,
complementary_plate_gourmet_51,Carpaccio Premium,Gourmet,181500,53,4.6,rest_gourmet_14,Signature,Gourmet,5.6484689,-73.5275339,2025,2,4,1,1,720,1380,720,1380,720,1380,720,1380,720,1380,762,1417,693,1407,
complementary_plate_gourmet_52,Trufa Negra de la Casa,Gourmet,163000,63,5.0,rest_gourmet_4,Le Chef,Gourmet,5.6592457,-73.5189873,2024,3,6,2,1,420,1380,420,1380,420,1380,420,1380,420,1380,360,1433,403,1359,
complementary_plate_gourmet_53,Menú Degustación,Gourmet,128000,44,4.3,rest_gourmet_7,Alta Cocina,Gourmet,5.6427816,-73.5373578,2025,4,22,1,0,600,120,600,120,600,120,600,120,600,120,624,127,573,162,3421790950
complementary_plate_gourmet_54,Magret de Pato,Gourmet,180500,43,4.5,rest_gourmet_11,Le Chef,Gourmet,5.6303817,-73.5010973,2024,4,16,1,1,600,120,600,120,600,120,600,120,600,120,613,156,581,92,3904428313
complementary_plate_gourmet_55,Tataki de Atún,Gourmet,162000,43,4.2,rest_gourmet_9,Le Chef,Gourmet,5.6374798,-73.5255976,2025,9,21,6,0,600,120,600,120,600,120,600,120,600,120,649,180,613,119,3633895917
complementary_plate_gourmet_56,Trufa Negra,Gourmet,225500,52,4.5,rest_gourmet_4,Restaurante de Autor,Gourmet,5.6437424,-73.5208853,2024,11,7,3,0,600,120,600,120,600,120,600,120,600,120,549,150,646,179,3446272117
complementary_plate_gourmet_57,Langosta del Chef,Gourmet,155000,41,3.4,rest_gourmet_16,Restaurante de Autor,Gourmet,5.6229233,-73.5257886,2024,2,15,3,1,480,1320,480,1320,480,1320,480,1320,480,1320,528,1306,462,1297,3741378536
complementary_plate_gourmet_58,Trufa Negra Especial,Gourmet,203500,39,4.1,rest_gourmet_17,Signature,Gourmet,5.6448937,-73.5126995,2025,5,27,1,0,720,1380,720,1380,720,1380,720,1380,720,1380,756,1398,771,1388,
complementary_plate_gourmet_59,Degustación de Autor,Gourmet,124500,58,4.4,rest_gourmet_17,Alta Cocina,Gourmet,5.6592471,-73.5135107,2025,3,13,3,0,720,1380,720,1380,720,1380,720,1380,720,1380,757,1402,770,1421,
complementary_plate_gourmet_60,Foie Gras,Gourmet,239000,37,4.1,rest_gourmet_11,Signature,Gourmet,5.6276043,-73.5113871,2024,6,1,5,0,720,1380,720,1380,720,1380,720,1380,720,1380,662,1360,662,1360,3582220757
